cik,zip,state,city
20,08071-0888,NJ,PITMAN
1750,60191,IL,WOOD DALE
1800,60064-3500,IL,ABBOTT PARK
1923,30339-2029,GA,ALTANTA
2034,11050,NY,PORT WASHINGTON
2062,06050-2350,CT,NEW BRITAIN
2098,06484,CT,SHELTON
2110,02210,MA,BOSTON
2135,75204,TX,DALLAS
2178,77019,TX,HOUSTON
2230,21202,MD,BALTIMORE
2488,95054,CA,SANTA CLARA
2491,89119,NV,LAS VEGAS
2589,55107,MN,ST PAUL
2601,11803,NY,PLAINVIEW
2691,07302,NJ,JERSEY CITY
2969,18106-5500,PA,ALLENTOWN
3116,60045,IL,LAKE FOREST
3133,35203,AL,BIRMINGHAM
3153,35291,AL,BIRMINGHAM
3197,75001,TX,ADDISON
3327,60160,IL,MELROSE PARK
3333,83726,ID,BOISE
3370,19482,PA,VALLEY FORGE
3453,96819,HI,HONOLULU
3499,07652,NJ,PARAMUS
3521,10004,NY,NEW YORK
3545,33913,FL,"FT. MYERS,"
3570,77002,TX,HOUSTON
3673,15601,PA,GREENSBURG
3794,10001,NY,NEW YORK
3906,20006,DC,WASHINGTON
4123,30326-1022,GA,ATLANTA
4127,92617,CA,IRVINE
4164,07073,NJ,EAST RUTHERFORD
4281,15212-5872,PA,PITTSBURGH
4317,84111,UT,SALT LAKE CITY
4344,75247,TX,DALLAS
4405,90071,CA,LOS ANGELES
4447,77002,TX,HOUSTON
4457,89511,NV,RENO
4568,92618,CA,IRVINE
4611,02481,MA,WELLESLEY HILLS
4904,43215,OH,COLUMBUS
4962,10285,NY,NEW YORK
4977,31999,GA,COLUMBUS
5094,30309,GA,ATLANTA
5100,77046,TX,HOUSTON
5117,08054,UT,MT LAUREL
5133,44145,OH,CLEVELAND
5187,07940,NJ,MADISON
5272,10020-1304,NY,NEW YORK
5506,90071,CA,LOS ANGELES
5513,37402,TN,CHATTANOOGA
5768,01821,MA,BILLERICA
5907,07921,NJ,BEDMINSTER
5981,92660,CA,NEWPORT BEACH
6176,15106,PA,CARNEGIE
6201,76155,TX,FORT WORTH
6260,92128,CA,SAN DIEGO
6281,01887,MA,WILMINGTON
6284,01960,MA,PEABODY
6292,55435,MN,MINNEAPOLIS
6314,13057,NY,EAST SYRACUSE
6383,10022,NY,NEW YORK
6571,63017-3406,MO,CHESTERFIELD
6720,10580,NY,RYE
6769,77042,TX,HOUSTON
6814,11714,NY,BETHPAGE
6845,55435,MN,MINNEAPOLIS
6885,77027,TX,HOUSTON
6951,95054-3299,CA,SANTA CLARA
6955,53203-2917,WI,MILWAUKEE
7084,60601,IL,CHICAGO
7332,77389,TX,SPRING
7431,17603,PA,LANCASTER
7536,80112,CO,CENTENNIAL
7623,50514,IA,ARMSTRONG
7645,07932,NJ,FLORHAM PARK
7694,41012,KY,COVINGTON
7789,54301,WI,GREEN BAY
8063,14052-2164,NY,EAST AURORA
8146,02893,RI,WEST WARWICK
8177,30319,GA,ATLANTA
8411,77094,TX,HOUSTON
8670,07068,NJ,ROSELAND
8818,44060,OH,MENTOR
8855,75261,TX,DFW AIRPORT
8858,85034,AZ,PHOENIX
8868,10901,NY,SUFFERN
8947,76107,TX,FORT WORTH
9014,43219,OH,COLUMBUS
9092,53223,WI,MILWAUKEE
9235,92618,CA,IRVINE
9263,15108,PA,MOON TOWNSHIP
9326,07645,NJ,MONTVALE
9342,72902-2400,AR,FORT SMITH
9346,46032,IN,CARMEL
9389,80021,CO,WESTMINSTER
9521,07960,NJ,MORRISTOWN
9534,52761-5886,IA,MUSCATINE
9626,10286,NY,NEW YORK
9779,22102,VA,MCLEAN
9801,54952,WI,MENASHA
9892,07974,NJ,MURRAY HILL
9984,06010,CT,BRISTOL
10048,77046,TX,HOUSTON
10081,07645-1523,NJ,MONTVALE
10329,24055,VA,BASSETT
10427,14604-2701,NY,ROCHESTER
10456,60015,IL,DEERFIELD
10795,07417-1880,NJ,FRANKLIN LAKES
11199,54956,WI,NEENAH
11544,06830,CT,GREENWICH
12208,94547,CA,HERCULES
12355,21286,MD,TOWSON
12570,10017,NY,NEW YORK
12601,50392,IA,DES MOINES
12659,64105,MO,KANSAS CITY
12927,22202,VA,ARLINGTON
12978,60563,IL,NAPERVILLE
13075,90071,CA,LOS ANGELES
13386,15086-7561,PA,WARRENDALE
13573,22312,VA,ALEXANDRIA
13606,85034,AZ,PHOENIX
13610,10041-0006,NY,NEW YORK
14073,20852,MD,ROCKVILLE
14170,68154,NE,OMAHA
14177,92801,CA,ANAHEIM
14195,53222,WI,WAUWATOSA
14272,08543,NJ,PRINCETON
14637,95031,CA,LOS GATOS
14693,40210,KY,LOUISVILLE
14707,63105,MO,ST LOUIS
14803,80202,CO,DENVER
14846,11021-3190,NY,GREAT NECK
14930,60045-3420,IL,METTAWA
14995,32746-5036,FL,HEATHROW
15393,22202,VA,ARLINGTON
15615,33134,FL,CORAL GABLES
15840,64141-6917,MO,KANSAS CITY
16040,02210,MA,BOSTON
16058,20190,VA,RESTON
16099,02109,MA,BOSTON
16160,39157,MS,RIDGELAND
16732,08103,NJ,CAMDEN
16804,T2P 0Z1,A0,CALGARY
16875,T2C 4X9,A0,CALGARY ALBERTA
16918,14614,NY,ROCHESTER
17313,75225,TX,DALLAS
17797,27601,NC,RALEIGH
17843,19103,PA,PHILADELPHIA
18061,97024-9718,OR,FAIRVIEW
18072,98109,WA,SEATTLE
18109,90071,CA,LOS ANGELES
18169,91362,CA,WESTLAKE VILLAGE
18172,60523,IL,OAK BROOK
18180,10003,NY,NEW YORK
18230,75039,TX,IRVING
18255,28273-5975,NC,CHARLOTTE
18349,31901,GA,COLUMBUS
18396,19103,PA,PHILADELPHIA
18498,37214,TN,NASHVILLE
18532,30326,GA,ATLANTA
18568,35233,AL,BIRMINGHAM
18605,64105,MO,KANSAS CITY
18651,61602,IL,PEORIA
18654,62234,IL,COLLINSVILLE
18748,10111,NY,NEW YORK
18808,05701,VT,RUTLAND
18914,46204,IN,INDIANAPOLIS
18926,71203,LA,MONROE
18937,92626,CA,COSTA MESA
19034,77046,TX,HOUSTON
19149,25728,WV,HUNTINGTON
19252,10604,NY,WHITE PLAINS
19353,19020,PA,BENSALEM
19411,85034,AZ,PHOENIX
19446,07424,NJ,LITTLE FALLS
19469,01301,MA,GREENFIELD
19520,37409,TN,CHATTANOOGA
19532,10022,NY,NEW YORK
19584,45202,OH,CINCINNATI
19612,48226,MI,DETROIT
19614,10001,NY,NEW YORK
19617,10017,NY,NEW YORK
19731,23219,VA,RICHMOND
19745,19901,DE,DOVER
20171,07059,NJ,WARREN
20212,40222-5389,KY,LOUISVILLE
20232,11747,NY,MELVILLE
20286,45014,OH,FAIRFIELD
20520,75201,TX,DALLAS
20629,19462,PA,PLYMOUTH MEETING
20639,33065,FL,CORAL SPRINGS
20740,37067,TN,FRANKLIN
21076,94612-1888,CA,OAKLAND
21175,60606,IL,CHICAGO
21178,75240,TX,DALLAS
21212,46515,IN,ELKHART
21344,30313,GA,ATLANTA
21438,01752,MA,MARLBOROUGH
21510,95054,CA,SANTA CLARA
21535,92064-6817,CA,POWAY
21665,10022,NY,NEW YORK
21759,67502,KS,HUTCHINSON
21832,02111,MA,BOSTON
21847,02111,MA,BOSTON
22252,92630,CA,LAKE FOREST
22356,64106,MO,KANSAS CITY
22370,02116,MA,BOSTON
22444,75039,TX,IRVING
22701,11779,NY,RONKONKOMA
22912,21401,MD,ANNAPOLIS
23055,20706-1860,MD,LANHAM
23071,33434-4105,FL,BOCA RATON
23082,22102,VA,TYSONS
23111,14226,NY,AMHERST
23194,75034,TX,FRISCO
23197,85226,AZ,CHANDLER
23217,60654,IL,CHICAGO
23259,28026,NC,CONCORD
23341,08619-0127,NJ,MERCERVILLE
23355,02210,MA,BOSTON
23426,06037-1616,CT,BERLIN
23666,60607,IL,CHICAGO
23675,48105,MI,ANN ARBOR
23795,32789,FL,WINTER PARK
23971,60604,IL,CHICAGO
24090,78758,TX,AUSTIN
24104,60605,IL,CHICAGO
24238,02210,MA,BOSTON
24491,45840,OH,FINDLAY
24545,80401,CO,GOLDEN
24741,14831,NY,CORNING
24751,14830,NY,CORNING
25191,91302,CA,CALABASAS
25212,01863,MA,NORTH CHELMSFORD
25232,30326,GA,ATLANTA
25305,30319,GA,ATLANTA
25354,63103-1790,MO,ST LOUIS
25445,02451,MA,WALTHAM
25475,30092,GA,PEACHTREE CORNERS
25793,02865,RI,LINCOLN
25895,70707,LA,GONZALES
26058,60532,IL,LISLE
26076,92123,CA,SAN DIEGO
26172,47202-3005,IN,COLUMBUS
26262,02116,MA,BOSTON
26324,28036,NC,DAVIDSON
26537,22033,VA,FAIRFAX
26780,43537,OH,MAUMEE
26820,92008,CA,CARLSBAD
26987,93021,CA,MOORPARK
27093,89801,NV,ELKO
27096,07645-9998,NJ,MONTVALE
27419,55403,MN,MINNEAPOLIS
27425,45459,OH,DAYTON
27748,10022,NY,NEW YORK
27751,11553-9357,NY,UNIONDALE
27825,19106-2354,PA,PHILADELPHIA
27904,30354-1989,GA,ATLANTA
27996,55402,MN,MINNEAPOLIS
28367,5180,F4,SHENZHEN
28372,48075,MI,SOUTHFIELD
28385,48226,MI,DETROIT
28412,75201,TX,DALLAS
28452,33432,FL,BOCA RATON
28540,02210,MA,BOSTON
28561,07436,NJ,OAKLAND
28630,07054,NJ,PARSIPPANY
28823,44720,OH,NORTH CANTON
28866,77072,TX,HOUSTON
28917,72201,AR,LITTLE ROCK
29292,10001,NY,NEW YORK
29332,30722,GA,DALTON
29440,94104,CA,SAN FRANCISCO
29534,37072,TN,GOODLETTSVILLE
29644,55431,MN,BLOOMINGTON
29669,60601,IL,CHICAGO
29806,19154-4,PA,PHILADELPHIA
29905,60515,IL,DOWNERS GROVE
29915,48674-2030,MI,MIDLAND
29924,10281,NY,NEW YORK
29989,10017,NY,NEW YORK
30126,60606,IL,CHICAGO
30140,94043,CA,MOUNTAIN VIEW
30146,10286,NY,NEW YORK
30160,10166,NY,NEW YORK
30167,10286,NY,NEW YORK
30302,75019,TX,COPPELL
30305,92626,CA,COSTA MESA
30371,28202,NC,CHARLOTTE
30419,27513,NC,CARY
30554,46268,IN,INDIANAPOLIS
30625,75039,TX,IRVING
30697,43017,OH,DUBLIN
30822,20151,VA,CHANTILLY
30828,60707,IL,CHICAGO
31107,06484,CT,SHELTON
31235,14650-0910,NY,ROCHESTER
31266,02109,MA,BOSTON
31277,44114-2584,OH,CLEVELAND
31347,95054,CA,SANTA CLARA
31462,55102,MN,SAINT PAUL
31617,10165,NY,NEW YORK
31667,74146,OK,TULSA
31791,02451,MA,WALTHAM
31978,79901,TX,EL PASO
32017,75254-1491,TX,DALLAS
32020,71402,PA,YORK
32166,91411-2512,CA,VAN NUYS
32198,30092,GA,NORCROSS
32258,92121,CA,SAN DIEGO
32272,85014,AZ,PHOENIX
32604,63105,MO,ST LOUIS
32621,07054,NJ,PARSIPPANY
32689,64801,MO,JOPLIN
32859,94105,CA,SUITE 1800
32870,60601,IL,CHICAGO
32878,48083,MI,TROY
33002,76065,TX,MIDLOTHIAN
33185,30302,GA,ATLANTA
33213,15317,PA,CANONSBURG
33325,84110,UT,SALT LAKE CITY
33416,16530,PA,ERIE
33533,12866,NY,SARATOGA SPRINGS
33619,98004,WA,BELLEVUE
33656,23217,VA,RICHMOND
33769,43054,OH,NEW ALBANY
34067,80021,CO,BROOMFIELD
34088,77389-1425,TX,SPRING
34115,60192,IL,HOFFMAN ESTATES
34151,44236,OH,HUDSON
34273,01301,MA,GREENFIELD
34285,20871,MD,CLARKSBURG
34339,63132,MO,ST LOUIS
34408,28201-1017,NC,CHARLOTTE
34497,37402,TN,CHATTANOOGA
34549,50266-5997,IA,WEST DES MOINES
34563,76177,TX,FORT WORTH
34645,06401-1601,CT,ANSONIA
34782,46601,IN,SOUTH BEND
34908,48080 1775,MI,ST CLAIR SHORES
35214,44124,OH,MAYFIELD HEIGHTS
35315,02210,MA,BOSTON
35330,02210,MA,BOSTON
35331,02210,MA,BOSTON
35341,02210,MA,BOSTON
35348,02110,MA,BOSTON
35373,02210,MA,BOSTON
35402,02210,MA,BOSTON
35527,45263,OH,CINCINNATI
35616,19106,PA,PHILADELPHIA
35692,77046,TX,HOUSTON
35733,78730,TX,AUSTIN
36029,79601,TX,ABILENE
36032,35023,AL,BIRMINGHAM
36047,92618,CA,IRVINE
36104,55402-7020,MN,MINNEAPOLIS
36146,39201,MS,JACKSON
36270,14203,NY,BUFFALO
36377,96813,HI,HONOLULU
36856,10001,NY,NEW YORK
36966,38103,TN,MEMPHIS
36995,28288-0013,NC,CHARLOTTE
37008,02114,MA,BOSTON
37032,22042-2336,VA,FALLS CHURCH
37472,52001,IA,DUBUQUE
37643,33401,FL,WEST PALM BEACH
37651,32206,FL,JACKSONVILLE
37748,24209,VA,BRISTOL
37785,19104,PA,PHILADELPHIA
37808,15219,PA,PITTSBURGH
37996,48126,MI,DEARBORN
38067,44114,OH,CLEVELAND
38079,77002,TX,HOUSTON
38188,60606,IL,CHICAGO
38264,78701,TX,AUSTIN
38403,10166,NY,NEW YORK
38570,19020,PA,BENSALEM
38721,94403-1906,CA,SAN MATEO
38725,46809,IN,FORT WAYNE
38777,94403,CA,SAN MATEO
38984,75225,TX,DALLAS
39020,11553,NY,MITCHEL FIELD
39092,75601,TX,LONGVIEW
39135,01095,MA,WILBRAHAM
39263,78205,TX,SAN ANTONIO
39273,75247,TX,DALLAS
39311,49525,MI,GRAND RAPIDS
39368,55110-5132,MN,ST PAUL
39436,20814,MD,BETHESDA
39473,92618,CA,IRVINE
39547,28210,NC,CHARLOTTE
39648,55343,MN,MINNETONKA
39677,85253,AZ,SCOTTSDALE
39899,22102-5126,VA,MCLEAN
39911,94105-1205,CA,SAN FRANCISCO
40194,77002,TX,HOUSTON
40211,60606-7147,IL,CHICAGO
40417,10036,NY,NEW YORK
40461,60047,IL,LAKE ZURICH
40533,20190,VA,RESTON
40545,45215,OH,EVENDALE
40570,32256,FL,JACKSONVILLE
40704,55426,MN,MINNEAPOLIS
40729,48226,MI,DETROIT
40730,48265-3000,MI,DETROIT
40888,90245,CA,EL SEGUNDO
40987,30339,GA,ATLANTA
41077,30303,GA,ATLANTA
41133,06074,CT,SOUTH WINDSOR
41499,02199,MA,BOSTON
41719,28269,NC,CHARLOTTE
42293,94612-3575,CA,OAKLAND
42316,32901,FL,MELBOURNE
42542,28217,NC,CHARLOTTE
42582,44316,OH,AKRON
42682,44901,OH,MANSFIELD
42888,55413-1894,MN,MINNEAPOLIS
43196,30319,GA,ATLANTA
43300,07645,NJ,MONTVALE
43350,44114,OH,CLEVELAND
43362,06749,CT,MIDDLEBURY
43498,80111,CO,GREENWOOD VILLAGE
43704,05446,VT,COLCHESTER
43920,43015,OH,DELAWARE
43952,10017,NY,NEW YORK
44201,92618,CA,IRVINE
44402,10104,NY,NEW YORK
44800,22031,VA,FAIRFAX
45012,77032,TX,HOUSTON
45288,02116,MA,BOSTON
45291,02116,MA,BOSTON
45599,30035,GA,DECATUR
45876,19103,PA,PHILADELPHIA
45919,01824,MA,CHELMSFORD
46080,02861,RI,PAWTUCKET
46129,14228,NY,AMHERST
46135,28255,NC,CHARLOTTE
46195,96813,HI,HONOLULU
46250,55113,MN,ROSEVILLE
46267,90245,CA,EL SEGUNDO
46445,44131,OH,SEVEN HILLS
46619,33021,FL,HOLLYWOOD
46640,15222-5448,PA,PITTSBURGH
46653,33762,FL,CLEARWATER
46709,02048,MA,MANSFIELD
46765,74120,OK,TULSA
46989,19894-0001,DE,WILMINGTON
47035,17603-4092,PA,LANCASTER
47111,17033,PA,HERSHEY
47217,94304,CA,PALO ALTO
47288,10017,NY,NEW YORK
47518,60601,IL,CHICAGO
47580,90210,CA,BEVERLY HILLS
48039,75201,TX,DALLAS
48287,52761-7109,IA,MUSCATINE
48465,55912-3680,MN,AUSTIN
48595,10604,NY,WHITE PLAINS
48898,06484-1000,CT,SHELTON
49029,32805,FL,ORLANDO
49196,43287,OH,COLUMBUS
49401,02421,MA,LEXINGTON
49534,76710,TX,WACO
49600,39157,MS,RIDGELAND
49728,14513,NY,NEWARK
49754,91103,CA,PASADENA
49826,60025,IL,GLENVIEW
49905,19087,PA,WAYNE
49930,33069,FL,POMPANO BEACH
49975,02462,MA,NEWTON
50013,92618,CA,IRVINE
50104,45840-3229,OH,FINDLAY
50142,90071,CA,LOS ANGELES
50341,02110,MA,BOSTON
50493,28816,NC,ASHEVILLE
50691,10017,NY,NEW YORK
50710,02140,MA,CAMBRIDGE
50725,10019,NY,NEW YORK
50863,95054,CA,SANTA CLARA
50957,63105,MO,ST LOUIS
51103,91754,CA,MONTEREY PARK
51143,10504,NY,ARMONK
51253,10019,NY,NEW YORK
51410,55305-1060,MN,MINNETONKA
51434,38197,TN,MEMPHIS
51644,10022,NY,NEW YORK
51931,90071,CA,LOS ANGELES
51939,60613,IL,CHICAGO
52136,02199,MA,BOSTON
52466,02172,MA,WATERTOWN
52532,90066,CA,LOS ANGELES
52617,47201,IN,COLUMBUS
52795,60026,IL,GLENVIEW
52827,32097,FL,WILDLIGHT
52848,19482,PA,VALLEY FORGE
52858,66202,KS,OVERLAND PARK
52969,07607,NJ,MAYWOOD
52988,75201,TX,DALLAS
53192,02116,MA,BOSTON
53260,13850,NY,VESTAL
53347,27401,NC,GREENSBORO
53669,53201,WI,MILWAUKEE
53808,10286,NY,NEW YORK
54003,90262,CA,LYNWOOD
54056,53203,WI,MILWAUKEE
54381,06002,CT,BLOOMFIELD
54441,77042,TX,HOUSTON
54473,64111-2565,MO,KANSAS CITY
54480,64105,MO,KANSAS CITY
54502,77002,TX,HOUSTON
54507,66612,KS,TOPEKA
54681,90071,CA,LOS ANGELES
54883,02129,MA,BOSTON
54991,44139,OH,SOLON
55067,60654,IL,CHICAGO
55080,63017,MO,CHESTERFIELD
55135,48084,MI,TROY
55189,10022-6225,NY,NEW YORK
55242,15219,PA,PITTSBURGH
55362,40602,KY,FRANKFORT
55529,28677,NC,STATESVILLE
55604,75240,TX,DALLAS
55698,02322-1171,MA,AVON
55772,47546-2256,IN,JASPER
55785,75038,TX,IRVING
55805,74135,OK,TULSA
55820,36104,AL,MONTGOMERY
56047,77007,TX,HOUSTON
56362,49505,MI,GRAND RAPIDS
56679,90067,CA,LOS ANGELES
56701,53212,WI,MILWAUKEE
56873,45201,OH,CINCINNATI
57055,63005,MO,CHESTERFIELD
57131,48162,MI,MONROE
57139,63124,MO,ST LOUIS
57497,44122-7313,OH,CLEVELAND
57515,43082,OH,WESTERVILLE
57528,28277,NC,CHARLOTTE
58361,52807,IA,DAVENPORT
58492,64836,MO,CARTHAGE
58592,10017,NY,NEW YORK
59229,29601,SC,GREENVILLE
59255,75240,TX,DALLAS
59440,33137,FL,MIAMI
59478,46285,IN,INDIANAPOLIS
59527,44117,OH,CLEVELAND
59558,19087,PA,RADNOR
59560,46802,IN,FORT WAYNE
60086,10019-2714,NY,NEW YORK
60302,98632,WA,LONGVIEW
60332,02110,MA,BOSTON
60335,02110,MA,BOSTON
60519,37203,TN,NASHVILLE
60549,40202,KY,LOUISVILLE
60667,28117,NC,MOORESVILLE
60714,73116-2238,OK,OKLAHOMA CITY
60751,44092,OH,WICKLIFFE
60849,75902-0849,TX,LUFKIN
60876,02053,MA,MEDWAY
60945,55415,MN,MINNEAPOLIS
60977,06045-0151,CT,MANCHESTER
61004,32804,FL,ORLANDO
61138,06702,CT,WATERBURY
61397,02210,MA,BOSTON
61398,77002,TX,HOUSTON
61478,55344,MN,EDEN PRAIRIE
61628,55101,MN,ST PAUL
61630,55101,MN,ST PAUL
61986,53224,WI,MILWAUKEE
62234,53202-6633,WI,MILWAUKEE
62262,90503,CA,TORRANCE
62709,10036,NY,NEW YORK
62737,46256,IN,INDIANAPOLIS
62741,53202,WI,MILWAUKEE
62996,48152,MI,LIVONIA
63276,90245,CA,EL SEGUNDO
63296,15212-5851,PA,PITTSBURGH
63330,96761,HI,LAHAINA
63416,63101,MO,ST LOUIS
63541,50208,IA,NEWTON
63754,21031,MD,HUNT VALLEY
63814,77056-3058,TX,HOUSTON
63908,60607,IL,CHICAGO
64040,10041,NY,NEW YORK
64247,61550,IL,MORTON
64279,70112,LA,NEW ORLEANS
64463,12205,NY,ALBANY
64578,55112,MN,NEW BRIGHTON
64670,55432,MN,MINNEAPOLIS
64782,15258-0001,PA,PITTSBURGH
64803,02895,RI,WOONSOCKET
64892,93111,CA,SANTA BARBARA
64908,21203,MD,BALTIMORE
64978,07065,NJ,RAHWAY
64996,90010,CA,LOS ANGELES
65011,50309,IA,DES MOINES
65100,10080,NY,NEW YORK
65109,19809,DE,WILMINGTON
65270,48034,MI,SOUTHFILED
65433,21046,MD,COLUMBIA
65759,75040,TX,GARLAND
65770,98052,WA,REDMOND
65873,72202,AR,LITTLE ROCK
65984,70113,LA,NEW ORLEANS
66004,08830,NJ,ISELIN
66025,45102-2607,OH,AMELIA
66117,45202-4203,OH,CINCINNATI
66382,49464-0302,MI,ZEELAND
66479,01821,MA,BILLERICA
66570,16066,PA,CRANBERRY TOWNSHIP
66740,55144-1000,MN,ST PAUL
66756,55802-2093,MN,DULUTH
66895,39194,MS,YAZOO CITY
66960,64105-1711,MO,KANSAS CITY
67160,01111,MA,SPRINGFIELD
67215,33401,FL,WEST PALM BEACH
67279,55428,MN,MINNEAPOLIS
67347,53403,WI,RACINE
67472,60532,IL,LISLE
67590,07102-4077,NJ,NEWARK
67625,07733,NJ,HOLMDEL
67716,58503,ND,BISMARCK
67813,04101,ME,PORTLAND
67887,14052,NY,EAST AURORA
67931,60015,IL,BANNOCKBURN
68145,44128,OH,CLEVELAND
68270,37804,TN,MARYVILLE
68505,60661,IL,CHICAGO
68709,55344-2290,MN,EDEN PRAIRIE
68726,65802,MO,SPRINGFIELD
69407,02109-1820,MA,BOSTON
69422,90025,CA,LOS ANGELES
69488,44301,OH,AKRON
69499,15317,PA,CANONSBURG
69633,11701,NY,AMITYVILLE
69671,55435-0355,MN,SOUTH MINNEAPOLIS
69680,03063,NH,NASHUA
69752,10001,NY,NEW YORK
69891,33324,FL,FT. LAUDERDALE
69970,44114,OH,CLEVELAND
70033,30329,GA,ATLANTA
70145,14221-5887,NY,WILLIAMSVILLE
70318,75254,TX,DALLAS
70415,21044,MD,COLUMBIA
70487,68508,NE,LINCOLN
70530,95052-8090,CA,SANTA CLARA
70684,78752-1602,TX,AUSTIN
70793,11716,NY,BOHEMIA
70858,28255,NC,CHARLOTTE
70866,30308,GA,ATLANTA
71023,37214-1000,TN,NASHVILLE
71241,08818-4005,NJ,EDISON
71478,94566,CA,PLEASANTON
71516,90071,CA,LOS ANGELES
71525,16366,PA,WARREN
71691,10018,NY,NEW YORK
71701,85756,AZ,TUCSON
71829,77381,TX,THE WOODLANDS
71958,53202,WI,MILWAUKEE
72020,60563,IL,NAPERVILLE
72162,75240-2620,TX,DALLAS
72205,34474,FL,OCALA
72207,77070,TX,HOUSTON
72243,23607,VA,NEWPORT NEWS
72331,44145,OH,WESTLAKE
72333,98101-4407,WA,SEATTLE
72418,55343,MN,MINNETONKA
72573,07652,NJ,PARAMUS
72633,03431,NH,KEENE
72741,01104,MA,SPRINGFIELD
72903,55401,MN,MINNEAPOLIS
72911,L4V 1R9,A6,MISSISSAUGA
72971,94105,CA,SAN FRANCISCO
73020,97204,OR,PORTLAND
73088,57108,SD,SIOUX FALLS
73124,60603,IL,CHICAGO
73309,28211,NC,CHARLOTTE
73756,77086,TX,HOUSTON
73822,19020,PA,BENSALEM
73887,77042,TX,HOUSTON
73952,45014,OH,FAIRFIELD
74046,60611,IL,CHICAGO
74058,53219,WI,MILWAUKEE
74208,80129,CO,HIGHLANDS RANCH
74260,60601,IL,CHICAGO
74303,63105,MO,CLAYTON
74585,13421,NY,ONEIDA
74658,80112-3924,CO,CENTENNIAL
74663,02109,MA,BOSTON
74673,80112-3924,CO,CENTENNIAL
74676,80112-3924,CO,CENTENNIAL
74691,06050,CT,NEW BRITAIN
74783,51503,IA,COUNCIL BLUFFS
75042,54901,WI,OSHKOSH
75129,56538-0496,MN,FERGUS FALLS
75208,33602,FL,TAMPA
75362,98004,WA,BELLEVUE
75398,10018,MD,NEW YORK
75488,94612,CA,OAKLAND
75659,98168,WA,SEATTLE
75677,60045,IL,LAKE FOREST
75681,10604,NY,WHITE PLAINS
75829,11050,NY,PORT WASHINGTON
76174,33773,FL,LARGO
76210,90025,CA,LOS ANGELES
76267,11747,NY,MELVILLE
76282,44124,OH,CLEVELAND
76321,77046,TX,HOUSTON
76334,44124-4141,OH,CLEVELAND
76605,46516,IN,ELKHART
76721,03801-3852,NH,PORTSMOUTH
77106,18916,PA,DANBORO
77159,77084,TX,HOUSTON
77281,19103,PA,PHILADELPHIA
77360,TW13QS,X0,LONDON
77385,60601-6207,IL,CHICAGO
77449,19132,PA,PHILADELPHIA
77476,10577,NY,PURCHASE
77543,91342,CA,SYLMAR
77551,06851,CT,NORWALK
77597,63105,MO,CLAYTON
77776,08054,NJ,MT. LAUREL
77877,80202,CO,DENVER
78003,10001-2192,NY,NEW YORK
78066,85004-3089,AZ,PHOENIX
78128,19010-3489,PA,BRYN MAWR
78239,10017,NY,NEW YORK
78460,28202,NC,CHARLOTTE
78536,60606,IL,CHICAGO
78713,02109,MA,BOSTON
78749,30022,GA,ALPHARETTA
78758,02109,MA,BOSTON
78814,06484,CT,SHELTON
78890,23226-1800,VA,RICHMOND
78966,48837,MI,GRAND LEDGE
79225,02021,MA,CANTON
79282,32114,FL,DAYTONA BEACH
79661,90025,CA,LOS ANGELES
79677,55433-8003,MN,MINNEAPOLIS
79716,99201,WA,SPOKANE
79879,15272,PA,PITTSBURGH
79958,97035,OR,LAKE OSWEGO
80035,44101,OH,CLEVELAND
80124,10960,NY,NYACK
80293,07004,NJ,FAIRFIELD
80420,77075,TX,HOUSTON
80424,45202,OH,CINCINNATI
80661,44143,OH,MAYFIELD VILLAGE
80941,07102,NJ,NEWARK
81050,10019,NY,NEW YORK
81061,33811,FL,LAKELAND
81205,02210,MA,BOSTON
81251,02110,MA,BOSTON
81362,19428,PA,CONSHOHOCKEN
81443,10001,NY,NEW YORK
81955,14203,NY,BUFFALO
82020,75240,TX,DALLAS
82166,57117,SD,SIOUX FALLS
82628,95131-1017,CA,SAN JOSE
82811,53203-2903,WI,MILWAUKEE
83527,01608,MA,WORCESTER
83588,45430,OH,DAYTON
83612,27102,NC,WINSTON-SALEM
84129,19112,PA,PHILADELPHIA
84237,85756,AZ,TUCSON
84246,61615,IL,PEORIA
84278,24038-3948,VA,ROANOKE
84290,77378,TX,WILLIS
84581,05654,VT,GRANITEVILLE
84748,85224,AZ,CHANDLER
84792,19106,PA,PHILADELPHIA
84839,30324,GA,ATLANTA
85388,21044-3456,MD,COLUMBIA
85408,EC4N 6AF,X0,LONDON
85535,80202,CO,DENVER
85704,28105,NC,MATTHEWS
85812,35011,AL,ALEXANDER CITY
85961,33134,FL,MIAMI
85974,91361-3027,CA,WESTLAKE VILLAGE
86104,98154,WA,SEATTLE
86115,19087,PA,RADNOR
86144,94588,CA,PLEASANTON
86312,55102,MN,SAINT PAUL
86317,06104-2999,CT,HARTFORD
86759,90025,CA,LOS ANGELES
87086,06040,CT,MANCHESTER
87196,90211-2795,CA,BEVERLY HILLS
87347,77056,TX,HOUSTON
87565,44333,OH,FAIRLAWN
87777,30044,GA,LAWRENCEVILLE
87864,90401,CA,SANTA MONICA
88000,10016,NY,NEW YORK
88051,10154-0004,NY,NEW YORK
88053,10022-6225,NY,NEW YORK
88063,10022-6225,NY,NEW YORK
88064,10022-6225,NY,NEW YORK
88121,66202,KS,SHAWNEE MISSION
88205,28277,NC,CHARLOTTE
88498,66636-0001,KS,TOPEKA
88525,20850,MD,ROCKVILLE
88565,66636-0001,KS,TOPEKA
88676,66636-0001,KS,TOPEKA
88790,55112,MN,ARDEN HILLS
88808,85756,AZ,TUCSON
88941,93012-8790,CA,CAMARILLO
88948,14505,NY,MARION
89012,54481,WI,STEVENS POINT
89043,10111,NY,NEW YORK
89089,77019,TX,HOUSTON
89140,14059,NY,ELMA
89439,38017,TN,COLLIERVILLE
89800,44113,OH,CLEVELAND
90045,18042,PA,EASTON
90185,63103,MO,ST LOUIS
90283,95056,CA,SANTA CLARA
90896,48084,MI,TROY
91142,53224,WI,MILWAUKEE
91388,23430,VA,SMITHFIELD
91419,44667,OH,ORRVILLE
91440,53143,WI,KENOSHA
91576,44114-1306,OH,CLEVELAND
91741,02458,MA,NEWTON
91767,29551-0160,SC,HARTSVILLE
91847,53212,WI,MILWAUKEE
91928,08037,NJ,FOLSOM
92081,35203,AL,BIRMINGHAM
92103,91770,CA,ROSEMEAD
92122,30308,GA,ATLANTA
92230,28202,NC,CHARLOTTE
92275,23510,VA,NORFOLK
92339,36117,AL,MONTGOMERY
92344,75204,TX,DALLAS
92380,75235,TX,DALLAS
92416,89113,NV,LAS VEGAS
92472,90017-3782,CA,LOS ANGELES
92751,10004,NY,NEW YORK
92769,16415,PA,FAIRVIEW
93319,27893,NC,WILSON
93384,11788,NY,HAUPPAUGE
93389,11101,NY,LONG ISLAND CITY
93410,77002,TX,HOUSTON
93444,19046,PA,JENKINTOWN
93451,10019-6108,NY,NEW YORK
93542,60143,IL,ITASCA
93556,06053,CT,NEW BRITAIN
93621,14625-2807,NY,ROCHESTER
93676,01331,MA,ATHOL
93715,61791-0001,IL,BLOOMINGTON
93730,01653-1959,MA,WORCHESTER
93751,02114,MA,BOSTON
93859,78257,TX,SAN ANTONIO
94049,60093,IL,NORTHFIELD
94056,33309,FL,FORT LAUDERDALE
94328,77008,TX,HOUSTON
94344,77056,TX,HOUSTON
94538,03079,NH,SALEM
94673,80028-4309,CO,LOUISVILLE
94784,02466,MA,AUBURNDALE
94845,94111,CA,SAN FRANCISCO
94887,02421,MA,LEXINGTON
95029,27027,NC,MAYODAN
95052,33027,FL,PEMBROKE PINES
95301,10166,NY,NEW YORK
95304,19103-7583,PA,PHILADELPHIA
95521,55344,MN,EDEN PRAIRIE
95552,48033,MI,SOUTHFIELD
95574,33701,FL,ST. PETERSBURG
95585,07645,NJ,MONTVALE
95603,10022-6225,NY,NEW YORK
95953,60173,IL,SCHAUMBURG
96021,77077,TX,HOUSTON
96057,92123,CA,SAN DIEGO
96223,10022,NY,NEW YORK
96287,76107,TX,FORT WORTH
96289,76102,TX,FORT WORTH
96412,19112,PA,PHILADELPHIA
96638,19477,PA,SPRING HOUSE
96763,92128,CA,SAN DIEGO
96793,30339,GA,ATLANTA
96831,48108,MI,ANN ARBOR
96869,93243,CA,LEBEC
96879,97077,OR,BEAVERTON
96943,19087,PA,WAYNE
97052,34221,FL,PALMETTO
97098,19809,DE,WILMINGTON
97134,55344,MN,EDEN PRAIRIE
97196,10022,NY,NEW YORK
97210,01864,MA,NORTH READING
97216,06851,CT,NORWALK
97472,75247-6913,TX,DALLAS
97476,75266,TX,DALLAS
97745,02451,MA,WALTHAM
97854,38125,TN,MEMPHIS
97886,40207,KY,LOUISVILLE
98222,77024,TX,HOUSTON
98246,10022,NY,NEW YORK
98362,44720-5450,OH,NORTH CANTON
98410,80202,CO,DENVER
98537,98134,WA,SEATTLE
98677,60629,IL,CHICAGO
98720,75009,I0,PARIS
98827,64105,MO,KANSAS CITY
99047,10005,NY,NEW YORK
99106,10022,NY,NEW YORK
99188,90025,CA,LOS ANGELES
99197,80202,CO,DENVER
99203,90025,CA,LOS ANGELES
99302,14624,NY,ROCHESTER
99359,44114,OH,CLEVELAND
99440,02116-3700,MA,BOSTON
99444,02116-3700,MA,BOSTON
99614,02210,MA,BOSTON
99780,75254,TX,DALLAS
100122,85701,AZ,TUCSON
100331,91367,CA,WOODLAND HILLS
100334,64111,MO,KANSAS CITY
100378,53403,WI,RACINE
100493,72765-2020,AR,SPRINGDALE
100517,60606,IL,CHICAGO
100591,22203,VA,ARLINGTON
100716,91302,CA,CALABASAS
100726,27419-9109,NC,GREENSBORO
100786,55474,MN,MINNEAPOLIS
100802,55474,MN,MINNEAPOLIS
100826,63166,MO,ST LOUIS
100885,68179,NE,OMAHA
100893,38119,TN,MEMPHIS
101063,28202,NC,CHALOTTE
101122,66202,KS,OVERLAND PARK
101199,52401,IA,CEDAR RAPIDS
101271,21030,MD,HUNT VALLEY
101382,64106,MO,KANSAS CITY
101424,84060,UT,PARK CITY
101507,04101,ME,PORTLAND
101778,77253-3128,TX,HOUSTON
101829,22209,VA,ARLINGTON
101830,66251,KS,OVERLAND PARK
101844,38150,TN,MEMPHIS
101984,85254,AZ,SCOTTSDALE
101990,70562,LA,NEW IBERIA
102037,23235,VA,RICHMOND
102212,18964,PA,SOUDERTON
102379,94111,CA,SAN FRANCISCO
102401,78288-0227,TX,SAN ANTONIO
102729,68154,NE,OMAHA
102741,55415,MN,MINNEAPOLIS
102752,33025,FL,MIRAMAR
102756,34236,FL,SARASOTA
102767,34236,FL,SARASOTA
102816,02109,MA,BOSTON
102818,02109,MA,BOSTON
103096,06095,CT,WINDSOR
103145,11803,NY,PLAINVIEW
103341,02721,MA,FALL RIVER
103361,19109,PA,PHILADELPHIA
103379,80202,CO,DENVER
103595,07081,NJ,SPRINGFIELD
103730,19355,PA,MALVERN
103872,92865,CA,ORANGE
103884,37203,TN,NASHVILLE
103973,35242,AL,BIRMINGHAM
104169,72716,AR,BENTONVILLE
104207,60015,IL,DEERFIELD
104599,23233,VA,RICHMOND
104777,19106,PA,PHILADELPHIA
104865,90071,CA,LOS ANGELES
104889,22209,VA,ARLINGTON
104894,20814,MD,BETHESDA
104918,99202,WA,SPOKANE
104987,55441,MN,MINNEAPOLIS
105006,95134,CA,SAN JOSE
105016,33133,FL,COCONUT GROVE
105076,54455,WI,MOSINEE
105132,92131,CA,SAN DIEGO
105319,10011,NY,NEW YORK
105377,77046,TX,HOUSTON
105418,17801,PA,SUNBURY
105608,60446,IL,ROMEOVILLE
105634,06851,CT,NORWALK
105668,43017,OH,DUBLIN
105729,91101,CA,PASADENA
105770,19341,PA,EXTON
106040,95119,CA,SAN JOSE
106374,33131,FL,MIAMI
106455,80112,CO,ENGLEWOOD
106532,53312,WI,GLENDALE
106535,98104,WA,SEATTLE
106618,10022,NY,NEW YORK
106640,49022-2692,MI,BENTON HARBOR
106926,70130,LA,NEW ORLEANS
107140,07030,NJ,HOBOKEN
107263,74172,OK,TULSA
107454,07936,NJ,EAST HANOVER
107681,32254,FL,JACKSONVILLE
107687,55347,MN,EDEN PRAIRIE
107822,53202,WI,MILWAUKEE
107832,53718-2148,WI,MADISON
107874,75225,TX,DALLAS
108215,60015,IL,DEERFIELD
108312,80524,CO,FORT COLLINS
108385,29601,SC,GREENVILLE
108516,43085,OH,COLUMBUS
108601,60611,IL,CHICAGO
109156,75038,TX,IRVING
109177,53562,WI,MIDDLETON
109198,01701,MA,FRAMINGHAM
109261,91367,CA,WOODLAND HILLS
109312,53202,WI,MILWAUKEE
109380,84133,UT,SALT LAKE CITY
109471,33765,FL,CLEARWATER
109563,44115-5056,OH,CLEVELAND
109758,21046,MD,COLUMBIA
109831,93111-2919,CA,SANTA BARBARA
110055,08536,DE,WILMINGTON
110230,37402,TN,CHATTANOOGA
110430,77024,TX,HOUSTON
110471,49351,MI,ROCKFORD
110536,91302,CA,CALABASAS
110621,44258,OH,MEDINA
110698,62715-0001,IL,SPRINGFIELD
200138,05401,VT,BURLINGTON
200159,98101,WA,SEATTLE
200406,08933,NJ,NEW BRUNSWICK
200489,02199,MA,BOSTON
201461,90210,CA,BEVERLY HILLS
201533,49201,MI,JACKSON
201670,19106-2354,PA,PHILADELPHIA
201801,15086-7561,PA,WARRENDALE
202032,77046,TX,HOUSTON
202058,32919,FL,MELBOURNE
202375,10017,NY,NEW YORK
202679,02109-1820,MA,BOSTON
202741,19809,DE,WILMINGTON
202890,44122,OH,BEACHWOOD
203002,85756,AZ,TUCSON
203077,55117,MN,ST PAUL
203142,10022-6225,NY,NEW YORK
203200,43017,OH,DUBLIN
203248,75219,TX,DALLAS
203527,94304-1038,CA,PALO ALTO
203596,26003,WV,WHEELING
205007,77046,TX,HOUSTON
205010,77046,TX,HOUSTON
205323,02210,MA,BOSTON
205520,95113,CA,SAN JOSE
205545,10004,NY,NEW YORK
205700,01471,MA,GROTON
206030,06067,CT,ROCKY HILL
215219,75234-8923,TX,DALLAS
215310,55303,MN,RAMSEY
215403,44136,OH,STRONGSVILLE
215419,08086,NJ,THOROFARE
215466,60606,IL,CHICAGO
215740,02114,MA,BOSTON
215829,02210,MA,BOSTON
215952,45209,OH,CINCINNATI
216039,60661,IL,CHICAGO
216085,30342,GA,ATLANTA
216228,06902,CT,STAMFORD
216275,17233,PA,MCCONNELLSBURG
216324,91311,CA,CHATSWORTH
216539,23219,VA,RICHMOND
216851,21202,MD,BALTIMORE
217087,20850,MD,ROCKVILLE
217346,02903,RI,PROVIDENCE
225030,20037,DC,WASHINGTON
225051,90220,CA,COMPTON
225263,92714,CA,IRVINE
225322,02210,MA,BOSTON
225323,02210,MA,BOSTON
225399,19809,DE,WILMINGTON
225463,45342,OH,MIAMISBURG
225628,06901,CT,STAMFORD
225635,19809,DE,WILMINGTON
225648,07960,NJ,MORRISTOWN
225789,90211,CA,BEVERLY HILLS
225843,05604,VT,MONTPELIER
225868,03063,NH,NASHUA
225930,33301-1923,FL,FORT LAUDERDALE
230131,34232,FL,SARASOTA
230463,77002,TX,HOUSTON
230498,30071,GA,NORCROSS
230557,07890,NJ,BRANCHVILLE
275053,84048,UT,LEHI
275309,02210,MA,BOSTON
275694,28202,NC,CHARLOTTE
275811,10004,NY,NEW YORK
275857,80112-3924,CO,CENTENNIAL
275858,20874,MD,GERMANTOWN
275880,20120,VA,CENTREVILLE
276209,06413,CT,CLINTON
276283,84108,UT,SALT LAKE CITY
276300,21202,MD,BALTIMORE
276400,43215,OH,COLUMBUS
276516,02110,MA,BOSTON
276716,02111,MA,BOSTON
276720,80137,CO,WATKINS
276776,02109,MA,BOSTON
276889,77027,TX,HOUSTON
277058,89119,NV,LAS VEGAS
277135,60045-5201,IL,LAKE FOREST
277158,48060,MI,PORT HURON
277375,40391,KY,WINCHESTER
277509,60515,IL,DOWNERS GROVE
277585,10016,NY,NEW YORK
277595,35203-2707,AL,BIRMINGHAM
277638,44240-5193,OH,KENT
277751,80206,CO,DENVER
277924,80202,CO,DENVER
277928,11717,NY,EDGEWOOD
277948,32202,FL,JACKSONVILLE
278001,02210,MA,BOSTON
278041,70130,LA,NEW ORLEANS
278130,76134,TX,FORT WORTH
278166,85012,AZ,PHOENIX
278352,11742-1300,NY,HOLTSVILLE
310056,11788,NY,HAUPPAUGE
310142,53202-5304,WI,MILWAUKEE
310158,07065,NJ,RAHWAY
310316,GY1 3RR,X0,"GUERNSEY, C.I."
310354,03079,NH,SALEM
310433,18612-9799,PA,DALLAS
310522,20005,DC,WASHINGTON
310568,85224,AZ,CHANDLER
310569,63118-1852,MO,ST LOUIS
310624,22033,VA,FAIRFAX
310764,49002,MI,PORTAGE
311046,06708,CT,WATERBURY
311094,94901,CA,SAN RAFAEL
311101,40507,KY,LEXINGTON
311407,92618,CA,IRVINE
311471,74101-3102,OK,TULSA
311505,92606,CA,IRVINE
311847,10036,NY,NEW YORK
311871,97201,OR,PORTLAND
311884,02210,MA,BOSTON
312538,80112-3924,CO,CENTENNIAL
312555,80112-3924,CO,CENTENNIAL
313136,43219,OH,COLUMBUS
313143,02110,MA,BOSTON
313180,48034,MI,SOUTHFIELD
313212,21231,MD,BALTIMORE
313337,53154,WI,OAK CREEK
313397,10154-0004,NY,NEW YORK
313616,20037-1701,DC,WASHINGTON
313716,14902,NY,ELMIRA
313749,75038,TX,IRVING
313927,08628,NJ,EWING
314132,92503,CA,RIVERSIDE
314237,90211,CA,BEVERLY HILLS
314340,06830,CT,GREENWICH
314366,10036,NY,NEW YORK
314436,97006,OR,BEAVERTON
314650,63131,MO,ST. LOUIS
314690,29602,SC,GREENVILLE
314727,48084-4142,MI,TROY
314808,HM 11,D0,HAMILTON
315131,76107,TX,FORT WORTH
315189,61265-8098,IL,MOLINE
315213,94025,CA,MENLO PARK
315293,D02 VR98,L2,DUBLIN 2
315374,46268,IN,INDIANAPOLIS
315428,89113-0189,NV,LAS VEGAS
315449,80504,CO,LONGMONT
315554,02116,MA,BOSTON
315665,02111,MA,BOSTON
315700,02210,MA,BOSTON
315709,78040-1359,TX,LAREDO
315754,45242,OH,CINCINNATI
315774,04101,ME,PORTLAND
315812,10036,NY,NEW YORK
315852,76102,TX,FT WORTH
315858,33301,FL,FORT LAUDERDALE
316206,06902,CT,STAMFORD
316220,29602,SC,GREENVILLE
316253,11735,NY,FARMINGDALE
316300,75251,TX,DALLAS
316312,96811,HI,HONOLULU
316709,76262,TX,WESTLAKE
316770,45202,OH,CINCINNATI
316793,90245,CA,EL SEGUNDO
317031,02110,MA,BOSTON
317093,60154,IL,WESTCHESTER
317158,M1L 2H5,A6,ONTARIO CANADA
317540,28211,NC,CHARLOTTE
317771,60563,IL,NAPERVILLE
317872,40232,KY,LOUISVILLE
317947,02116,MA,BOSTON
318107,80202,CO,DENVER
318154,91320,CA,THOUSAND OAKS
318192,02110,MA,BOSTON
318300,45750-0738,OH,MARIETTA
318306,44103,OH,CLEVELAND
318380,91201-2349,CA,GLENDALE
318478,10286,NY,NEW YORK
318673,84157,UT,SALT LAKE CITY
318771,94080,CA,SOUTH SAN FRANCISCO
318833,77478,TX,SUGAR LAND
318835,90803,CA,LONG BEACH
318986,90211,CA,BEVERLY HILLS
318996,77010,TX,HOUSTON
319108,19809,DE,WILMINGTON
319126,10523,NY,ELMSFORD
319191,95035,CA,MILPITAS
319201,95035,CA,MILPITAS
319256,60179,IL,HOFFMAN ESTATES
319450,95119,CA,SAN JOSE
319459,77010,TX,HOUSTON
319654,75219-4518,TX,DALLAS
319676,20036,DC,WASHINGTON
319687,60606,IL,CHICAGO
319697,30319,GA,ATLANTA
319767,80112-3924,CO,CENTENNIAL
319815,92123,CA,SAN DIEGO
320121,20147,VA,ASHBURN
320186,77042-4136,TX,HOUSTON
320187,97005-6453,OR,BEAVERTON
320193,95014,CA,CUPERTINO
320254,02210,MA,BOSTON
320333,07086,NJ,WEEHAWKEN
320335,75070,TX,MCKINNEY
320345,21046-2289,MD,COLUMBIA
320351,02210,MA,BOSTON
320431,90040,CA,COMMERCE
320575,77064,TX,HOUSTON
350066,85281,AZ,TEMPE
350077,60085,IL,WAUKEGAN
350181,10001,NY,NEW YORK
350199,10018,NY,NEW YORK
350426,77002,TX,HOUSTON
350563,33602,FL,TAMPA
350621,16801,PA,STATE COLLEGE
350692,55343-9420,MN,MINNETONKA
350698,33301,FL,FORT LAUDERDALE
350750,32746,FL,LAKE MARY
350832,89169,NV,LAS VEGAS
350847,20006,DC,WASHINGTON
350852,41502-2947,KY,PIKEVILLE
350868,78746,TX,AUSTIN
350894,19456-1100,PA,OAKS
350900,33301-1923,FL,FORT LAUDERDALE
350907,94588,CA,PLEASANTON
350917,92626,CA,COSTA MESA
351012,12110-0461,NY,LATHAM
351077,48502,MI,FLINT
351145,35894-0001,AL,HUNTSVILLE
351231,79701,TX,MIDLAND
351298,55386,MN,VICTORIA
351346,46582,IN,WARSAW
351541,33306,FL,FT LAUDERDALE
351569,30305,GA,ATLANTA
351710,90017,CA,LOS ANGELES
351717,14481,NY,LEICESTER
351721,75024,TX,PLANO
351817,77024,TX,HOUSTON
351834,55344,MN,EDEN PRAIRIE
351903,10019,NY,NEW YORK
352305,94618,CA,OAKLAND
352363,10016,NY,NEW YORK
352510,11747,NY,MELVILLE
352541,53718-2148,WI,MADISON
352665,07102,NJ,NEWARK
352667,45202-4203,OH,CINCINNATI
352789,92130,CA,SAN DIEGO
352825,15220,PA,PITTSBURGH
352915,19406,PA,KING OF PRUSSIA
352947,08830,NJ,ISELIN
352988,22314,VA,ALEXANDRIA
352998,08310,NJ,BUENA
353020,63005,MO,CHESTERFIELD
353101,15086-7561,PA,WARRENDALE
353184,28262,NC,CHARLOTTE
353230,45202,OH,CINCINNATI
353316,94403-1906,CA,SAN MATEO
353394,20190,VA,RESTON
353447,10154-0004,NY,NEW YORK
353482,33324,FL,PLANTATION
353567,77057,TX,HOUSTON
353569,92121,CA,SAN DIEGO
353905,43215,OH,COLUMBUS
353944,89113,NV,LAS VEGAS
354046,02210,MA,BOSTON
354185,66636-0001,KS,TOPEKA
354190,60008-4050,IL,ROLLING MEADOWS
354562,33144,FL,MIAMI
354631,53202,WI,MILWAUKEE
354647,91764,CA,ONTARIO
354707,96813,HI,HONOLULU
354869,44308,OH,AKRON
354908,91360,CA,THOUSAND OAKS
354913,19406-1409,PA,KING OF PRUSSIA
354950,30339-4024,GA,ATLANTA
354963,22824,VA,EDINBURG
355411,80112-3924,CO,CENTENNIAL
355429,35223,AL,BIRMINGHAM
355437,78746,TX,AUSTIN
355573,90211,CA,BEVERLY HILLS
355605,07102,NJ,NEWARK
355622,29652,SC,GREER
355627,46204,IN,INDIANAPOLIS
355637,29602,SC,GREENVILLE
355751,10004,NY,NEW YORK
355766,75219,TX,DALLAS
355777,02021,MA,CANTON
355787,10020,NY,NEW YORK
355811,49464,MI,ZEELAND
355916,19809,DE,WILMINGTON
355948,60147,IL,LAFOX
355999,60015-2559,IL,DEERFIELD
356013,19809,DE,WILMINGTON
356028,10022,NY,NEW YORK
356037,01854,MA,LOWELL
356080,75202,TX,DALLAS
356130,50309,IA,DES MOINES
356134,55440-1330,MN,MINNEAPOLIS
356171,95973,CA,CHICO
356173,02210,MA,BOSTON
356213,89169,NV,LAS VEGAS
356305,10004,NY,NEW YORK
356309,07719,NJ,WALL
356446,07921,NJ,BEDMINSTER
356475,28277,NC,CHARLOTTE
356476,80111,CO,GREENWOOD VILLAGE
356494,02210,MA,BOSTON
356555,78288-0227,TX,SAN ANTONIO
356682,20036,DC,WASHINGTON
356708,90067,CA,LOS ANGELES
356786,55402,MN,MINNEAPOLIS
356822,98124-1890,WA,SEATTLE
356830,02451,MA,WALTHAM
356865,80112-3924,CO,CENTENNIAL
357020,02062,MA,NORWOOD
357057,02210,MA,BOSTON
357097,19341,PA,EXTON
357159,15086-7561,PA,WARRENDALE
357173,60507,IL,AURORA
357204,45246,OH,CINCINNATI
357238,02210,MA,BOSTON
357247,80112-3924,CO,CENTENNIAL
357264,931600839,CA,SANTA BARBARA
357294,07747,NJ,MATAWAN
357301,12205,NY,ALBANY
700564,17604,PA,LANCASTER
700565,61938,IL,MATTOON
700733,18101,PA,ALLENTOWN
700863,17543,PA,LITITZ
700871,02116-3700,MA,BOSTON
700923,80241,CO,THORNTON
701039,20036,DC,WASHINGTON
701221,06002,CT,BLOOMFIELD
701265,80112-3924,CO,CENTENNIAL
701275,07102,NJ,NEWARK
701276,07102,NJ,NEWARK
701319,55442,MN,MINNEAPOLIS
701345,85281,AZ,TEMPE
701347,96813,HI,HONOLULU
701374,76011,TX,ARLINGTON
701382,80112-3924,CO,CENTENNIAL
701387,10004,NY,NEW YORK
701388,10004,NY,NEW YORK
701650,75261-9048,TX,DALLAS AIRPORT
701748,77046,TX,HOUSTON
701804,01301,MA,GREENFIELD
701811,97070-7777,OR,WILSONVILLE
701853,38804,MS,TUPELO
701869,06902,CT,STAMFORD
701939,02109,MA,BOSTON
701985,43230,OH,COLUMBUS
702131,55437,MN,BLOOMINGTON
702149,02210,MA,BOSTON
702165,30308,GA,ATLANTA
702259,90045,CA,LOS ANGELES
702325,60631,IL,CHICAGO
702340,19428,PA,CONSHOHOCKEN
702513,96002,CA,REDDING
703112,94403-1906,CA,SAN MATEO
703303,53711,WI,MADISON
703351,75019,TX,DALLAS
703360,95131,CA,SAN JOSE
703361,95138,CA,SAN JOSE
703559,07430,NJ,MAHWAH
703604,76102,TX,FORT WORTH
703642,10022-6225,NY,NEW YORK
703701,76102,TX,FORT WORTH
703904,28365,NC,MOUNT OLIVE
703970,63131,MO,ST LOUIS
704051,21202,MD,BALTIMORE
704207,02210,MA,BOSTON
704271,29602,SC,GREENVILLE
704328,48083,MI,TROY
704415,37067,TN,FRANKLIN
704460,55344,MN,EDEN PRAIRIE
704532,01887,MA,WILMINGTON
704561,36502,AL,ATMORE
704562,92780,CA,TUSTIN
705318,04101,ME,PORTLAND
705432,75701,TX,TYLER
705671,16801,PA,STATE COLLEGE
705752,29602,SC,GREENVILLE
706015,92626,CA,COSTA MESA
706155,02109,MA,BOSTON
706453,10004,NY,NEW YORK
706471,43229,OH,COLUMBUS
706539,94608,CA,EMERYVILLE
706688,30339,GA,ATLANTA
706777,19053,PA,FEASTERVILLE
706864,07006-0986,NJ,W CALDWELL
707179,47708,IN,EVANSVILLE
707388,06870,CT,OLD GREENWICH
707549,94538,CA,FREMONT
707605,15907,PA,JOHNSTOWN
707606,19355,PA,MALVERN
707805,10962,NY,ORANGEBURG
707823,02210,MA,BOSTON
707855,61356,IL,PRINCETON
708191,02210,MA,BOSTON
708250,94555,CA,FREMONT
708484,98052,WA,REDMOND
708781,63131,MO,ST. LOUIS
708818,92612,CA,IRVINE
708819,77079,TX,HOUSTON
708821,13413,NY,NEW HARTFORD
708848,29202,SC,COLUMBIA
708850,94086-3603,CA,SUNNYVALE
708870,29602,SC,GREENVILLE
708950,20036,DC,WASHINGTON
708955,45202,OH,CINCINNATI
709283,95110,CA,SAN JOSE
709355,19087,PA,RADNOR
709364,10010,NY,NEW YORK
709519,95054,CA,SANTA CLARA
709558,46032-4572,IN,CARMEL
709804,10022,NY,NEW YORK
709878,10573-1068,NY,RYE BROOK
709942,13820,NY,ONEONTA
710124,60603,IL,CHICAGO
710752,75219-4518,TX,DALLAS
710807,90049,CA,LOS ANGELESENA
710826,28277,NC,CHARLOTTE
710846,116100,F4,DALIAN
711039,95035,CA,MILPITAS
711065,95054,CA,SANTA CLARA
711080,45202-4203,OH,CINCINNATI
711175,07102,NJ,NEWARK
711307,77042,TX,HOUSTON
711377,48912,MI,LANSING
711404,94583,CA,SAN RAMON
711665,78217,TX,SAN ANTONIO
711772,02138,MA,CAMBRIDGE
712034,60047,IL,LAKE ZURICH
712511,95035,CA,MILPITAS
712515,94065,CA,REDWOOD CITY
712537,15701,PA,INDIANA
712770,11021-3190,NY,GREAT NECK
712771,07632,NJ,ENGLEWOOD CLIFFS
713002,98032,WA,KENT
713095,40602,KY,FRANKFORT
713138,01752-4748,MA,MARLBOROUGH
713275,89084,NV,NORTH LAS VEGAS
713425,30305,GA,ATLANTA
713492,91311,CA,CHATSWORTH
713671,19335,PA,DOWNINGTOWN
713676,15222-2401,PA,PITTSBURGH
713975,17870,PA,SELINSGROVE
714278,60661-1416,IL,CHICAGO
714310,10119,NY,NEW YORK
714603,64105-1594,MO,KANSAS CITY
714655,02142,MA,CAMBRIDGE
714710,17111,PA,HARRISBURG
714756,61104,IL,ROCKFORD
714801,90067,CA,LOS ANGELES
714980,07102,NJ,NEWARK
715072,38804-4827,MS,TUPELO
715096,08034-5400,NJ,CHERRY HILL
715273,75207,TX,DALLAS
715446,95118,CA,SAN JOSE
715578,90211,CA,BEVERLY HILLS
715593,89706,NV,CARSON CITY
715779,19144,PA,PHILADELPHIA
715957,23219,VA,RICHMOND
716006,66211,KS,OVERLAND PARK
716039,90245,CA,EL SEGUNDO
716054,92121,CA,SAN DIEGO
716133,45202,OH,CINCINNATI
716314,14020,NY,BATAVIA
716634,90230,CA,CULVER CITY
716643,55416,MN,MINNEAPOLIS
716646,02458,MA,NEWTON
716688,13057,NY,E SYRACUSE
716716,10036,NY,NEW YORK
716778,91367,CA,WOODLAND HILLS
716783,20170,VA,HERNDON
716823,45103,OH,BATAVIA
716836,80112-3924,CO,CENTENNIAL
717059,97035,OR,LAKE OSWEGO
717238,90041,CA,LOS ANGELES
717306,28262-2373,NC,CHARLOTTE
717316,94043,CA,MOUNTAIN VIEW
717423,77024,TX,HOUSTON
717538,12801,NY,GLENS FALLS
717605,06901,CT,STAMFORD
717724,10901,NY,SUFFERN
717751,82008,CA,CARLSBAD
717806,35243,AL,BIRMINGHAM
717837,60523,IL,OAK BROOK
717954,01887,MA,WILMINGTON
718007,75038,TX,IRVING
718074,11747,NY,MELVILLE
718130,21046,MD,COLUMBIA
718332,75056,TX,THE COLONY
718449,33418,FL,PALM BEACH GARDENS
718482,63103,MO,ST LOUIS
718573,85034,AZ,PHOENIX
718581,02210,MA,BOSTON
718789,89119,NV,LAS VEGAS
718824,20814,MD,BETHESDA
718877,90404,CA,SANTA MONICA
718891,02210,MA,BOSTON
718909,02109,MA,BOSTON
718916,08016,NJ,BURLINGTON
719164,60018,IL,DES PLAINES
719220,15701,PA,INDIANA
719269,02199,MA,BOSTON
719274,94568,CA,DUBLIN
719423,07302,NJ,JERSEY CITY
719447,92841,CA,GARDEN GROVE
719451,02210,MA,BOSTON
719581,90803,CA,LONG BEACH
719603,90071,CA,LOS ANGELES
719608,90071,CA,LOS ANGELES
719722,92121,CA,SAN DIEGO
719739,75210,TX,DALLAS
719754,80906,CO,COLORADO SPRINGS
719955,94109,CA,SAN FRANCISCO
720005,33716,FL,ST PETERSBURG
720154,47906-1382,IN,WEST LAFAYETTE
720195,01702,MA,FRAMINGHAM
720309,06901,CT,STAMFORD
720318,02210,MA,BOSTON
720480,11042,NY,LAKE SUCCESS
720500,85288,AZ,TEMPE
720671,22312,VA,ALEXANDRIA
720672,63102-2102,MO,ST. LOUIS
720858,27514,NC,CHAPEL HILL
720875,84121,UT,SALT LAKE CITY
720896,06801,CT,BETHEL
721083,77032,TX,HOUSTON
721237,19382-6223,PA,WEST CHESTER
721371,43017,OH,DUBLIN
721648,10004,NY,NEW YORK
721673,80222,CO,DENVER
721683,31901,GA,COLUMBUS
721765,48083,MI,TROY
721773,93010,CA,CAMARILLO
722077,66211,KS,LEAWOOD
722079,60015,IL,DEERFIELD
722104,08816,NJ,EAST BRUNSWICK
722256,10707,NY,YONKERS
722313,55369,MN,MAPLE GROVE
722392,97006-1992,OR,BEAVERTON
722565,29602,SC,GREENVILLE
722574,02210,MA,BOSTON
722575,02116,MA,BOSTON
722648,90211,CA,BEVERLY HILLS
722723,78758,TX,AUSTIN
722830,07950,NJ,MORRIS PLAINS
722885,01773,MA,LINCOLN
723125,83716-9632,ID,BOISE
723188,13214,NY,SYRACUSE
723254,45262,OH,CINCINNATI
723371,60606,IL,CHICAGO
723455,53202,WI,MILWAUKEE
723458,11753,NY,JERICHO
723527,39056,MS,CLINTON
723531,14625-0397,NY,ROCHESTER
723594,24701,WV,BLUEFIELD
723603,27262,NC,HIGH POINT
723612,07054,NJ,PARSIPPANY
723620,10104,NY,NEW YORK
723639,55428-1028,MN,MINNEAPOLIS
723888,60017,IL,DES PLAINES
723924,23294-1800,VA,RICHMOND
724024,78746,TX,AUSTIN
724129,07311,NJ,JERSEY CITY
724571,38118,TN,MEMPHIS
724606,63127,MO,SAINT  LOUIS
724742,10173,NY,NEW YORK
724910,55344,MN,EDEN PRAIRIE
724941,10001,NY,NEW YORK
724988,01844,MA,METHUEN
725058,08540,NJ,PRINCETON
725363,22182,VA,VIENNA
725460,10016,NY,NEW YORK
725549,89119,NV,LAS VEGAS
725781,77046,TX,HOUSTON
726513,60654,IL,CHICAGO
726514,97229,OR,PORTLAND
726517,05403,VT,SOUTH BURLINGTON
726601,32301,FL,TALLAHASSEE
726728,92130,CA,SAN DIEGO
726735,07311,NJ,JERSEY CITY
726854,25313,WV,CHARLESTON
726958,50021,IA,ANKENY
727207,85714,AZ,TUCSON
727273,90071,CA,LOS ANGELES
727510,60148,IL,LOMBARD
728249,75007,TX,CARROLLTON
728478,76034,TX,COLLEYVILLE
728535,72745,AR,LOWELL
729218,02210,MA,BOSTON
729237,32801,FL,ORLANDO
729502,95242,CA,LODI
729528,90071,CA,LOS ANGELES
729580,07052,NJ,WEST ORANGE
729922,11747,NY,MELVILLE
729968,80112-3924,CO,CENTENNIAL
729986,25301,WV,CHARLESTON
730000,94089,CA,SUNNYVALE
730255,92618,CA,IRVINE
730272,02453,MA,WALTHAM
730464,60606,IL,CHICAGO
730469,08807,NJ,BRIDGEWATER
730708,34994,FL,STUART
730716,06455,CT,MIDDLEFIELD
731245,10018,NY,NEW YORK
731502,95110,CA,SAN JOSE
731657,01730-2396,MA,BEDFORD
731759,45402,OH,DAYTON
731766,55344,MN,EDEN PRAIRIE
731802,75240,TX,DALLAS
731859,10022,NY,NEW YORK
731939,78746,TX,AUSTIN
732041,90025,CA,LOS ANGELES
732337,02110,MA,BOSTON
732417,52235,IA,HILLS
732439,29602,SC,GREENVILLE
732485,02142,MA,CAMBRIDGE
732697,53711,WI,MADISON
732712,10036,NY,NEW YORK
732713,30309-3610,GA,ATLANTA
732717,75202,TX,DALLAS
733257,10036,NY,NEW YORK
733269,94104,CA,SAN FRANCISCO
735780,55343-4315,MN,MINNETONKA
735993,92121,CA,SAN DIEGO
736012,75074,TX,PLANO
736260,02117,MA,BOSTON
736291,75230,TX,DALLAS
736822,30091,GA,NORCROSS
736913,10104,NY,NEW YORK
736978,85756,AZ,TUCSON
736994,92037,CA,LA JOLLA
737207,27588,NC,WAKE FOREST
737210,44052-1769,OH,LORAIN
737468,02891,RI,WESTERLY
737758,55420-1196,MN,BLOOMINGTON
737874,60563,IL,NAPERVILLE
738076,01752-3064,MA,MARLBOROUGH
739460,80401,CO,GOLDEN
739608,80112-3932,CO,CENTENNIAL
739708,78258,TX,SAN ANTONIO
739878,07073,NJ,EAST RUTHERFORD
739944,55112,MN,ST PAUL
740112,80111,CO,GREENWOOD VILLAGE
740123,10286,NY,NEW YORK
740125,00000,D0,HAMILTON BERMUDA
740260,60654,IL,CHICAGO
740372,10020-2302,NY,NEW YORK
740670,75063,TX,IRVING
740694,48104,MI,ANN ARBOR
740761,53172-0500,WI,SOUTH MILWAUKEE
740796,32084,FL,ST AUGUSTINE
740942,17101,PA,HARRISBURG
741375,10036,NY,NEW YORK
741390,52577,IA,OSKALOOSA
741508,89146,NV,LAS VEGAS
741556,33760,FL,CLEARWATER
741558,02111,MA,BOSTON
741559,92069,CA,SAN MARCOS
741696,94086,CA,SUNNYVALE
741815,66062,KS,OLATHE
742070,01090-0149,MA,WEST SPRINGFIELD
742112,44035,OH,ELYRIA
742126,83702,ID,BOISE
742212,53202,WI,MILWAUKEE
742278,30329,GA,ATLANTA
742286,15086-7561,PA,WARRENDALE
742679,27410,NC,GREENSBORO
743238,48375,MI,NOVI
743316,95134,CA,SAN JOSE
743366,90803,CA,LONG BEACH
743367,04609-0400,ME,BAR HARBOR
743368,29601,SC,GREENVILLE
743532,36191-0001,AL,MONTGOMERY
743773,20036,DC,WASHINGTON
743861,02116,MA,BOSTON
743870,94402,CA,SAN MATEO
743884,02481,MA,WELLESLEY HILLS
743988,95124,CA,SAN JOSE
744106,07938-0813,NJ,LIBERTY CORNER
744187,45459,OH,DAYTON
744218,08827,NJ,HAMPTON
744778,68154,NE,OMAHA
744822,02210,MA,BOSTON
745026,41071,KY,NEWPORT
745274,23226,VA,RICHMOND
745287,48098,MI,TROY
745308,32407,FL,PANAMA CITY BEACH
745338,94551,CA,LIVERMORE
745394,44114,OH,CLEVELAND
745448,48170,MI,PLYMOUTH
745463,02109,MA,BOSTON
745467,80206,CO,DENVER
745614,53130,WI,HALES CORNERS
745732,94568,CA,DUBLIN
745774,60606,IL,CHICAGO
745903,78288-0227,TX,SAN ANTONIO
745968,15086-7561,PA,WARRENDALE
745981,70501,LA,LAFAYETTE
746425,02110,MA,BOSTON
746458,64111,MO,KANSAS CITY
746515,98006,WA,BELLEVUE
746601,55402,MN,MINNEAPOLIS
746603,55402-4130,MN,MINNEAPOLIS
746687,02114,MA,BOSTON
746782,00000,A6,OTTAWA ONTARIO CAN K
746838,19422,PA,BLUE BELL
747546,94105,CA,SAN FRANCISCO
747605,14623,NY,ROCHESTER
748009,80112-3924,CO,CENTENNIAL
748015,98101,WA,SEATTLE
748270,11717,NY,BRENTWOOD
748580,64116,MO,NORTH KANSAS CITY
748592,02141,MA,CAMBRIDGE
748826,10004,NY,NEW YORK
749038,30097,GA,DULUTH
749155,10017,NY,NEW YORK
749251,06904-2212,CT,STAMFORD
749254,08034,NJ,CHERRY HILL
749290,97321,OR,ALBANY
749872,43147,OH,PICKERINGTON
750004,89119,NV,LAS VEGAS
750199,77002,TX,HOUSTON
750304,90211,CA,BEVERLY HILLS
750556,30308,GA,ATLANTA
750558,18951-9005,PA,QUAKERTOWN
750561,79701,TX,MIDLAND
750574,36831-3110,AL,AUBURN
750577,39501,MS,GULFPORT
750741,02210,MA,BOSTON
750813,77043,TX,HOUSTON
750901,80241,CO,DENVER
750909,96813,HI,HONOLULU
751085,53051,WI,MENOMONEE FALLS
751173,14450,NY,FAIRPORT
751199,02210,MA,BOSTON
751200,02111,MA,BOSTON
751364,32801,FL,ORLANDO
751365,90501,CA,TORRANCE
751652,84145-0433,UT,SALT LAKE CITY
751978,01810,MA,ANDOVER
752322,02108-3913,MA,BOSTON
752431,94555-3660,CA,FREMONT
752642,07728,NJ,FREEHOLD
752692,36043,AL,HOPE HULL
753048,43701,OH,ZANESVILLE
753308,33408,FL,JUNO BEACH
753568,94538,CA,FREMONT
753899,89501,NV,RENO
754009,89128,NV,LAS VEGAS
754128,14203,NY,BUFFALO
754510,02210,MA,BOSTON
754516,02494,MA,NEEDHAM
754597,30531,GA,CORNELIA
754737,29033,SC,CAYCE
755001,03842,NH,HAMPTON
755003,60007,IL,ELK GROVE VILLAGE
755199,80202,CO,DENVER
755806,94111,CA,SAN FRANCISCO
755933,07662,NJ,SADDLE BROOK
756502,20191,VA,RESTON
756913,02116,MA,BOSTON
756923,55101,MN,ST PAUL
757011,60661,IL,CHICAGO
757551,03301-3258,NH,CONCORD
757928,64111,MO,KANSAS CITY
758004,02451,MA,WALTHAM
758604,14702-0480,NY,JAMESTOWN
758938,93012,CA,CAMARILLO
759433,10010,NY,NEW YORK
759434,19809,DE,WILMINTONHIA
759458,14424,NY,CANANDAIGUA
759828,02116,MA,BOSTON
759866,02116,MA,BOSTON
759944,02903,RI,PROVIDENCE
759947,10604-3805,NY,WHITE PLAINS
760326,92590,CA,TEMECULA
760498,73102-8401,OK,OKLAHOMA CITY
760692,45402,OH,DAYTON
761648,23452,VA,VIRGINIA BEACH
762128,36701,AL,SELMA
762156,10286,NY,NEW YORK
762855,10166,NY,NEW YORK
763532,45242,OH,CINCINNATI
763563,14902,NY,ELMIRA
763701,29602,SC,GREENVILLE
763744,46514,IN,ELKHART
763852,10017,NY,NEW YORK
763901,00918,PR,HATO REY
763907,21550,MD,OAKLAND
764038,33880,FL,WINTER HAVEN
764065,44114-2315,OH,CLEVELAND
764157,04101,ME,PORTLAND
764180,23230,VA,RICHMOND
764241,47705-0868,IN,EVANSVILLE
764244,75252,TX,DALLAS
764402,37743-4992,TN,GREENEVILLE
764478,55423,MN,RICHFIELD
764579,06405,CT,BRANFORD
764586,90803,CA,LONG BEACH
764622,85004,AZ,PHOENIX
764624,10018,NY,NEW YORK
764762,94596,CA,WALNUT CREEK
764765,15044-9311,PA,GIBSONIA
764797,10022-6225,NY,NEW YORK
764811,28204,NC,CHARLOTTE
764843,19406,PA,KING OF PRUSSIA
764901,10020-2302,NY,NEW YORK
765258,10014,NY,NEW YORK
765880,80237,CO,DENVER
765924,80206,CO,DENVER
766351,55101,MN,ST PAUL
766421,98188,WA,SEATTLE
766430,11746,NY,HUNTINGTON STATION
766561,56002-3248,MN,MANKATO
766589,19456,PA,OAK
766701,75225,TX,DALLAS
766704,43615,OH,TOLEDO
766829,95110,CA,SAN JOSE
767673,30092,GA,NORCROSS
767884,91320,CA,THOUSAND OAKS
767920,94089,CA,SUNNYVALE
768119,07004,NJ,FAIRFIELD
768162,78219,TX,SAN ANTONIO
768251,95134,CA,SAN JOSE
768262,94568,CA,DUBLIN
768408,96740,HI,KAILUA KONA
768411,55416,MN,GOLDEN VALLEY
768710,63006-0405,MO,CHESTERFIELD
768835,43081-7651,OH,COLUMBUS
768847,10017,NY,NEW YORK
768892,92807,CA,ANAHEIM HILLS
768899,98402,WA,TACOMA
769131,94402,CA,SAN MATEO
769207,15237,PA,PITTSBURGH
769397,94105,CA,SAN FRANCISCO
769520,60120,IL,ELGIN
769644,44087,OH,TWINSBURG
769874,92131,CA,SAN DIEGO
770161,90071,CA,LOS ANGELES
770403,98073-9757,WA,REDMOND
770482,10017,NY,NEW YORK
770540,02199,MA,BOSTON
770944,60631,IL,CHICAGO
770949,02021,MA,CANTON
771266,01581,MA,WESTBOROUGH
771497,10006,NY,NEW YORK
771729,35212,AL,BIRMINGHAM
771790,40253,KY,LOUISVILLE
771809,33716,FL,ST PETERSBURG
771840,33716,FL,ST PETERSBURG
771856,21205,MD,BALTIMORE
771950,10036,NY,NEW YORK
771951,02110,MA,BOSTON
772129,02109,MA,BOSTON
772197,33137,FL,MIAMI
772406,78701,TX,AUSTIN
772572,06032,CT,FARMINGTON
772891,63121,MO,ST LOUIS
772897,55350,MN,HUTCHINSON
773141,80237,CO,DENVER
773468,91101-7211,CA,PASADENA
773485,21231,MD,BALTIMORE
773599,02111,MA,BOSTON
773660,76180,TX,N RICHLAND HILLS
773674,64111,MO,KANSAS CITY
773730,68504,NE,LINCOLN
773757,02210,MA,BOSTON
773840,28202,NC,CHARLOTTE
773910,77046,TX,HOUSTON
774412,19809,DE,WILMINGTON
774517,11753,NY,JERICHO
774695,94043,CA,MOUNTAIN VIEW
774937,80002,CO,ARVADA
775158,54902,WI,OSHKOSH
775180,80237,CO,DENVER
775368,10018,NY,NEW YORK
775473,94303,CA,EAST PALO ALTO
775689,60606,IL,CHICAGO
776325,40223,KY,LOUISVILLE
776867,03755,NH,HANOVER
776901,02370,MA,ROCKLAND
777001,11201,NY,BROOKLYN
777491,80112,CO,ENGLEWOOD
777535,10017,NY,NEW YORK
777547,80112-3924,CO,CENTENNIAL
777676,94065,CA,REDWOOD CITY
778108,19106-2354,PA,PHILADELPHIA
778202,21202,MD,BALTIMORE
778207,80202,CO,DENVER
778365,02109,MA,BOSTON
778423,60005,IL,ARLINGTON HEIGHTS
778438,77002,TX,HOUSTON
778536,10020,NY,NEW YORK
778734,23666,VA,HAMPTON
778946,33431,FL,BOCA RATON
779128,10166,NY,NEW YORK
779152,65708-0807,MO,MONETT
779336,19103,PA,PHILADELPHIA
779390,95131,CA,SAN JOSE
779544,10003-3019,NY,NEW YORK
779991,02109,MA,BOSTON
780053,40223,KY,LOUISVILLE
780127,55114-1024,MN,ST PAUL
780379,94403-1906,CA,SAN MATEO
780434,15668-8525,PA,MURRYSVILLE
780571,99019,WA,LIBERTY LAKE
781891,00000,A1,CANADA V6E 4GI
781902,32205,FL,JACKSONVILLE
782842,12207,NY,ALBANY
783005,46204,IN,INDIANAPOLIS
783280,46240,IN,INDIANAPOLIS
783316,34236,FL,SARASOTA
783324,80112,CO,ENGLEWOOD
783325,53201,WI,MILWAUKEE
783412,90012,CA,LOS ANGELES
783603,HM 11,D0,HAMILTON
783739,36602,AL,MOBILE
783740,02199,MA,BOSTON
784056,10036,NY,NEW YORK
784199,30144,GA,KENNESAW
784539,92807,CA,ANAHEIM
784770,92708,CA,FOUNTAIN VALLEY
784880,01301,MA,GREENFIELD
784977,97204,OR,PORTLAND
785161,35242,AL,BIRMINGHAM
785186,21046,MD,COLUMBIA
785303,02117-0111,MA,BOSTON
785786,54956,WI,NEENAH
785787,07645,NJ,MONTVALE
785931,94502,CA,ALAMEDA
785968,37932,TN,KNOXVILLE
786035,80203,CO,DENVER
786110,94105,CA,SAN FRANCISCO
786344,75219,TX,DALLAS
786765,07645,NJ,MONTVALE
786998,01886,MA,WESTFORD
787030,40202-2412,KY,LOUISVILLE
787075,29406,SC,CHARLESTON
787250,45432,OH,DAYTON
787253,92008-7319,CA,CARLSBAD
787441,10010,NY,NEW YORK
787491,02111,MA,BOSTON
787623,80202,CO,DENVER
787648,78501,TX,MCALLEN
787784,37027,TN,BRENTWOOD
787849,08690,NJ,HAMILTON
788303,80112-3924,CO,CENTENNIAL
788329,53403-1015,WI,RACINE
788784,07102-4194,NJ,NEWARK
788885,03054,NH,MERRIMACK
788951,30303,GA,ATLANTA
788959,14625-2807,NY,ROCHESTER
789019,98052-6399,WA,REDMOND
789073,60015,IL,DEERFIELD
789132,80921,CO,COLORADO SPRINGS
789281,15086-7561,PA,WARRENDALE
789356,90045-6430,CA,LOS ANGELES
789388,19087,PA,WAYNE
789460,33178,FL,MIAMI
789570,89109,NV,LAS VEGAS
789670,46204,IN,INDIANAPOLIS
789863,35540,AL,ADDISON
789868,91108,CA,SAN MARINO
789933,44122,OH,CLEVELAND
790023,98801,WA,WENATCHEE
790051,85254,AZ,SCOTTSDALE
790070,01748-9103,MA,HOPKINTON
790071,06902,CT,STAMFORD
790166,55402-3211,MN,MINNEAPOLIS
790183,19422-0764,PA,BLUE BELL
790184,10010,NY,NEW YORK
790202,80302,CO,BOULDER
790228,84010,UT,BOUNTIFUL
790272,N2L 6R5,A6,WATERLOO
790359,13815,NY,NORWICH
790414,93720,CA,FRESNO
790500,19103,PA,PHILADELPHIA
790526,90025,CA,LOS ANGELES
790528,60606,IL,CHICAGO
790549,10604,NY,WHITE PLAINS
790558,19087,PA,WAYNE
790703,33760,FL,CLEARWATER
790705,27560,NC,MORRISVILLE
790708,92704-6435,CA,SANTA ANA
790715,95035,CA,MILPITAS
790730,91101,CA,PASADENA
790816,19104,PA,PHILADELPHIA
790818,49512,MI,GRAND RAPIDS
791049,10036,NY,NEW YORK
791050,98119,WA,SEATTLE
791271,02116,MA,BOSTON
791348,75248,TX,DALLAS
791519,01702,MA,FRAMINGHAM
791718,10022-6225,NY,NEW YORK
791907,95035,CA,MILPITAS
791908,94608,CA,EMERYVILLE
791915,95134,CA,SAN JOSE
791963,10004,NY,NEW YORK
792013,19438-2297,PA,HARLEYSVILLE
792130,01730,MA,BEDFORD
792161,96720,HI,HILO
792359,06103,CT,HARTFORD
792719,55474,MN,MINNEAPOLIS
792858,02116,MA,BOSTON
792953,92618,CA,IRVINE
792977,02451,MA,WALTHAM
792985,34108-2710,FL,NAPLES
792987,37421,TN,CHATTANOOGA
792989,90803,CA,LONG BEACH
793040,07960,NJ,MORRISTOWN
793044,10022,NY,NEW YORK
793074,68138,NE,OMAHA
793158,46802,IN,FORT WAYNE
793279,01778,MA,WAYLAND
793523,85714,AZ,TUCSON
793524,11797-2033,NY,WOODBURY
793547,06901,CT,STAMFORD
793597,10022-6225,NY,NEW YORK
793733,84790,UT,ST GEORGE
793769,60606,IL,CHICAGO
793952,53208,WI,MILWAUKEE
793983,10018,NY,NEW YORK
794170,19034,PA,FORT WASHINGTON
794172,45244,OH,CINCINNATI
794280,10166,NY,NEW YORK
794323,80021,CO,BROOMFIELD
794367,10001,NY,NEW YORK
794389,90071,CA,LOS ANGELES
794458,92618,CA,IRVINE
794619,22601,VA,WINCHESTER
794685,10580,NY,RYE
794775,18195,PA,ALLENTOWN
795212,99216,WA,SPOKANE
795259,10022,NY,NEW YORK
795266,90024,CA,LOS ANGELES
795307,07311,NJ,JERSEY CITY
795402,33301-1923,FL,FORT LAUDERDALE
795403,01845,MA,NORTH ANDOVER
795422,02210,MA,BOSTON
795618,10005,NY,NEW YORK
795665,60610,IL,CHICAGO
795892,98124-1890,WA,SEATTLE
795927,10036,NY,NEW YORK
795968,53074-0308,WI,PORT WASHINGTON
796227,53188,WI,WAUKESHA
796229,10580,NY,RYE
796317,13202,NY,SYRACUSE
796343,95110-2704,CA,SAN JOSE
796577,33014,FL,MIAMI
796735,10017,NY,NEW YORK
797136,12043,NY,COBLESKILL
797448,30326,GA,ATLANTA
797465,32312,FL,TALLAHASSEE
797468,77046,TX,HOUSTON
797480,10004,NY,NEW YORK
797657,10154-0004,NY,NEW YORK
797721,92009,CA,CARLSBAD
797871,29601,SC,GREENVILLE
797917,47933,IN,CRAWFORDSVILLE
798075,33716,FL,ST PETERSBURG
798081,35806,AL,HUNTSVILLE
798168,08837,NJ,EDISON
798244,02199,MA,BOSTON
798250,02199,MA,BOSTON
798287,72770,AR,TONTITOWN
798288,10170,NY,NEW YORK
798290,10001,NY,NEW YORK
798354,53203,WI,MILWAUKEE
798359,58701,ND,MINOT
798365,60601,IL,CHICAGO
798399,43017,OH,DUBLIN
798736,49002,MI,PORTAGE
798737,10001,NY,NEW YORK
798738,10154,NY,NEW YORK
798757,80237,CO,DENVER
798783,19406,PA,KING OF PRUSSIA
798941,27609,NC,RALEIGH
798949,74132,OK,TULSA
798955,94607,CA,OAKLAND
799029,80112-3924,CO,CENTENNIAL
799084,07311,NJ,JERSEY CITY
799088,31901,GA,COLUMBUS
799089,01581,MA,WESTBOROUGH
799102,80112-3924,CO,CENTENNIAL
799165,79701,TX,MIDLAND
799166,01867,MA,READING
799167,54755,WI,MONDOVI
799180,10036,NY,NEW YORK
799195,80201-0328,CO,DENVER
799231,40223,KY,LOUISVILLE
799233,52317,IA,NORTH LIBERTY
799288,53533,WI,DODGEVILLE
799292,43219,OH,COLUMBUS
799295,10286,NY,NEW YORK
799698,90049,CA,LOS ANGELES
799729,02451,MA,WALTHAM
800082,78216,TX,SAN ANTONIO
800240,33496,FL,BOCA RATON
800286,30043,GA,LAWRENCEVILLE
800457,17547-0302,PA,MARIETTA
800458,97220,OR,PORTLAND
800459,06901,CT,STAMFORD
800460,90535,CA,MILPITAS
800730,94111-5415,CA,SAN FRANCISCO
801128,64133,MO,KANSAS CITY
801337,06902,CT,STAMFORD
801338,10011,NY,NEW YORK
801351,10018,NY,NEW YORK
801444,10019,NY,NEW YORK
801622,06095-2639,CT,WINDSOR
801748,91406,CA,VAN NUYS
801898,53202,WI,MILWAUKEE
801961,19103,PA,PHILADELPHIA
802209,10010,NY,NEW YORK
802301,10801,NY,NEW ROCHELLE
802356,33312,FL,FT LAUDERDALE
802481,80634,CO,GREELEY
802681,19010,PA,BRYN MAWR
802716,44144,OH,BROOKLYN
802724,94501,CA,ALAMEDA
802806,19103,PA,PHILADELPHIA
803013,02210,MA,BOSTON
803014,11747,NY,MELVILLE
803016,92660,CA,NEWPORT BEACH
803020,60532,IL,LISLE
803027,14202,NY,BUFFALO
803112,44482-1311,OH,WARREN
803352,33126,FL,MIAMI
803649,60606,IL,CHICAGO
803747,10017,NY,NEW YORK
804055,30313,GA,ATLANTA
804073,74128,OK,TULSA
804116,10010,NY,NEW YORK
804121,27511,NC,CARY
804123,02111,MA,BOSTON
804138,33761,FL,CLEARWATER
804171,10166,NY,NEW YORK
804212,19087,PA,RADNOR
804239,02109,MA,BOSTON
804269,76102,TX,FORT WORTH
804328,92121,CA,SAN DIEGO
804731,94105-1018,CA,SAN FRANCISCO
804753,64117,MO,NORTH KANSAS CITY
804887,10286,NY,NEW YORK
804888,11542,NY,GLEN COVE
805012,10591-5546,NY,TARRYTOWN
805020,16801-5690,PA,STATE COLLEGE
805022,77046,TX,HOUSTON
805023,77073,TX,HOUSTON
805037,20850,MD,ROCKVILLE
805054,48034,MI,SOUTHFIELD
805264,30328,GA,ATLANTA
805267,19103,PA,PHILADELPHIA
805268,01961-6015,MA,PEABODY
805305,92649,CA,HUNTINGTON BEACH
805326,07927,NJ,CEDAR KNOLLS
805419,70062,LA,KENNER
805650,94403-1906,CA,SAN MATEO
805664,33301-1923,FL,FORT LAUDERDALE
805676,43055,OH,NEWARK
805792,06484,CT,SHELTON
805900,28401,NC,WILMINGTON
805928,32615,FL,ALACHUA
806085,10020,NY,NEW YORK
806168,94588,CA,PLEASANTON
806176,10286,NY,NEW YORK
806517,01720,MA,ACTON
806564,10036,NY,NEW YORK
806620,10020-2302,NY,NEW YORK
806624,29606,SC,GREENVILLE
806628,01301,MA,GREENFIELD
806633,84108,UT,SALT LAKE CITY
806888,V6P6P2,A1,VANCOUVER
807524,06776,CT,NEW MILFORD
807607,15237-7000,PA,PITTSBURGH
807639,02210,MA,BOSTON
807707,11788,NY,HAUPPAUGE
807873,92618,CA,IRVINE
807878,17101,PA,HARRISBURG
807882,92123-1516,CA,SAN DIEGO
807884,76102,TX,FT WORTH
808064,19422,PA,BLUE BELL
808219,49503,MI,GRAND RAPIDS
808246,01810,MA,ANDOVER
808303,21231,MD,BALTIMORE
808326,91803,CA,ALHAMBRA
808362,77079-1121,TX,HOUSTON
808450,60532,IL,LISLE
808461,80112,CO,ENGLEWOOD
808493,00692,PR,VEGA ALTA
808918,10019,NY,NEW YORK
809246,55121,MN,EAGAN
809248,13203,NY,SYRACUSE
809398,32204,FL,JACKSONVILLE
809428,74119,OK,TULSA
809558,02111,MA,BOSTON
809559,90071,CA,LOS ANGELES
809586,53202,WI,MILWAUKEE
809593,75039,TX,IRVING
809707,94403-1906,CA,SAN MATEO
809708,33301-1923,FL,FORT LAUDERDALE
809802,53202,WI,MILWAUKEE
809844,02199,MA,BOSTON
809875,80525,CO,FORT COLLINS
809933,14086,NY,LANCASTER
810016,19106-2354,PA,PHILADELPHIA
810029,34102,FL,NAPLES
810084,97223,OR,TIGARD
810113,19103,PA,PHILADELPHIA
810136,06804,CT,BROOKFIELD
810332,46032,IN,CARMEL
810439,80202,CO,DENVER
810509,43017,OH,DUBLIN
810536,90024,CA,LOS ANGELES
810573,10022-6225,NY,NEW YORK
810689,28630,NC,GRANITE FALLS
810695,68022-3474,NE,ELKHORN
810766,10010,NY,NEW YORK
810876,60101,IL,ADDISON
810891,02111,MA,BOSTON
810893,92660,CA,NEWPORT BEACH
810902,10153,NY,NEW YORK
810943,45246,OH,CINCINNATI
811040,29708,SC,FORT MILL
811156,49201,MI,JACKSON
811161,55101-4930,MN,ST PAUL
811212,95670,CA,RANCHO CORDOVA
811239,10036,NY,NEW YORK
811240,92610,CA,FOOTHILL RANCH
811527,90071,CA,LOS ANGELES
811532,44870,OH,SANDUSKY
811589,28387,NC,SOUTHERN PINES
811596,37067,TN,FRANKLIN
811612,01570,MA,WEBSTER
811640,01886,MA,WESTFORD
811641,04103,ME,PORTLAND
811669,06905,CT,STAMFORD
811671,17601-4133,PA,LANCASTER
811696,94105,CA,SAN FRANCISCO
811707,50266-5997,IA,WEST DES MOINES
811797,02208-2798,MA,BOSTON
811828,30339,GA,ATLANTA
811830,02109,MA,BOSTON
811831,04240-6594,ME,LEWISTON
811869,55402-3211,MN,MINNEAPOLIS
811921,02210,MA,BOSTON
811922,19103,PA,PHILADELPHIA
811968,90071,CA,LOS ANGELES
811976,10017,NY,NEW YORK
812006,10036,NY,NEW YORK
812011,80021,CO,BROOMFIELD
812015,10001,NY,NEW YORK
812021,02116-3700,MA,BOSTON
812022,06103-3415,CT,HARTFORD
812051,02116-3700,MA,BOSTON
812074,43551-2999,OH,PERRYSBURG
812076,10004-2109,NY,NEW YORK
812090,01301,MA,GREENFIELD
812128,39441,MS,LAUREL
812146,02351,MA,ABINGTON
812150,28202,NC,CHARLOTTE
812191,40202,KY,LOUISVILLE
812195,02109-1820,MA,BOSTON
812301,92618,CA,"IRVINE,"
812303,90071,CA,LOS ANGELES
812446,29334,SC,DUNCAN
812482,89109,NV,LAS VEGAS
812701,15108,PA,MOON TOWNSHIP
812703,95134,CA,SAN JOSE
812708,07702,NJ,SHREWSBURY
812796,08540,NJ,PRINCETON
812801,60606,IL,CHICAGO
812890,10017,NY,NEW YORK
812900,10017,NY,NEW YORK
812906,38824,MS,BALDWYN
812910,60515,IL,DOWNERS GROVE
812914,06880,CT,WESTPORT
813298,02021,MA,CANTON
813347,95131,CA,SAN JOSE
813383,10286,NY,NEW YORK
813461,92618-3804,CA,IRVINE
813470,48076,MI,SOUTHFIELD
813562,11050,NY,PORT WASHINGTON
813619,94303,CA,PALO ALTO
813621,60192,IL,HOFFMAN ESTATES
813623,45246,OH,CINCINNATI
813640,30302,GA,ATLANTA
813658,98101,WA,SEATTLE
813672,95134,CA,SAN JOSE
813775,92123-1866,CA,SAN DIEGO
813781,30004,GA,ALPHARETTA
813808,48867,MI,OWOSSO
813828,10036,NY,NEW YORK
813900,92660,CA,NEWPORT BEACH
813920,75063,TX,IRVING
813945,92660,CA,NEWPORT BEACH
814057,02154,MA,WALTHAM
814068,48084,MI,TROY
814079,19809,DE,WILMINGTON
814139,91710,CA,CHINO
814178,24970,WV,RONCEVERTE
814181,75034,TX,FRISCO
814184,55391-1693,MN,WAYZATA
814230,19106-2354,PA,PHILADELPHIA
814232,94104,CA,SAN FRANCISCO
814236,10166,NY,NEW YORK
814250,53110,WI,CUDAHY
814258,55439,MN,MINNEAPOLIS
814361,03885,NH,STRATHAM
814457,60632,IL,CHICAGO
814463,HP9 1H7,A8,QUEBEC CANADA
814547,59715,MT,BOZEMAN
814549,30097,GA,JOHNS CREEK
814580,92121,CA,SAN DIEGO
814679,07102,NJ,NEWARK
814680,64111,MO,KANSAS CITY
814856,94104,CA,SAN FRANCISCO
814898,23060,VA,GLEN ALLEN
814915,11706,NY,BAY SHORE
815065,44060,OH,MENTOR
815093,55127,MN,ST PAUL
815094,01923,MA,DANVERS
815278,60606,IL,CHICAGO
815425,02210,MA,BOSTON
815508,02141,MA,CAMBRIDGE
815556,55987,MN,WINONA
815838,33186,FL,MIAMI
815910,08012,NJ,BLACKWOOD
816066,95134,CA,SAN JOSE
816153,87506-8361,NM,SANTA FE
816159,80112,CO,ENGLEWOOD
816284,07901,NJ,SUMMIT
816330,90212,CA,BEVERLY HILLS
816753,07102,NJ,NEWARK
816754,10105,NY,NEW YORK
816761,92127,CA,SAN DIEGO
816949,32615,FL,ALACHUA
816956,33773,FL,LARGO
817135,92612,CA,IRVINE
817161,92121,CA,SAN DIEGO
817366,90064-1022,CA,LOS ANGELES
817473,20814,MD,BETHESDA
817720,95131-1706,CA,SAN JOSE
817841,55474,MN,MINNEAPOLIS
817946,33323,FL,SUNRISE
817979,47715,IN,EVANSVILLE
817982,80112-3924,CO,CENTENNIAL
818010,54494-8020,WI,WISCONSIN RAPIDS
818033,92121,CA,SAN DIEGO
818084,21202,MD,BALTIMORE
818105,10105,NY,NEW YORK
818479,28277-3607,NC,CHARLOTTE
818682,73069,OK,NORMAN
818813,01752,MA,MARLBOROUGH
818850,60606,IL,CHICAGO
818851,60606,IL,CHICAGO
818969,21202,MD,BALTIMORE
818972,10286,NY,NEW YORK
819050,80301,CO,BOULDER
819118,02210,MA,BOSTON
819220,45103,OH,BATAVIA
819334,92708,CA,FOUNTAIN VALLEY
819479,30071,GA,NORCROSS
819480,95035,CA,MILPITAS
819539,75201,TX,DALLAS
819692,44114,OH,CLEVELAND
819706,92718,CA,IRVINE
819793,03867,NH,ROCHESTER
819913,76102,TX,FORT WORTH
820026,10036,NY,NEW YORK
820027,55474,MN,MINNEAPOLIS
820028,10154,NY,NEW YORK
820067,30341,GA,ATLANTA
820081,07073,NJ,E RUTHERFORD
820083,94108,CA,SAN FRANCISCO
820096,49010,MI,ALLEGAN
820237,92121,CA,SAN DIEGO
820313,06492,CT,WALLINGFORD
820318,16056,PA,SAXONBURG
820537,07102,NJ,NEWARK
820626,60045,IL,LAKE FOREST
820636,02116,MA,BOSTON
820736,20166,VA,DULLES
820738,97205,OR,PORTLAND
820774,92008,CA,CARLSBAD
820892,60606,IL,CHICAGO
820907,15146,PA,MONROEVILLE
821002,10018,NY,NEW YORK
821026,43537,OH,MAUMEE
821127,02109,MA,BOSTON
821130,60661,IL,CHICAGO
821189,77002,TX,HOUSTON
821407,35801,AL,HUNTSVILLE
821466,10036,NY,NEW YORK
821483,77024,TX,HOUSTON
821484,02114,MA,BOSTON
821616,03833,NH,EXETER
821995,02110,MA,BOSTON
822083,75219-7657,TX,DALLAS
822206,92618-1605,CA,IRVINE
822416,30326,GA,ATLANTA
822418,18940-1721,PA,NEWTOWN
822632,60606,IL,CHICAGO
822662,30305,GA,ATLANTA
822663,10176,NY,NEW YORK
822671,02110,MA,BOSTON
822708,10017,NY,NEW YORK
822794,10036,NY,NEW YORK
822818,02061-9149,MA,NORWELL
822922,10580,NY,RYE
822977,60606,IL,CHICAGO
823094,10021,NY,NEW YORK
823338,43219,OH,COLUMBUS
823535,02210,MA,BOSTON
823620,90071,CA,LOS ANGELES
823768,77002,TX,HOUSTON
824068,55447,MN,MINNEAPOLIS
824142,74107,OK,TULSA
824169,20191,VA,RESTON
824410,20832,MD,OLNEY
824463,02109,MA,BOSTON
824803,53202,WI,MILWAUKEE
825062,10154-0004,NY,NEW YORK
825313,37203,TN,NASHVILLE
825316,10001,NY,NEW YORK
825353,10036,NY,NEW YORK
825410,60425,IL,GLENWOOD
825542,43041,OH,MARYSVILLE
825692,30106,GA,AUSTELL
825759,01581,MA,WESTBOROUGH
825788,64105,MO,KANSAS CITY
826020,10174,NY,NEW YORK
826083,78682-2244,TX,ROUND ROCK
826344,10036,NY,NEW YORK
826644,77046,TX,HOUSTON
826675,23059,VA,GLEN ALLEN
826682,21202,MD,BALTIMORE
826683,94108,CA,SAN FRANCISCO
826686,02114,MA,BOSTON
826732,60563,IL,NAPERVILLE
826735,19103,PA,PHILADELPHIA
826737,01301,MA,GREENFIELD
826773,19422,PA,BLUE BELL
826813,90071,CA,LOS ANGELES
827052,91770,CA,ROSEMEAD
827054,85224-6199,AZ,CHANDLER
827056,84123,UT,MURRAY
827060,64111,MO,KANSAS CITY
827156,85014-2800,AZ,PHOENIX
827187,55404,MN,MINNEAPOLIS
827230,01803,MA,BURLINGTON
827773,02110,MA,BOSTON
827809,V6B 0M3,A1,VANCOUVER
827871,07677,NJ,WOODCLIFF LAKE
828064,85281,AZ,TEMPE
828119,94539,CA,FREMONT
828146,94538,CA,FREMONT
828678,76712,TX,WACO
828750,19406,PA,KING OF PRUSSIA
828803,33301-1923,FL,FORT LAUDERDALE
828806,77046,TX,HOUSTON
828916,77292,TX,HOUSTON
828944,19801,DE,WILMINGTON
828990,07102,NJ,NEWARK
829224,98124-1067,WA,SEATTLE
829499,64111,MO,KANSAS CITY
829608,37067,TN,FRANKLIN
829750,04112,ME,PORTLAND
829801,80112-3924,CO,CENTENNIAL
829901,07302,NJ,JERSEY CITY
830056,29602,SC,GREENVILLE
830122,89703,NV,CARSON CITY
830134,03054,NH,MERRIMACK
830141,77002,TX,HOUSTON
830142,10004,NY,NEW YORK
830158,66219,KS,LENEXA
830160,10154-0004,NY,NEW YORK
830257,13902,NY,BINGHAMTON
830260,97205,OR,PORTLAND
830271,60606,IL,CHICAGO
830474,19809,DE,WILMINGTON
830487,10018,NY,NEW YORK
830524,02090,MA,WESTWOOD
830622,02110,MA,BOSTON
830656,02021,MA,CANTON
830744,19890,DE,WILMINGTON
830748,96813,HI,HONOLULU
830916,92618,CA,IRVINE
831001,10013,NY,NEW YORK
831016,02210,MA,BOSTON
831025,55474,MN,MINNEAPOLIS
831114,53202,WI,MILWAUKEE
831246,07302,NJ,JERSEY CITY
831259,85040,AZ,PHOENIX
831327,77487-0009,TX,SUGARLAND
831547,89052,NV,HENDERSON
831641,91107,CA,PASADENA
831655,28202,NC,CHARLOTTE
831749,98021,WA,BOTHELL
831809,43219-3035,OH,COLUMBUS
831861,33021,FL,HOLLYWOOD
831957,60603,IL,CHICAGO
831959,08807,NJ,BRIDGEWATER
831967,78249,TX,SAN ANTONIO
831968,01610,MA,WORCESTER
832101,60062,IL,NORTHBROOK
832327,19809,DE,WILMINGTON
832428,45202,OH,CININNATI
832545,94105,CA,SAN FRANCISCO
832566,10004,NY,NEW YORK
832705,10036,NY,NEW YORK
832767,95035,CA,MILPITAS
832808,10001,NY,NEW YORK
832812,97232,OR,PORTLAND
832820,77056,TX,HOUSTON
832904,75240,TX,DALLAS
832925,60606,IL,CHICAGO
832988,HM11,D0,HAMILTON
833040,94403-1906,CA,SAN MATEO
833045,98124-1890,WA,SEATTLE
833076,40223,KY,LOUISVILLE
833079,85255,AZ,SCOTTSDALE
833081,77057,TX,HOUSTON
833225,10573,NY,RYE BROOK
833251,60606,IL,CHICAGO
833298,55344-9361,MN,EDEN PRAIRIE
833320,77002,TX,HOUSTON
833444,00000,L2,CORK
833640,95138,CA,SAN JOSE
833795,92008,CA,CARLSBAD
833829,94501,CA,ALAMEDA
834105,21044,MD,COLUMBIA
834162,26034,WV,CHESTER
834208,60654,IL,CHICAGO
834306,92121,CA,SAN DIEGO
834933,10105,NY,NEW YORK
835011,66002,KS,ATCHISON
835324,40206,KY,LOUISVILLE
835333,30309,GA,ATLANTA
835412,74076,OK,STILLWATER
835541,95035,CA,MILPITAS
835597,19456,PA,OAKS
835663,02114,MA,BOSTON
835664,33432,FL,BOCA RATON
835729,77042-2827,TX,HOUSTON
835768,55402,MN,MINNEAPOLIS
835887,10007,NY,NEW YORK
835910,02892,RI,WEST KINGSTON
835948,19809,DE,WILMINGTON
836102,08855-6820,NJ,PISCATAWAY
836106,95134,CA,SAN JOSE
836157,68022,NE,OMAHA
836267,80202-1805,CO,DENVER
836412,01301,MA,GREENFIELD
836435,85064,AZ,PHOENIX
836487,10036,NY,NEW YORK
836690,19341,PA,EXTON
837173,35244,AL,BIRMINGHAM
837274,94403-1906,CA,SAN MATEO
837276,85258,AZ,SCOTTSDALE
837441,80112-3924,CO,CENTENNIAL
837465,92008-8815,CA,CARLSBAD
837600,92201,CA,INDIO
837852,10018,NY,NEW YORK
837913,94089-2117,CA,SUNNYVALE
837951,10017,NY,NEW YORK
837991,95051,CA,SANTA CLARA
838131,60606,IL,CHICAGO
838133,10105,NY,NEW YORK
838875,97392,OR,TURNER
839122,10286,NY,NEW YORK
839123,10166,NY,NEW YORK
839124,10166,NY,NEW YORK
839302,10036,NY,NEW YORK
839533,10022-6225,NY,NEW YORK
839845,08016,NJ,BURLINGTON
839928,12078,NY,GLOVERSVILLE
840216,92614,CA,IRVIN
840256,92604,CA,"IRVINE, CALIFORNIA"
840319,19103,PA,PHILADELPHIA
840387,14214,NY,BUFFALO
840402,10111,NY,NEW YORK
840467,92822,CA,BREA
840489,76102,TX,FORT WORTH
840678,45263,OH,CINCINNATI
840824,02154,MA,WALTHAM
840883,01862,MA,NORTH BILLERICA
840889,00920-2717,PR,SAN JUAN
841555,80033,CO,WHEAT RIDGE
841692,55318,MN,CHASKA
841942,40223,KY,LOUISVILLE
842023,55413,MN,MINNEAPOLIS
842162,48033,MI,SOUTHFIELD
842183,10036,NY,NEW YORK
842295,78402,TX,CORPUS CHRISTI
842436,10577,NY,PURCHASE
842512,45246,OH,CINCINNATI
842518,14075,NY,HAMBURG
842633,48304,MI,BLOOMFIELD HILLS
842635,77010,TX,HOUSTON
842662,17403,PA,YORK
842699,19903-1516,DE,DOVER
842790,77046,TX,HOUSTON
842891,30309,2Q,ATLANTA
842905,10154-0004,NY,NEW YORK
843081,10461,NY,BRONX
843368,98101,WA,SEATTLE
844048,90803,CA,LONG BEACH
844059,32202,FL,JACKSONVILLE
844143,10118,NY,NEW YORK
844161,91411,CA,SHERMAN OAKS
844172,19809,DE,WILMINGTON
844779,19809,DE,WILMINGTON
844789,75063,TX,IRVING
844790,02110,MA,BOSTON
844965,77389,TX,SPRING
845035,02110-1106,MA,BOSTON
845072,44833,OH,GALION
845289,77077,TX,HOUSTON
845376,90071,CA,LOS ANGELES
845379,02110,MA,BOSTON
845434,97070,OR,WILSONVILLE
845611,10580,NY,RYE
845752,32250,FL,JACKSONVILLE
845779,75227,TX,DALLAS
845818,30022,GA,ALPHARETTA
845877,20037,DC,WASHINGTON
846421,11556,NY,UNIONDALE
846596,10022-6225,NY,NEW YORK
846615,29607,SC,GREENVILLE
846616,55102,MN,SAINT PAUL
846671,30309,GA,ATLANTA
846676,19103,PA,PHILADELPHIA
846815,48083,MI,TROY
846876,06831,CT,GREENWICH
846883,98101,WA,SEATTLE
846901,07438,NJ,OAK RIDGE
846903,37064,TN,FRANKLIN
846909,01810,MA,ANDOVER
846913,60555,IL,WARRENVILLE
846926,29928,SC,HILTON HEAD ISLAND
846930,152190,PA,PITTSBURGH
847090,21201,MD,BALTIMORE
847322,20852,MD,ROCKVILLE
847431,10022,NY,NEW YORK
847466,85018,AZ,PHOENIX
847555,78750,TX,AUSTIN
847593,30309,2Q,ATLANTA
848012,10166,NY,NEW YORK
848077,02109,MA,BOSTON
848551,30005,GA,ALPHARETTA
848865,85054,AZ,PHOENIX
849043,06405,CT,BRANFORD
849101,30650,GA,MADISON
849145,92121,CA,SAN DIEGO
849146,84043,UT,LEHI
849213,98101-1374,WA,SEATTLE
849240,44114,OH,CLEVELAND
849395,D16 KH51,L2,DUBLIN 16
849399,85281,AZ,TEMPE
849433,15219,PA,PITTSBURGH
849448,08876,NJ,BRANCHBURG
849502,80921,CO,COLORADO SPRINGS
849547,15055,PA,LAWRENCE
849636,07452,NJ,GLEN ROCK
849667,64116,MO,KANSAS CITY
849778,01752,MA,MALBOROUGH
849869,06851,CT,NORWALK
849998,60606,IL,CHICAGO
850025,02109,MA,BOSTON
850134,80112-3924,CO,CENTENNIAL
850141,62715-0001,IL,SPRINGFIELD
850209,10001,NY,NEW YORK
850261,92121,CA,SAN DIEGO
850313,21017,MD,BELCAMP
850414,92806-6135,CA,ANAHEIM
850429,23225,VA,RICHMOND
850460,75069,TX,MCKINNEY
850483,20171-5219,VA,HERNDON
850579,94085,CA,SUNNYVALE
850660,63017,MO,CHESTERFIELD
850693,92612,CA,IRVINE
851169,10281-1023,NY,NEW YORK
851205,01760,MA,NATICK
851207,54601,WI,LA CROSSE
851310,95131,CA,SAN JOSE
851368,98006,WA,BELLEVUE
851520,94025,CA,MENLO PARK
851560,95032,CA,LOS GATOS
851680,10038-4925,NY,NEW YORK
851737,95134,CA,SAN JOSE
851968,30701,GA,CALHOUN
852426,55402,MN,MINNEAPOLIS
852437,21117,MD,BALTIMORE
852495,15086-7561,PA,WARRENDALE
852618,32056,FL,LAKE CITY
852772,29319,SC,SPARTANBURG
852807,85016-3452,AZ,PHOENIX
852954,43215,OH,COLUMBUS
853086,94108,CA,SAN FRANCISCO
853180,30309,GA,ATLANTA
853273,78731,TX,AUSTIN
853437,21231,MD,BALTIMORE
853593,80112-3924,CO,CENTENNIAL
853618,46206-0368,IN,INDIANAPOLIS
853665,66207,KS,OVERLAND PARK
853695,75240,TX,DALLAS
853816,32224,FL,JACKSONVILLE
853890,75080,TX,RICHARDSON
853891,28201-1012,NC,CHARLOTTE
853971,46240,IN,INDIANAPOLIS
854093,92618,CA,IRVINE
854098,19335,PA,DOWNINGTOWN
854126,02111,MA,BOSTON
854222,02421,MA,LEXINGTON
854271,75039,TX,IRVING
854460,30303,GA,ATLANTA
854662,60514,IL,CLARENDON HILLS
854669,55474,MN,MINNEAPOLIS
854701,95035,CA,MILPITAS
854709,45459,OH,DAYTON
854711,10017,NY,NEW YORK
854775,55343,MN,HOPKINS
854776,76006,TX,ARLINGTON
854800,07645,NJ,MONTVALE
854856,94403-1906,CA,SAN MATEO
854860,97224,OR,PORTLAND
854875,23219,VA,RICHMOND
854904,30309,GA,ATLANTA
855022,48009,MI,BIRMINGHAM
855109,80301,CO,BOULDER
855182,01923,MA,DANVERS
855237,19809,DE,WILMINGTON
855612,75204-2960,TX,DALLAS
855654,02451,MA,WALTHAM
855658,97124,OR,HILLSBORO
855667,54957,WI,NEENAH
855876,43402,OH,BOWLING GREEN
855886,02116,MA,BOSTON
855887,10286,NY,NEW YORK
855906,85224,AZ,CHANDLER
856072,98034,WA,REDMOND
856138,33301-1923,FL,FORT LAUDERDALE
856200,22031,VA,FAIRFAX
856218,10036,NY,NEW YORK
856223,29602,SC,GREENVILLE
856226,60606,IL,CHICAGO
856227,60606,IL,CHICAGO
856250,75050,TX,COPPELL
856386,53095,WI,WEST BEND
856465,45840,OH,FINDLAY
856517,15086-7561,PA,WARRENDALE
856569,19087,PA,WAYNE
856671,02116,MA,BOSTON
856716,77046,TX,HOUSTON
856751,19063,PA,MEDIA
856982,84095,UT,SOUTH JORDAN
857005,02210,MA,BOSTON
857156,94105,CA,SAN FRANCISCO
857264,02108,MA,BOSTON
857323,02817,RI,WEST GREENWICH
857361,60606,IL,CHICAGO
857593,58124-0001,ND,FARGO
857644,77002,TX,HOUSTON
857694,55474,MN,MINNEAPOLIS
857728,92630,CA,LAKE FOREST
857769,02116,MA,BOSTON
857855,29601,SC,GREENVILLE
858339,89109,NV,LAS VEGAS
858470,77024,TX,HOUSTON
858558,10017,NY,NEW YORK
858629,40218,KY,LOUISVILLE
858655,46904,IN,KOKOMO
858706,10022-6225,NY,NEW YORK
858707,02108,MA,BOSTON
858744,92618,CA,IRVINE
858803,92656,CA,ALISO VIEJO
858877,95134-1706,CA,SAN JOSE
859014,48226-5099,MI,DETROIT
859037,10036,NY,NEW YORK
859070,24605,VA,BLUEFIELD
859139,19890,DE,WILMINGTON
859163,29644,SC,FOUNTAIN INN
859360,94304,CA,PALO ALTO
859368,85256,AZ,SCOTTSDALE
859475,94086-5303,CA,SUNNYVALE
859598,33316,FL,FORT LAUDERDALE
859735,92618,CA,IRVINE
859737,01752,MA,MARLBOROUGH
859747,89134,NV,LAS VEGAS
859796,10019,NY,NEW YORK
860097,77042,TX,HOUSTON
860188,60606,IL,CHICAGO
860413,59101,MT,BILLINGS
860451,93012,CA,CAMARILLO
860489,10022-6225,NY,NEW YORK
860510,08536,NJ,PLAINSBORO
860546,21046,MD,COLUMBIA
860720,10036,NY,NEW YORK
860730,37203,TN,NASHVILLE
860731,75024,TX,PLANO
860743,10167,NY,NEW YORK
860748,60601,IL,CHICAGO
861069,30309,2Q,ATLANTA
861185,30309,2Q,ATLANTA
861291,16056-0249,PA,SAXONBURG
861361,33414,FL,WELLINGTON
861457,80112-3924,CO,CENTENNIAL
861459,95076,CA,WATSONVILLE
861819,77002,TX,HOUSTON
861838,19341,PA,EXTON
861842,90012,CA,LOS ANGELES
861865,19103,PA,PHILADELPHIA
861878,60015,IL,BANNOCKBURN
861884,85009,AZ,PHOENIX
861955,53186,WI,WAUKESHA
862021,10001,NY,NEW YORK
862022,75219-4518,TX,DALLAS
862064,10022-6225,NY,NEW YORK
862157,10022-6225,NY,NEW YORK
862255,90670-4713,CA,SANTA FE SPRINGS
862313,60606,IL,CHICAGO
862510,10005,NY,NEW YORK
862716,60606,IL,CHICAGO
862813,10017,NY,NEW YORK
862831,14569,NY,WARSAW
863015,63141,MO,SAINT LOUIS
863157,85027,AZ,PHOENIX
863250,80112-3924,CO,CENTENNIAL
863328,02210,MA,BOSTON
863334,02109-1820,MA,BOSTON
863436,85281,AZ,TEMPE
863441,V7K 1S8,A1,NORTH VANCOUVER
863456,92610,CA,FOOTHILL RANCH
863520,21202,MD,BALTIMORE
863557,85043,AZ,PHOENIX
863650,30309,GA,ATLANTA
863680,92618,CA,IRVINE
863821,94925,CA,CORTE MADERA
863893,21227,MD,BALTIMORE
863903,19013,PA,PHILADELPHIA
864233,37204,TN,NASHVILLE
864240,40222,KY,LOUISVILLE
864328,77019-2118,TX,HOUSTON
864415,19103,PA,PHILADELPHIA
864508,43219,OH,COLUMBUS
864559,97008,OR,BEAVERTON
864683,77058,TX,HOUSTON
864749,80021,CO,WESTMINSTER
864890,08865,NJ,PHILLIPSBURG
865084,06611,CT,TRUMBULL
865177,02110,MA,BOSTON
865231,94080,CA,SOUTH SAN FRANCISCO
865415,94588,CA,PLEASANTON
865436,78703,TX,AUSTIN
865570,91301,CA,AGOURA HILLS
865722,33301-1923,FL,FORT LAUDERDALE
865733,22203,VA,ARLINGTON
865752,92879,CA,CORONA
865754,50010,IA,AMES
865898,02109,MA,BOSTON
865917,94065,CA,REDWOOD CITY
865936,10019,NY,NEW YORK
865937,94105,CA,SAN FRANCISCO
865941,46235-4207,IN,INDIANAPOLIS
866095,19103,PA,PHILADELPHIA
866121,22042,VA,FALLS CHURCH
866273,74103,OK,TULSA
866291,03103,NH,MANCHESTER
866368,91201,CA,GLENDALE
866374,78759,TX,AUSTIN
866609,77006,TX,HOUSTON
866700,15086-7561,PA,WARRENDALE
866706,63141,MO,ST. LOUIS
866707,02109-1820,MA,BOSTON
866729,10012,NY,NEW YORK
866734,33431,FL,BOCA RATON
866782,10020-2302,NY,NEW YORK
866787,38103,TN,MEMPHIS
866829,77043,TX,HOUSTON
866830,78759,TX,AUSTIN
866873,94111,CA,SAN FRANCISCO
866888,94108,CA,SAN FRANCISCO
866970,02893,RI,WEST WARWICK
867058,94043-3969,CA,MOUNTAIN VIEW
867297,01301,MA,GREENFIELD
867374,94555,CA,FREMONT
867490,54957,WI,NEENAH
867493,47201,IN,COLUMBUS
867579,98185,WA,REDMOND
867665,78258,TX,SAN ANTONIO
867773,78715,TX,AUSTIN
867832,02105-1713,MA,BOSTON
867840,01460,MA,LITTLETON
867969,02199,MA,BOSTON
868263,30045,GA,LAWRENCEVILLE
868278,11530,NY,NEW YORK
868307,10010,NY,NEW YORK
868326,NP18 2TA,X0,NEWPORT
868368,55976,MN,STEWARTVILLE
868440,60606,IL,CHICAGO
868449,60606,IL,CHICAGO
868512,60654-1771,IL,CHICAGO
868549,02210,MA,BOSTON
868578,91101,CA,PASADENA
868611,73104,OK,OKLAHOMA CITY
868671,59901,MT,KALISPELL
868725,90024,CA,LOS ANGELES
868780,18915,PA,COLMAR
868809,76102,TX,FORT WORTH
868857,75240,TX,DALLAS
868984,60606,IL,CHICAGO
869087,63017-1713,MO,CHESTERFIELD
869273,53202,WI,MILWAUKEE
869351,21202,MD,BALTIMORE
869356,02109,MA,BOSTON
869365,94105,CA,SAN FRANCISCO
869369,77077,TX,HOUSTON
869405,60606,IL,CHICAGO
869427,07311,NJ,JERSEY CITY
869487,75211,TX,DALLAS
869561,56308,MN,ALEXANDRIA
869570,60606,IL,CHICAGO
869688,78746,TX,AUSTIN
870069,94954,CA,PETALUMA
870156,68512,NE,LINCOLN
870355,33324,FL,FORT LAUDERDALE
870517,19884,DE,WILMINGTON
870732,74136,OK,TULSA
870755,95032,CA,LOS GATOS
870756,75206,TX,DALLAS
870760,90230,CA,CULVER CITY
870778,60606,IL,CHICAGO
870779,60606,IL,CHICAGO
870780,60606,IL,CHICAGO
870826,55344-3433,MN,MINNEAPOLIS
870827,90071,CA,LOS ANGELES
871763,53212,WI,MILWAUKEE
872032,10036,NY,NEW YORK
872064,60606,IL,CHICAGO
872248,70508,LA,LAFAYETTE
872323,60606,IL,CHICAGO
872448,85224,AZ,CHANDLER
872467,02108,MA,BOSTON
872589,10591,NY,TARRYTOWN
872649,02199,MA,BOSTON
872821,19890-0001,DE,WILMINGTON
872825,64111,MO,KANSAS CITY
872835,16117,PA,ELLWOOD CITY
872855,75234-8914,TX,FARMERS BRANCH
872912,12804,NY,QUEENSBURY
873044,97124,OR,HILLSBORO
873067,10105,NY,NEW YORK
873303,02142,MA,CAMBRIDGE
873364,19454,PA,NORTH WALES
873394,10020,NY,NEW YORK
873538,06033,CT,GLASTONBURY
873591,20878,MD,GAITHERSBURG
873603,11733,NY,E SETAUKET
873637,10004,NY,NEW YORK
873860,33409,FL,WEST PALM BEACH
874015,92010,CA,CARLSBAD
874142,60606,IL,CHICAGO
874143,60606,IL,CHICAGO
874212,11788-5145,NY,HAUPPAUGE
874214,10036,NY,NEW YORK
874255,08540,NJ,PRINCETON
874265,21202,MD,BALTIMORE
874294,98021,WA,BOTHELL
874389,19720,DE,NEW CASTLE
874396,11530,NY,GARDEN CITY
874443,94063,CA,REDWOOD CITY
874444,43219,OH,COLUMBUS
874495,12748,NY,JEFFERSONVILLE
874501,10005,NY,NEW YORK
874506,60606,IL,CHICAGO
874663,02451-1420,MA,WALTHAM
874689,19403,PA,NORRISTOWN
874691,33607,FL,TAMPA
874710,63110,MO,ST LOUIS
874716,04092-2041,ME,WESTBROOK
874734,07724,NJ,EATONTOWN
874759,76117-6200,TX,FORT WORTH
874761,22203,VA,ARLINGTON
874766,06155,CT,HARTFORD
874835,10018,NY,NEW YORK
874841,92806,CA,ANAHEIM
874964,10112,NY,NEW YORK
874977,43215,OH,COLUMBUS
874992,75225,TX,DALLAS
875045,02142,MA,CAMBRIDGE
875159,HM08,D0,HAMILTON
875186,10577,NY,PURCHASE
875320,02210,MA,BOSTON
875352,19106-2354,PA,PHILADELPHIA
875355,55416,MN,MINNEAPOLIS
875357,74172,OK,TULSA
875359,95131,CA,SAN JOSE
875570,94588-8618,CA,PLEASANTON
875582,55014,MN,CIRCLE PINES
875623,92630-8873,CA,LAKE FOREST
875657,14513,NY,NEWARK
875738,90038,CA,LOS ANGELES
875751,90040,CA,CITY OF COMMERCE
876043,55112-3923,MN,ARDEN HILLS
876167,01803,MA,BURLINGTON
876188,92614,CA,IRVINE
876378,27703,NC,DURHAM
876409,80112-3924,CO,CENTENNIAL
876427,14450,NY,FAIRPORT
876437,53202,WI,MILWAUKEE
876441,94403-1906,CA,SAN MATEO
876523,78746,TX,ROLLINGWOOD
876603,98101,WA,SEATTLE
876604,55402,MN,MINNEAPOLIS
876613,02111,MA,BOSTON
876645,76118,TX,FORT WORTH
876717,19103,PA,PHILADELPHIA
876883,10007,NY,NEW YORK
876947,35020,AL,BESSEMER
876980,02111,MA,BOSTON
876982,30309,2Q,ATLANTA
877212,60069,IL,LINCOLNSHIRE
877232,02109,MA,BOSTON
877233,85258,AZ,SCOTTSDALE
877273,90670-5515,CA,SANTA FE SPRINGS
877355,23060,VA,GLEN ALLEN
877357,01752,MA,MARLBOROUGH
877422,49518,MI,GRAND RAPIDS
877463,30309,GA,ATLANTA
877476,37027,TN,BRENTWOOD
877645,60601,IL,CHICAGO
877860,37129,TN,MURFREESBORO
877890,33309,FL,FORT  LAUDERDALE
877902,19044,PA,HORSHAM
877931,02142,MA,CAMBRIDGE
878079,17402-2406,PA,YORK
878087,33301-1923,FL,FORT LAUDERDALE
878088,10977,NY,CHESTNUT RIDGE
878092,10286,NY,NEW YORK
878180,60606,IL,CHICAGO
878198,60606,IL,CHICAGO
878200,60606,IL,CHICAGO
878201,60606,IL,CHICAGO
878242,60606,IL,CHICAGO
878280,60045,IL,LAKE FOREST
878314,54304,WI,GREEN BAY
878436,97035,OR,LAKE OSWEGO
878483,94704-1113,CA,BERKELEY
878520,75201,TX,DALLAS
878522,70121,LA,JEFFERSON
878526,53562,WI,MIDDLETON
878556,30004,GA,ALPHARETTA
878560,33126,FL,MIAMI
878662,02210,MA,BOSTON
878663,02210,MA,BOSTON
878719,19087,PA,OAKS
878720,19406,PA,KING OF PRUSSIA
878725,27703,NC,DURHAM
878726,75240,TX,DALLAS
878731,10017,NY,NEW YORK
878736,43604-2617,OH,TOLEDO
878748,01880,MA,WAKEFIELD
878774,10022,NY,NEW YORK
878897,54313,WI,GREEN BAY
878903,07645,NJ,"MONTVALE,"
878927,27360,NC,THOMASVILLE
878929,10036,NY,NEW YORK
878930,55402,MN,MINNEAPOLIS
878932,77002,TX,HOUSTON
879101,11753,NY,JERICHO
879106,91103,CA,PASADENA
879123,37922,TN,KNOXVILLE
879169,19803,DE,WILMINGTON
879181,37027,TN,BRENTWOOD
879215,77002,TX,HOUSTON
879407,91105,CA,PASADENA
879437,68127,NE,OMAHA
879496,06880,CT,WESTPORT
879497,33716,FL,ST PETERSBURG
879526,47905,IN,LAFAYETTE
879535,01301,MA,GREENFIELD
879554,33607,FL,TAMPA
879573,07719,NJ,WALL
879585,01915,MA,BEVERLY
879587,07302,NJ,JERSEY CITY
879682,80112,CO,ENGLEWOOD
879684,80202,CO,DENVER
879819,60606,IL,CHICAGO
879826,60606,IL,CHICAGO
879884,77054,TX,HOUSTON
879933,S4P3C7,A9,SASKATCHEWAN
879947,06901,CT,STAMFORD
879957,90071-3459,CA,LOS ANGELES
879993,01887,MA,WILMINGTON
880026,60154,IL,WESTCHESTER
880059,15222,PA,PITTSBURGH
880115,79705,TX,MIDLAND
880116,30909,GA,AUGUSTA
880117,60123-7820,IL,ELGIN
880177,92121,CA,SAN DIEGO
880195,02210,MA,BOSTON
880208,87109,NM,ALBUQUERQUE
880266,30096,GA,DULUTH
880268,64111,MO,KANSAS CITY
880321,07921,NJ,BEDMINSTER
880366,10018,NY,NEW YORK
880406,33139,FL,MIAMI BEACH
880430,03842,NH,HAMPTON
880431,19462,PA,PLYMOUTH MEETING
880432,11735,NY,FARMINGDALE
880446,93012,CA,CAMARILLO
880460,11713,NY,BELLPORT
880562,95661,CA,ROSEVILLE
880583,10004,NY,NEW YORK
880631,10119,NY,NEW YORK
880643,07922,NJ,BERKELEY HEIGHTS
880709,02210,MA,BOSTON
880771,94404-2125,CA,FOSTER CITY
880797,02210,MA,BOSTON
880799,02210,MA,BOSTON
880804,30305-2422,GA,ATLANTA
880807,01434,MA,DEVENS
880843,60606,IL,CHICAGO
880845,60606,IL,CHICAGO
880859,77046,TX,HOUSTON
880934,38103,TN,MEMPHIS
880943,10019,NY,NEW YORK
880984,19801,DE,WILMINGTON
881304,10105,NY,NEW YORK
881464,92121,CA,SAN DIEGO
881466,55474,MN,MINNEAPOLIS
881524,95008,CA,CAMPBELL
881695,01803,MA,BURLINGTON
881773,10286,NY,NEW YORK
881787,75219-4518,TX,DALLAS
881791,66211-1213,KS,OVERLAND PARK
881890,94587,CA,UNION CITY
881905,07662,NJ,ROCHELLE PARK
881924,37075,TN,HENDERSONVILLE
882071,91101,CA,PASADENA
882095,94404,CA,FOSTER CITY
882104,89521,NV,RENO
882151,19809,DE,WILMINGTON
882153,19809,DE,WILMINGTON
882154,27587,NC,WAKE FOREST
882184,76011,TX,ARLINGTON
882235,33764,FL,CLEARWATER
882287,30346,GA,ATLANTA
882288,94108,CA,SAN FRANCISCO
882289,92630,CA,LAKE FOREST
882300,10018,NY,NEW YORK
882365,08520,NJ,EAST WINDSOR
882443,06901,CT,STAMFORD
882484,94520,CA,CONCORD
882508,95131-1816,CA,SAN JOSE
882509,60061,IL,VERNON HILLS
882748,02108,MA,BOSTON
882796,27703,NC,DURHAM
882830,68902-2148,NE,HASTINGS
882835,34240,FL,SARASOTA
882873,55447,MN,MINNEAPOLIS
883163,02111,MA,BOSTON
883237,06103,CT,HARTFORD
883241,94085,CA,SUNNYVALE
883265,30309,GA,ATLANTA
883293,48152,MI,LIVONIA
883496,46204,IN,INDIANAPOLIS
883505,92081-8338,CA,VISTA
883569,75080,TX,RICHARDSON
883587,07068,NJ,ROSELAND
883618,60606,IL,CHICAGO
883622,19106-2354,PA,PHILADELPHIA
883670,67202,KS,WICHITA
883676,10001,NY,NEW YORK
883697,07601,NJ,HACKENSACK
883701,85251-7623,AZ,SCOTTSDALE
883741,55439,MN,MINNEAPOLIS
883787,75050,TX,GRAND PRAIRIE
883813,55343,MN,MINNETONKA
883902,27513,NC,CARY
883939,30305,2Q,ATLANTA
883943,55441-3626,MN,PLYMOUTH
883945,72956,AR,VAN BUREN
883948,23060,VA,GLEN ALLEN
883975,02043,MA,HINGHAM
883976,30350,GA,ATLANTA
883977,33716-1242,FL,ST PETERSBURG
883980,10281,NY,NEW YORK
883981,60654,IL,CHICAGO
883983,94107,CA,SAN FRANCISCO
883984,92763-6212,CA,SAN CLEMENTE
884064,60089,IL,BUFFALO GROVE
884110,20036,DC,WASHINGTON
884121,19103,PA,PHILADELPHIA
884130,47906,IN,WEST LAFAYETTE
884144,78701,TX,AUSTIN
884174,19103,PA,PHILADELPHIA
884216,19809,DE,WILMINGTON
884217,77072,TX,HOUSTON
884219,80202,CO,DENVER
884381,02114,MA,BOSTON
884382,30092,2Q,ATLANTA
884461,10036,NY,NEW YORK
884463,10154-0004,NY,NEW YORK
884497,08054-4632,NJ,MOUNT LAUREL
884498,02090,MA,WESTWOOD
884614,19406,PA,KING OF PRUSSIA
884624,75056,TX,LEWISVILLE
884629,07054,NJ,PARSIPPANY
884713,33607,FL,TAMPA
884719,95008,CA,CAMPBELL
884731,02142,MA,CAMBRIDGE
884847,02035,MA,FOXBOROUGH
884887,33132,FL,MIAMI
884905,06810,CT,DANBURY
884909,33309,FL,FORT LAUDERDALE
884940,32207,FL,JACKSONVILLE
885074,30504,GA,GAINESVILLE
885080,85004,AZ,PHOENIX
885093,02110,X1,BOSTON
885245,68847,NE,KEARNEY
885259,02139,MA,CAMBRIDGE
885306,01886,MA,WESTFORD
885322,53703,WI,MADISON
885410,07311,NJ,JERSEY CITY
885508,78701,TX,AUSTIN
885520,95814,CA,SACRAMENTO
885550,48034-8334,MI,SOUTHFIELD
885551,78727,TX,AUSTIN
885590,H7L 4A8,A8,QUEBEC
885639,53051,WI,MENOMONEE FALLS
885708,60606,IL,CHICAGO
885709,90071,CA,LOS ANGELES
885711,60606,IL,CHICAGO
885712,60606,IL,CHICAGO
885720,90212,CA,BEVERLY HILLS
885721,63121,MO,ST LOUIS
885725,01752-1234,MA,MARLBOROUGH
885731,60606,IL,CHICAGO
885732,60606,IL,CHICAGO
885733,60606,IL,CHICAGO
885734,60606,IL,CHICAGO
885978,77043,TX,HOUSTON
885988,10577-2100,NY,PURCHASE
886035,41076,KY,HIGHLAND HEIGHTS
886043,10018,NY,NEW YORK
886046,19612,PA,READING
886128,06810,CT,DANBURY
886136,48236,MI,GROSSE POINTE FARMS
886137,46235,IN,INDIANAPOLIS
886158,07083,NJ,UNION
886163,92121,CA,SAN DIEGO
886206,84020,UT,DRAPER
886235,02062-1546,MA,NORWOOD
886239,30067,GA,MARIETTA
886244,60606,IL,CHICAGO
886346,01886,MA,WESTFORD
886530,44124,OH,MAYFIELD HEIGHTS
886744,94404,CA,FOSTER CITY
886835,77002,TX,HOUSTON
886903,01824,MA,CHELMSFORD
886982,10282,NY,NEW YORK
887023,77081,TX,HOUSTON
887072,10166,NY,NEW YORK
887126,08536,NJ,PLAINSBORO
887136,40243,KY,LOUISVILLE
887150,29625,SC,ANDERSON
887151,60477,IL,TINLEY PARK
887210,19103,PA,PHILADELPHIA
887215,97035,OR,LAKE OSWEGO
887227,94545,CA,HAYWARD
887247,92130,CA,SAN DIEGO
887318,10016,NY,NEW YORK
887340,10010,NY,NEW YORK
887343,98402,WA,TACOMA
887359,01803,MA,BURLINGTON
887398,02109,MA,BOSTON
887433,94063-3117,CA,REDWOOD CITY
887437,98124-1890,WA,SEATTLE
887546,07102,NJ,NEWARK
887568,01824-4105,MA,CHELMSFORD
887589,10010,NY,NEW YORK
887590,10154-0004,NY,NEW YORK
887591,05302,VT,BRATTLEBORO
887596,91301,CA,CALABASAS HILLS
887637,32256,FL,JACKSONVILLE
887730,33301,FL,FORT LAUDERDALE
887733,94597,CA,WALNUT CREEK
887757,02043-5048,MA,HINGHAM
887905,91361,CA,WESTLAKE VILLAGE
887921,10041,NY,NEW YORK
887936,20004,DC,WASHINGTON
887969,91311,CA,CHATSWORTH
888137,21202,MD,BALTIMORE
888154,02210,MA,BOSTON
888165,01730,MA,BEDFORD
888411,60606,IL,CHICAGO
888455,92121,CA,SAN DIEGO
888471,06830,CT,GREENWICH
888491,21030,MD,HUNT VALLEY
888504,77380,TX,THE WOODLANDS
888711,01581,MA,WESTBORO
888747,10018,NY,NEW YORK
888914,63105,MO,ST. LOUIS
888919,77040-6094,TX,HOUSTON
888953,20151,VA,CHANTILLY
888955,10036,NY,NEW YORK
889005,73102,OK,OKLAHOMA CITY
889057,94080,CA,SOUTH SAN FRANCISCO
889188,94111,CA,SAN FRANCISCO
889284,27601,NC,RALEIGH
889331,60018,IL,ROSEMONT
889366,53202,WI,MILWAUKEE
889421,02111,MA,BOSTON
889508,10001,NY,NEW YORK
889509,04101-4049,ME,PORTLAND
889609,89169,NV,LAS VEGAS
889900,77064,TX,HOUSTON
889930,92123,CA,SAN DIEGO
889936,60603,IL,CHICAGO
889949,98101,WA,SEATTLE
889971,32826-2716,FL,ORLANDO
890064,10286,NY,NEW YORK
890119,60606,IL,CHICAGO
890206,91203,CA,GLENDALE
890264,01803,MA,BURLINGTON
890319,48304-2324,MI,BLOOMFIELD HILLS
890339,07102,NJ,NEWARK
890340,10004,NY,NEW YORK
890394,95110,CA,SAN JOSE
890453,90401,CA,SANTA MONICA
890465,07921,NJ,BEDMINSTER
890491,10011,NY,NEW YORK
890516,10019,NY,NEW YORK
890540,19456,PA,OAKS
890564,23060,VA,GLEN ALLEN
890634,10167,NY,NEW YORK
890801,95054,CA,SANTA CLARA
890846,55343,MN,MINNETONKA
890881,10105,NY,NEW YORK
890893,60606,IL,CHICAGO
890897,60606,IL,CHICAGO
890898,60606,IL,CHICAGO
890923,63044,MO,ST LOUIS
890926,19087,PA,WAYNE
891014,10017-6707,NY,NEW YORK
891024,55120-1401,MN,ST PAUL
891037,19809,DE,WILMINGTON
891038,19809,DE,WILMINGTON
891079,75201,TX,DALLAS
891098,77092,TX,HOUSTON
891103,75231,TX,DALLAS
891106,99201,WA,SPOKANE
891160,45246,OH,CINCINNATI
891178,92718-2402,CA,IRVINE
891288,92807,CA,ANAHEIM
891290,10036,NY,NEW YORK
891293,98121,WA,SEATTLE
891456,77002,TX,HOUSTON
891482,89135,NV,LAS VEGAS
891504,80301,CO,BOULDER
891760,10018,NY,NEW YORK
891919,35211,AL,BIRMINGHAM
891944,94945,CA,NOVATO
892025,21045,MD,COLUMBIA
892071,90071,CA,LOS ANGELES
892112,94107,CA,SAN FRANCISCO
892147,85281,AZ,TEMPE
892158,15101,PA,ALLISON PARK
892160,08540,NJ,PRINCETON
892222,97227,OR,PORTLAND
892482,55415,MN,MINNEAPOLIS
892533,75234,TX,DALLAS
892535,87506,NM,SANTA FE
892537,20171,VA,HERNDON
892538,77007,TX,HOUSTON
892553,77381,TX,THE WOODLANDS
892568,45246,OH,CINCINNATI
892793,80403,CO,GOLDEN
892907,91101,CA,LA CANADA
892980,02109,MA,BOSTON
892992,60606,IL,CHICAGO
893046,16505,PA,ERIE
893160,85755,AZ,TUCSON
893162,95035,CA,MILPITAS
893430,30092-2929,GA,NORCROSS
893486,77002,TX,HOUSTON
893538,80203,CO,DENVER
893565,98124-1890,WA,SEATTLE
893577,20006,DC,WASHINGTON
893660,02109-1820,MA,BOSTON
893691,33605,FL,TAMPA
893739,07042,NJ,MONTCLAIR
893741,95037,CA,MORGAN HILL
893759,45246,OH,CINCINNATI
893783,10580-1434,NY,RYE
893816,07605,NJ,LEONIA
893818,94105,CA,SAN FRANCISCO
893847,65101,MO,JEFFERSON CITY
893949,33323,FL,SUNRISE
893955,14534,NY,PITTSFORD
893965,55437,MN,BLOOMINGTON
894005,90071,CA,LOS ANGELES
894010,33701,FL,ST PETERSBURG
894081,45177,OH,WILMINGTON
894146,30309,2Q,ATLANTA
894192,48009,MI,BIRMINGHAM
894239,60606,IL,CHICAGO
894240,60187-8133,IL,WHEATON
894242,19809,DE,WILMINGTON
894253,75075,TX,PLANO
894268,80301,CO,BOULDER
894315,44122,OH,BEACHWOOD
894351,10018,NY,NEW YORK
894405,72916,AR,FORT SMITH
894490,33134,FL,CORAL GABLES
894568,89104,NV,LAS VEGAS
894627,77042,TX,HOUSTON
894651,45202,OH,CINCINNATI
894738,30092,GA,NORCROSS
894743,19406,PA,KING OF PRUSSIA
894871,10281,NY,NEW YORK
895041,91367,CA,WOODLAND HILLS
895051,20850,MD,ROCKVILLE
895095,98109-3044,WA,SEATTLE
895126,77389,TX,SPRING
895329,54304,WI,GREEN BAY
895334,30092,GA,NORCROSS
895347,30092,GA,NORCROSS
895364,10001,NY,NEW YORK
895380,90045,CA,LOS ANGELES
895385,62002,IL,ALTON
895414,92101,CA,SAN DIEGO
895415,10006-1404,NY,NEW YORK
895417,60606,IL,CHICAGO
895419,27703,NC,DURHAM
895421,10036,NY,NEW YORK
895422,80302,CO,BOULDER
895430,85258,AZ,SCOTTSDALE
895447,29715,SC,FORT MILL
895450,00000,R1,PANAMA 5 REPUBLIC OF
895456,45764,OH,NELSONVILLE
895474,78701,TX,AUSTIN
895516,92614,CA,IRVINE
895523,10018,NY,NEW YORK
895565,77057,TX,HOUSTON
895574,19103,PA,PHILADELPHIA
895642,10036,NY,NEW YORK
895648,60606,IL,CHICAGO
895655,33431,FL,BOCA RATON
895663,77077,TX,HOUSTON
895665,78738,TX,AUSTIN
895728,T2P 3L8,A0,CALGARY
895810,78746,TX,AUSTIN
895812,92618,CA,IRVINE
895930,37215,TN,NASHVILLE
896061,60606,IL,CHICAGO
896156,06811,CT,DANBURY
896159,CH-8001,V8,ZURICH
896162,78746,TX,AUSTIN
896262,70816,LA,BATON ROUGE
896264,84120-6336,UT,SALT LAKE CITY
896397,35540,AL,ADDISON
896429,19355,PA,MALVERN
896435,77046,TX,HOUSTON
896493,89141,NV,LAS VEGAS
896622,60014,IL,CRYSTAL LAKE
896629,08873,NJ,SOMERSET
896647,43219,OH,COLUMBUS
896726,T2P 0K2,A0,CALGARY
896747,12106,NY,KINDERHOOK
896778,94041,CA,MOUNTAIN VIEW
896841,01803,MA,BURLINGTON
896842,95119,CA,SAN JOSE
896878,94043,CA,MOUNTAIN VIEW
896923,19106-2354,PA,PHILADELPHIA
896975,06902,CT,STAMFORD
896985,08057,NJ,MOORESTOWN
897020,98101,WA,SEATTLE
897067,92127,CA,SAN DIEGO
897075,77380,TX,WOODLANDS
897077,78155,TX,SEGUIN
897111,33716,FL,ST PETERSBURG
897419,60606,IL,CHICAGO
897421,60606,IL,CHICAGO
897422,60606,IL,CHICAGO
897424,60606,IL,CHICAGO
897427,60606,IL,CHICAGO
897429,33966-1206,FL,FT MYERS
897513,10105,NY,NEW YORK
897723,95134,CA,SAN JOSE
897802,45246,OH,CINCINNATI
897861,87109,NM,ALBUQUERQUE
897893,06901,CT,STAMFORD
897951,10105,NY,NEW YORK
897996,10019,NY,NEW YORK
898031,07302,NJ,JERSEY CITY
898173,65802,MO,SPRINGFIELD
898174,63017,MO,CHESTERFIELD
898293,33716,FL,ST PETERSBURG
898437,01730,MA,BEDFORD
898445,02111,MA,BOSTON
898496,30309,2Q,ATLANTA
898624,15237,PA,PITTSURGH
898660,89135,NV,LAS VEGAS
898745,50392,IA,DES MOINES
898777,08540,NJ,PRINCTON
898805,94954,CA,PETALUMA
898904,46231,IN,INDIANAPOLIS
899051,60062,IL,NORTHBROOK
899148,20850,MD,ROCKVILLE
899171,60061,IL,VERNON HILLS
899297,94303,CA,PALO ALTO
899426,94588,CA,PLEASANTON
899460,06810,CT,DANBURY
899581,02210,MA,BOSTON
899597,38108-0407,TN,MEMPHIS
899629,10580,NY,RYE
899636,95054-3214,CA,SANTA CLARA
899647,89109,NV,LAS VEGAS
899652,45202,OH,CINCINNATI
899660,06901,CT,STAMFORD
899689,10019,NY,NEW YORK
899715,27408,NC,GREENSBORO
899723,44113,OH,CLEVELAND
899749,37203,TN,NASHVILLE
899751,60185,IL,WEST CHICAGO
899752,60606,IL,CHICAGO
899758,60606,IL,CHICAGO
899761,60606,IL,CHICAGO
899774,10001,NY,NEW YORK
899782,60606,IL,CHICAGO
899866,02210,MA,BOSTON
899881,80239,CO,DENVER
899923,84116,UT,SALT LAKE CITY
900017,75039,TX,IRVING
900075,75254,TX,DALLAS
900096,02062,MA,NORWOOD
900349,33172,FL,MIAMI
900393,N2L 5V4,A6,WATERLOO
900422,02110,MA,BOSTON
900708,95131-1721,CA,SAN JOSE
900724,19809,DE,WILMINGTON
901219,20850-3338,MD,ROCKVILLE
901243,19809,DE,WILMINGTON
901246,10580,NY,RYE
901491,40299-2334,KY,LOUISVILLE
901495,38134,TN,MEMPHIS
901696,92780,CA,TUSTIN
901823,02109,MA,BOSTON
901824,19809,DE,WILMINGTON
902042,78229,TX,SAN ANTONIO
902270,55344,MN,EDEN PRAIRIE
902272,92064,CA,POWAY
902274,43604,OH,TOLEDO
902276,94558,CA,NAPA
902277,38772,MS,SCOTT
902281,95138,CA,SAN JOSE
902482,94089,CA,SUNNYVALE
902600,60069,IL,LIBERTYVILLE
902622,27703,NC,DURHAM
902717,19809,DE,WILMINGTON
902722,19809,DE,WILMINGTON
902748,55402-3804,MN,MINNEAPOLIS
902750,55402-3804,MN,MINNEAPOLIS
902791,98662,WA,VANCOUVER
902844,80202,CO,DENVER
902978,10018,NY,NEW YORK
903127,30327,GA,ATLANTA
903129,48377,MI,NOVI
903571,M5H 2T6,A6,TORONTO
904020,20166,VA,DULLES
904080,77002,TX,HOUSTON
904112,10036,NY,NEW YORK
904140,50266,IA,WEST DES MOINES
904147,77380,TX,THE WOODLANDS
904163,77550,TX,GALVESTON
904169,10036,NY,NEW YORK
904333,94105,CA,SAN FRANCISCO
904973,01701,MA,FRAMINGHAM
904978,87109,NM,ALBUQUERQUE
904979,44280,OH,VALLEY CITY
905000,60606,IL,CHICAGO
905428,29223,SC,COLUMBIA
905895,97070,OR,WILSONVILLE
906013,10001,NY,NEW YORK
906107,60606,IL,CHICAGO
906110,21201,MD,BALTIMORE
906113,19428-,PA,WEST CONSHOHOCKEN
906163,20190,VA,RESTON
906185,80206,CO,DENVER
906192,22033,VA,FAIRFAX
906193,99362,WA,WALLA WALLA
906237,10004,NY,NEW YORK
906326,85258,AZ,SCOTTSDALE
906337,30093,GA,NORCROSS
906345,77056,TX,HOUSTON
906347,10012,NY,NEW YORK
906352,10105,NY,NEW YORK
906408,38120,TN,MEMPHIS
906469,83712,ID,BOISE
906525,22306,VA,ALEXANDRIA
906551,94804,CA,RICHMOND
906553,89118,NV,LAS VEGAS
906595,08401,NJ,ATLANTIC CITY
906709,94158,CA,SAN FRANCISCO
906780,12701,NY,MONTICELLO
906782,10036,NY,NEW YORK
906933,98109,WA,SEATTLE
906959,60606,IL,CHICAGO
907072,44256,OH,MEDINA
907152,95138,CA,SAN JOSE
907242,89502,NV,RENO
907254,20814,MD,BETHESDA
907410,94538,CA,FREMONT
907471,57108,SD,SIOUX FALLS
907562,01803-2756,MA,BURLINGTON
907608,10004,NY,NEW YORK
907649,84106,UT,SALT LAKE CITY
907654,94025,CA,MENLO PARK
907658,55344,MN,EDEN PRARIE
907687,94043-4655,CA,MOUNTAIN VIEW
908186,64111,MO,KANSAS CITY
908187,10019,NY,NEW YORK
908254,23238,VA,RICHMOND
908255,48326,MI,AUBURN HILLS
908259,91301,CA,AGUORA HILLS
908311,75252,TX,DALLAS
908315,55441,MN,MINNEAPOLIS
908406,64111,MO,KANSAS CITY
908440,20850,MD,ROCKVILLE
908517,07446,NJ,RAMSEY
908598,55128,MN,OAKDALE
908605,95037,CA,MORGAN HILL
908652,TO COME,TX,TO COME
908695,78256,TX,SAN ANTONIO
908730,97207,OR,PORTLAND
908754,80237,CO,DENVER
908802,19456,PA,OAKS
908823,21202,MD,BALTIMORE
908836,02111,MA,BOSTON
908937,10020,NY,NEW YORK
908996,02109-1820,MA,BOSTON
909108,43215,OH,COLUMBUS
909109,19004,PA,WYNNEWOOD
909111,35203,AL,BIRMINGHAM
909112,33301-1923,FL,FORT LAUDERDALE
909221,10172,NY,NEW YORK
909226,33301-1923,FL,FORT LAUDERDALE
909276,92121,CA,SAN DIEGO
909281,74103,OK,TULSA
909298,21093,MD,LUTHERVILLE
909326,94538,CA,FREMONT
909413,77086,TX,HOUSTON
909427,90071,CA,LOS ANGELES
909466,77046,TX,HOUSTON
909494,M6K 3M1,A6,TORONTO
909736,98004,WA,BELLEVUE
909791,95134,CA,SAN JOSE
909793,95014,CA,CUPERTINO
909815,00000,D0,PEMBROKE
909832,98027-,WA,ISSAQUAH
909950,30030,GA,DECATUR
909954,05676,VT,WATERBURY
909990,80301,CO,BOULDER
909994,19809,DE,WILMINGTON
910036,10001,NY,NEW YORK
910057,98021,WA,BOTHELL
910068,10018,NY,NEW YORK
910073,11801,NY,HICKSVILLE
910079,94549,CA,LAFAYETTE
910108,10119,NY,NEW YORK
910110,19040,PA,HATBORO
910134,63105,MO,ST LOUIS
910267,94080,CA,SAN FRANCISCO
910322,11042-1085,NY,LAKE SUCCESS
910406,07030,NJ,HOBOKEN
910409,02109,MA,BOSTON
910521,93117,CA,GOLETA
910523,91761,A6,ONTARIO
910524,10105,NY,NEW YORK
910606,32202,FL,JACKSONVILLE
910612,37421,TN,CHATTANOOGA
910619,97408,OR,COBURG
910620,60061,IL,VERNON HILLS
910638,29730,SC,ROCK HILL
910655,92571,CA,PERRIS
910659,75225,TX,DALLAS
910721,02169,MA,QUINCY
911002,57107-7002,SD,SIOUX FALLS
911004,31401,GA,SAVANNAH
911109,85008,AZ,PHOENIX
911147,80903,CO,COLORADO SPRINGS
911148,10153,NY,NEW YORK
911149,55113-2528,MN,ST PAUL
911151,90048,CA,LOS ANGELES
911160,27409-9421,NC,GREENSBORO
911177,05701,VT,RUTLAND
911215,07068,NJ,ROSELAND
911216,08512,NJ,CRANBURY
911294,85258,AZ,SCOTTSDALE
911326,02421,MA,LEXINGTON
911359,74136-2391,OK,TULSA
911415,10004,NY,NEW YORK
911421,HM 08,D0,PEMBROKE
911507,07302,NJ,JERSEY CITY
911576,35243,AL,BIRMINGHAM
911583,02453-1472,MA,WALTHAM
911626,80260,CO,THORNTON
911631,35210,AL,BIRMINGHAM
911635,44143-1550,OH,RICHMOND HEIGHTS
911638,10018,NY,NEW YORK
911649,10153,NY,NEW YORK
911650,75081,TX,RICHARDSON
911673,08540,NJ,PRINCETON
911708,21202,MD,BALTIMORE
911801,93105,CA,SANTA BARBARA
911935,10016,NY,NEW YORK
912023,10019,NY,NEW YORK
912035,10154-0004,NY,NEW YORK
912036,06901,CT,STAMFORD
912046,10020,NY,NEW YORK
912048,91301,CA,AGOURA HILLS
912088,92130,CA,SAN DIEGO
912093,85286,AZ,CHANDLER
912145,89169,NV,LAS VEGAS
912147,10010,NY,NEW YORK
912183,02421,MA,LEXINGTON
912241,89119,NV,LAS VEGAS
912242,90401,CA,SANTA MONICA
912262,80110,CO,ENGLEWOOD
912263,02043,MA,HINGHAM
912291,94403-1906,CA,SAN MATEO
912365,80202,CO,DENVER
912382,46204,IN,INDIANAPOLIS
912393,80111,CO,GREENWOOD VILLAGE
912463,90021,CA,LOS ANGELES
912465,90602,CA,WHITTIER
912513,07424,NJ,WOODLAND PARK
912544,33431,FL,BOCA RATON
912562,14219-0228,NY,BUFFALO
912577,15086-7561,PA,WARRENDALE
912593,48034,MI,SOUTHFIELD
912595,38138,TN,GERMANTOWN
912601,89119,NV,LAS VEGAS
912603,97201,OR,PORTLAND
912615,19112,PA,PHILADELPHIA
912643,55344,MN,EDEN PRAIRIE
912725,80206,CO,DENVER
912728,75019,TX,DALLAS
912729,19103,PA,PHILADELPHIA
912734,30309,2Q,ATLANTA
912744,80217,CO,DENVER
912750,77380,TX,THE WOODLANDS
912752,21030,MD,HUNT VALLEY
912766,33131,FL,MIAMI
912767,49525,MI,GRAND RAPIDS
912833,95076-4100,CA,WATSONVILLE
912888,55343-4414,MN,MINNETONKA
912890,33131,FL,MIAMI
912893,60523,IL,OAK BROOK
912898,43215,OH,COLUMBUS
912900,46527,IN,GOSHEN
912908,19063-2076,PA,MEDIA
912926,08401,NJ,ATLANTIC CITY
912960,05482,VT,SHELBURNE
913015,41011,KY,COVINGTON
913077,95051,CA,SANTA CLARA
913131,53202,WI,MILWAUKEE
913142,63105,MO,ST. LOUIS
913144,HM19,D0,PEMBROKE
913165,32653,FL,GAINSVILLE
913241,11104,NY,LONG ISLAND CITY
913275,94545,CA,HAYWARD
913277,84124,UT,SALT LAKE CITY
913285,80112,CO,ENGLEWOOD
913293,95054-2914,CA,SANTA CLARA
913443,01876,MA,TEWKSBURY
913534,10036,NY,NEW YORK
913586,84111,UT,SALT LAKE CITY
913598,95112,CA,SAN JOSE
913600,06360,CT,NORWICH
913610,94555,CA,FREMONT
913616,01760,MA,NATICK
913662,19103,PA,PHILADELPHIA
913756,19355,PA,MALVERN
913760,10169,NY,NEW YORK
913782,30339,GA,ATLANTA
913885,97124,OR,HILLSBORO
913949,94103,CA,SAN FRANCISCO
913957,77046,TX,HOUSTON
914024,70809,LA,BATON ROUGE
914025,95061-1802,CA,SANTA CRUZ
914035,10018,NY,NEW YORK
914036,46802,IN,FORT WAYNE
914122,77380,TX,THE WOODLANDS
914139,32207,FL,JACKSONVILLE
914156,01950,MA,NEWBURYPORT
914208,30309,GA,ATLANTA
914209,02110,MA,BOSTON
914243,45202,OH,CINCINNATI
914329,97124,OR,HILLSBORO
914373,30346-1603,GA,ATLANTA
914374,74074,OK,STILLWATER
914384,24543,VA,DANVILLE
914398,66061,KS,OLATHE
914475,92130,CA,SAN DIEGO
914478,80239,CO,DENVER
914479,90221,CA,RANCHO DOMINGUEZ
914529,02109,MA,BOSTON
914536,33309-3008,FL,FT LAUDERDALE
914537,22270010,D5,RIO DE JANEIRO
914712,10022,NY,NEW YORK
914713,22209,VA,ARLINGTON
914724,60606,IL,CHICAGO
914735,48025,MI,BIRMINGHAM
914789,20186,VA,WARRENTON
915016,10019,NY,NEW YORK
915194,94108,CA,SAN FRANCISCO
915290,01752,MA,MARLBORO
915324,60606,IL,CHICAGO
915355,94538,CA,FREMONT
915389,37660,TN,KINGSPORT
915390,01581,MA,WESTBOROUGH
915402,10036,NY,NEW YORK
915508,53223,WI,MILWAUKEE
915773,28202,NC,CHARLOTTE
915778,95110,X1,SAN JOSE
915779,57006,SD,BROOKINGS
915781,55437,MN,BLOOMINGDALE
915802,80201-0328,CO,DENVER
915840,30319,GA,ATLANTA
915845,10001,NY,NEW YORK
915862,27511,NC,CARY
915866,01460,MA,LITTLETON
915912,22203,VA,ARLINGTON
915913,28209,NC,CHARLOTTE
916006,77046,TX,HOUSTON
916053,01111,MA,SPRINGFIELD
916076,27612,NC,RALEIGH
916085,91367,CA,WOODLAND HILLS
916118,43240,OH,COLUMBUS
916183,10019,NY,NEW YORK
916230,66044,KS,LAWRENCE
916235,94945,CA,NOVATO
916238,12180,NY,TROY
916304,20877,MD,GAITHERSBURG
916314,74063,OK,SAND SPRINGS
916365,37027,TN,BRENTWOOD
916380,06702,CT,WATERBURY
916403,85258,AZ,SCOTTSDALE
916457,77002,TX,HOUSTON
916459,19087,PA,WAYNE
916488,33301-1923,FL,FORT LAUDERDALE
916529,48108,MI,ANN ARBOR
916530,75039,TX,IRVING
916540,75038,TX,IRVING
916545,30328,2Q,ATLANTA
916618,10036,NY,NEW YORK
916620,60603,IL,CHICAGO
916622,19087,PA,RADNOR
916704,75024,TX,PLANO
916764,85258,AZ,SCOTTSDALE
916789,HM 11,D0,HAMILTON
916863,53203,WI,MILWAUKEE
916900,02111,MA,BOSTON
917100,19103,PA,PHILADELPHIA
917125,98101,WA,SEATTLE
917126,46545,IN,MISHAWAKA
917153,80202,CO,DENVER
917225,80033,CO,WHEAT RIDGE
917273,95134,CA,SAN JOSE
917286,02210,MA,BOSTON
917321,46204,IN,INDIANAPOLIS
917469,02199,MA,BOSTON
917470,44146,OH,BEDFORD HEIGHTS
917471,02908,RI,PROVIDENCE
917491,32746-6204,FL,LAKE MARY
917492,10019,NY,NEW YORK
917520,08540,NJ,PRINCETON
917524,63146,MO,ST LOUIS
917713,10105,NY,NEW YORK
917857,43016-5555,OH,DUBLIN
917968,94712,CA,BERKELEY
918066,21224,MD,BALTIMORE
918112,94583,CA,SAN RAMON
918160,44114,OH,CLEVELAND
918251,90503,CA,TORRANCE
918266,94105,CA,SAN FRANCISCO
918267,10020-2302,NY,NEW YORK
918386,92656,CA,ALISO VIEJO
918541,28277,NC,CHARLOTTE
918571,02199,MA,BOSTON
918577,48121-1639,MI,DEARBORN
918578,02137,MA,READVILLE
918580,89032,NV,NORTH LAS VEGAS
918581,80237,CO,DENVER
918646,75225,TX,DALLAS
918686,10036,NY,NEW YORK
918708,10004,NY,NEW YORK
918709,80401,CO,GOLDEN
918942,76102,TX,FORT WORTH
918946,46278,IN,INDIANAPOLIS
918949,60605,IL,CHICAGO
918958,76102,TX,FORT WORTH
918964,27408,NC,GREENSBORO
918965,29615,SC,GREENVILLE
918999,45407,OH,DAYTON
919012,15203,PA,PITTSBURGH
919013,01238,MA,LEE
919015,02370,MA,ROCKLAND
919173,19113-1518,PA,PHILADELPHIA
919226,60601,IL,CHICAGO
919482,06183,CT,HARTFORD
919567,75206,TX,DALLAS
919583,93401,CA,SAN LUIS OBISPO
919623,27703-8411,NC,DURHAM
919628,93013,CA,CARPINTERIA
919706,43219,OH,COLUMBUS
919708,10154-0004,NY,NEW YORK
919722,94568,CA,DUBLIN
919745,27615,NC,RALEIGH
919794,10018,NY,NEW YORK
919808,10036,NY,NEW YORK
919869,-,N4,L-1882
919893,33301-1923,FL,FORT LAUDERDALE
919943,52233,IA,HIAWATHA
920033,21074,MD,HAMPSTEAD
920052,37203,TN,NASHVILLE
920112,80202,CO,DENVER
920148,27215,NC,BURLINGTON
920317,92663,CA,NEWPORT BEACH
920321,06902,CT,STAMFORD
920354,01730,MA,BEDFORD
920371,94588,CA,PLEASANTON
920424,10006,NY,NEW YORK
920427,08809,NJ,CLINTON
920465,02451,MA,WALTHAM
920521,60069,IL,LINCOLNSHIRE
920522,94403,CA,SAN MATEO
920527,32216,FL,JACKSONVILLE
920547,45202-4203,OH,CINCINNATI
920600,52577-0008,IA,OSKALOOSA
920605,27608,NC,RALEIGH
920691,63144,MO,ST LOUIS
920701,10001,NY,NEW YORK
920707,55344,MN,EDEN PRAIRIE
920760,33126,FL,MIAMI
920945,07052,NJ,WEST ORANGE
920947,60201-4800,IL,EVANSTON
920990,82801,WY,SHERIDAN
921023,02109-1820,MA,BOSTON
921030,84057,UT,OREM
921046,19406,PA,KING OF PRUSSIA
921082,27601,NC,RALEIGH
921085,93901,CA,SALINAS
921112,19087,PA,WAYNE
921114,90066,CA,LOS ANGELES
921183,55901,MN,ROCHESTER
921187,10036,NY,NEW YORK
921299,94133,CA,SAN FRANCISCO
921365,97006,OR,BEAVERTON
921366,93021,CA,MOORPARK
921500,77057,TX,HOUSTON
921503,06831,CT,GREENWICH
921506,94304,CA,PALO ALTO
921549,77380,TX,THE WOODLANDS
921582,L5K 1B1,A6,MISSISSAUGA
921638,80237,CO,DENVER
921671,10580,NY,RYE
921691,10019,NY,NEW YORK
921738,19610,PA,WYOMISSING
921768,33301,FL,FORT LAUDERDALE
921794,48106,MI,ANN ARBOR
921825,60606,IL,CHICAGO
921847,07652,NJ,PARAMUS
921878,06032-1968,CT,FARMINGTON
921892,10036,NY,NEW YORK
921929,80249,CO,DENVER
922204,75244,TX,DALLAS
922224,18101-1179,PA,ALLENTOWN
922244,30144,GA,KENNESAW
922251,92121,CA,SAN DIEGO
922341,33316,FL,FORT LAUDERDALE
922447,10036,NY,NEW YORK
922475,46032-1404,IN,CARMEL
922521,11747,NY,MELVILLE
922621,16530,PA,ERIE
922637,43219,OH,COLUMBUS
922712,76226,TX,BARTONVILLE
922717,20814,MD,BETHESDA
922814,76137,TX,FORT WORTH
922863,33610,FL,TAMPA
922864,80237,CO,DENVER
922865,36695,AL,MOBILE
922981,32801,FL,ORLANDO
923118,14604,NY,ROCHESTER
923120,97035,OR,LAKE OSWEGO
923139,11556,NY,UNIONDALE
923144,21236,MD,BALTIMORE
923149,07047-4601,NJ,NORTH BERGEN
923184,94111,CA,SAN FRANCISCO
923185,10105,NY,NEW YORK
923282,90028,CA,LOS ANGELES
923284,60523,IL,OAK BROOK
923473,75248,TX,DALLAS
923524,10017,NY,NEW YORK
923529,28401,NC,WILMINGTON
923571,37421,TN,CHATTANOOGA
923603,75062,TX,IRVING
923660,10036,NY,NEW YORK
923680,75283-0308,TX,DALLAS
923796,33431,FL,BOCA RATON
923808,92629,CA,MONARCH BEACH
923877,33401,FL,WEST PALM BEACH
924140,75007,TX,CARROLLTON
924168,44139,OH,SOLON
924211,64111,MO,KANSAS CITY
924373,90025-3384,CA,LOS ANGELEL
924394,10036,NY,NEW YORK
924505,80503,CO,BOULDER
924515,30092,GA,PEACHTREE CORNERS
924546,30305,GA,ATLANTA
924645,95113,CA,SAN JOSE
924646,32202,FL,JACKSONVILLE
924717,55344,MN,EDEN PRAIRIE
924725,10151,NY,NEW YORK
924727,53212,WI,MILWAUKEE
924805,10005,NY,"NEW YORK, NY"
924829,55901,MN,ROCHESTER
924901,07311,NJ,JERSEY CITY
924940,60611,IL,CHICAGO
925178,36301,AL,DOTHAN
925288,02451-1449,MA,WALTHAM
925548,48377,MI,NOVI
925583,64105,MO,KANSAS CITY
925645,152 00,2N,PRAGUE 5
925683,02116,MA,BOSTON
925737,19087-1693,PA,OAKS
925741,94085,CA,SUNNYVALE
925950,90071,CA,LOS ANGELES
926243,64121,MO,KANSAS CITY
926282,35806,AL,HUNTSVILLE
926326,76137,TX,FORT WORTH
926425,10022-6225,NY,NEW YORK
926617,78738,TX,AUSTIN
926660,10154,NY,NEW YORK
926678,60603,IL,CHICAGO
926761,55379,MN,SHAKOPEE
926805,10573,NY,RYE BROOK
926866,33480,FL,PALM BEACH
926898,06830,CT,GREENWICH
926966,35209,AL,BIRMINGHAM
927003,80202,CO,DENVER
927066,80202,CO,DENVER
927102,80202,CO,DENVER
927290,43219-3035,OH,COLUMBUS
927355,21031,MD,HUNT VALLEY
927384,02210,MA,BOSTON
927413,19890,DE,WILMINGTON
927417,28269,NC,CHARLOTTE
927516,10020-2302,NY,NEW YORK
927628,22102,VA,MCLEAN
927653,75039,TX,IRVING
927720,33166,FL,MIAMI
927829,01730,MA,BEDFORD
927914,45202,OH,CINCINNATI
927972,01111,MA,SPRINGFIELD
928022,77042,TX,HOUSTON
928054,77086,TX,HOUSTON
928064,52136,IA,CRESCO
928420,46278,IN,INDIANAPOLIS
928421,94538,CA,FREMONT
928465,68122,NE,OMAHA
928609,10105,NY,NEW YORK
928658,37419,TN,CHATTANOOGA
928659,76117,TX,FORT WORTH
928753,95134,CA,SAN JOSE
928754,02116,MA,BOSTON
928911,98201,WA,EVERETT
929008,15219,PA,PITTSBURGH
929031,91105,CA,PASADENA
929144,10022,NY,NEW YORK
929189,10020,NY,NEW YORK
929299,30004,GA,ALPHARETTA
929351,90404,CA,SANTA MONICA
929428,44122,OH,SHAKER HEIGHTS
929452,85043,AZ,PHOENIX
929454,94402,CA,SAN MATEO
929521,02210,MA,BOSTON
929545,68715,NE,BATTLE CREEK
929547,19422,PA,BLUE BELL
929548,55305,MN,MINNETONKA
929647,92128,CA,SAN DIEGO
929697,03842,NH,HAMPTON
929757,75006,TX,CARROLLTON
929920,30092,GA,NORCROSS
929940,01730,MA,BEDFORD
929987,46204-5129,IN,INDIANAPOLIS
929994,53051,WI,MENOMONEE FALLS
930095,98021-7266,WA,BOTHELL
930184,92656,CA,ALISO VIEJO
930236,94941,CA,MILL VALLEY
930363,44115,OH,CLEVELAND
930420,33607,FL,TAMPA
930429,95076,CA,WATSONVILLE
930454,10036,NY,NEW YORK
930481,95131-1107,CA,SAN JOSE
930548,11556,NY,UNIONDALE
930553,92618,CA,IRVINE
930667,94105,CA,SAN FRANCISCO
930686,24016,VA,ROANOKE
930709,02109,MA,BOSTON
930738,72202,AR,LITTLE ROCK
930775,80301,CO,BOULDER
930796,65806,MO,SPRINGFIELD
930828,33301-1923,FL,FORT LAUDERDALE
930885,94566-3145,CA,PLEASANTON
931015,55340,MN,MEDINA
931059,33401,FL,WEST PALM BEACH
931148,44131,OH,BROOKLYN HEIGHTS
931182,60606,IL,CHICAGO
931336,75204,TX,DALLAS
931457,60803,IL,ALSIP
931465,55435,MN,EDINA
931584,15017,PA,BRIDGEVILLE
931702,70002,LA,METAIRIE
931707,10038,NY,NEW YORK
931784,98004,WA,BELLEVUE
931911,94598-2453,CA,WALNUT CREEK
931948,80120,CO,LITTLETON
932064,01730,MA,BEDFORD
932101,02110,MA,BOSTON
932111,95131,CA,SAN JOSE
932112,01581,MA,WESTBOROUGH
932352,08901,NJ,NEW BRUNSWICK
932381,68197,NE,OMAHA
932510,10010,NY,NEW YORK
932628,19406,PA,VALLEY FORGE
932683,02210,MA,BOSTON
932696,85286,AZ,CHANDLER
932903,94502,CA,ALAMEDA
933020,11788,NY,HAUPPAUGE
933034,53209,WI,MILWAUKEE
933036,75024,TX,PLANO
933098,92127,CA,SAN DIEGO
933136,75019,TX,COPPELL
933141,70501,LA,LAFAYETTE
933405,60515,IL,DOWNERS GROVE
933582,10010,NY,NEW YORK
933691,48951,MI,LANSING
933730,10016,NY,NEW YORK
933745,93117,CA,SANTA BARBARA
933974,01803,MA,BURLINGTON
934280,94043,CA,MOUNTAIN VIEW
934348,50266,IA,WEST DES MOINES
934448,75039,TX,IRVING
934473,20878,MD,GAITHERSBURG
934538,70538,LA,FRANKLIN
934549,10017,NY,NEW YORK
934550,59901,MT,KALISPELL
934563,19428,PA,WEST CONSHOHOCKEN
934588,10017,NY,NEW YORK
934612,76131-2830,TX,FT WORTH
934648,28026,NC,CONCORD
934650,77019-2141,TX,HOUSON
934699,10022,NY,NEW YORK
934747,40202-2823,KY,LOUISVILLE
934882,43219-3035,OH,COLUMBUS
935007,19406,TX,KING OF PRUSSIA
935015,53202,WI,MILWAUKEE
935036,68022,NE,ELKHORN
935063,92660,CA,NEWPORT BEACH
935070,85258,AZ,SCOTTSDALE
935226,33166,FL,MIAMI
935494,78759,TX,AUSTIN
935703,23320,VA,CHESAPEAKE
935724,94597-2098,CA,WALNUT CREEK
935930,29577-3129,SC,MYRTLE BEACH
936340,48226,MI,DETROIT
936395,21076,MD,HANOVER
936404,10605,NY,WHITE PLAINS
936468,20817,MD,BETHESDA
936528,98101,WA,SEATTLE
936538,27709,NC,RESEARCH TRIANGLE PK
936931,75204,TX,DALLAS
937098,94568,CA,DUBLIN
937136,77079,TX,"HOUSTON,"
937941,90245,CA,EL SEGUNDO
938113,B3J 3R7,A5,HALIFAX
938481,29605,SC,GREENVILLE
939767,94502,CA,ALAMEDA
939801,80112-3924,CO,CENTENNIAL
939930,27560-2009,NC,MORRISVILLE
939934,19456,PA,OAK
940181,03062,NH,NASHUA
940298,01742,MA,CONCORD
940332,07059,NJ,WARREN
940510,48108,MI,ANN ARBOR
940659,55108,MN,ST PAUL
940907,07311,NJ,JERSEY CITY
940942,60523,IL,OAK BROOK
940944,32837,FL,ORLANDO
941138,85701,AZ,TUCSON
941548,77027,TX,HOUSTON
941568,10022,NY,NEW YORK
941604,98004,WA,BELLEVUE
941685,92127,CA,SAN DIEGO
941722,27517,NC,CHAPEL HILL
941738,26003,WV,WHEELING
941914,50501,IA,FORT DODGE
942133,92127,CA,SAN DIEGO
942319,33607,FL,TAMPA
942600,08542,NJ,PRINCETON
942788,60085,IL,WAUKEGAN
943032,97203,OR,PORTLAND
943061,77060,TX,HOUSTON
943117,95678-0969,CA,ROSEVILLE
943119,48844,MI,HOWELL
943320,08401,NJ,ATLANTIC CITY
943452,15212,PA,PITTSBURGH
943472,33716,FL,ST. PETERSBURG
943580,10977,NY,CHESTNUT RIDGE
943736,93003,CA,VENTURA
943742,20191,VA,RESTON
943819,92123,CA,SAN DIEGO
943820,68122,NE,OMAHA
943823,75220,TX,DALLAS
943824,76155,TX,FORT WORTH
943861,77002,TX,HOUSTON
943894,01803,MA,BURLINGTON
943895,75080,TX,RICHARDSON
943897,30350,GA,ATLANTA
944075,94538-2475,CA,FREMONT
944148,44131,OH,INDEPENDENCE
944163,32934,FL,MELBOURNE
944248,75082,TX,RICHARDSON
944314,14221,NY,WILLIAMSVILLE
944400,75075,TX,PLANO
944480,21046-3308,MD,COLUMBIA
944487,43219,OH,COLUMBUS
944508,85054,AZ,PHOENIX
944522,06511,CT,NEW HAVEN
944684,60606,IL,CHICAGO
944695,01653,MA,WORCESTER
944725,80202,CO,DENVER
944727,37211,TN,NASHVILLE
944739,06484,CT,SHELTON
944763,78758,TX,AUSTIN
944765,60654,IL,CHICAGO
944809,33137,FL,MIAMI
944868,90245-0956,CA,EL SEGUNDO
944947,97035,OR,LAKE OSWEGO
944948,90017,CA,LOS ANGELES
945114,11050,NY,PORT WASHINGTON
945235,10021,NY,NEW YORK
945384,27518,NC,CARY
945394,02458,MA,NEWTON
945434,58501,ND,BISMARCK
945436,63043,MO,MARYLAND HEIGHTS
945437,84115,UT,SALT LAKE CITY
945489,46240,IN,INDIANAPOLIS
945688,33309,FL,FORT LAUDERDALE
945699,95035,CA,MILPITAS
945734,11201,NY,BROOKLYN
945764,75024,TX,PLANO
945841,70433-5001,LA,COVINGTON
945983,07724,NJ,EATONTOWN
946110,10010,NY,NEW YORK
946343,92618-3804,CA,IRVINE
946356,92610,CA,FOOTHILL RANCH
946453,35901-4102,AL,GADSDEN
946454,28209,NC,CHARLOTTE
946486,18976,PA,WARRINGTON
946492,07728,NJ,FREEHOLD
946581,10036,NY,NEW YORK
946647,43512,OH,DEFIANCE
946661,02116,MA,BOSTON
946673,99362,WA,WALLA WALLA
946815,98072,WA,WOODINVILLE
946823,M9C 5L5,A6,TORONTO
946840,19341,PA,EXTON
946842,92660,CA,NEWPORT BEACH
947397,01752,MA,MARLBORO
947427,07070,NJ,RUTHERFORD
947429,13316,NY,CAMDEN
947484,HM 08,D0,PEMBROKE
947562,11716,NY,BOHEMIA
947577,34997,FL,STUART
947661,92614,CA,IRVINE
947716,30024,GA,SUWANEE
948069,98103,WA,SEATTLE
948515,01803,MA,BURLINGTON
948545,72212,AR,LITTLE ROCK
948708,15237,PA,PITTSBURGH
948844,06513,CT,NEW HAVEN
948845,53154,WI,OAK CREEK
948846,32827,FL,ORLANDO
948850,77027,TX,HOUSTON
948975,10017,NY,NEW YORK
949039,77079,TX,HOUSTON
949156,48034-6112,MI,SOUTHFIELD
949157,60606,IL,CHICAGO
949158,98164,WA,SEATTLE
949240,30269,GA,PEACHTREE CITY
949244,49503,MI,GRAND RAPIDS
949297,60015,IL,BANNOCKBURN
949298,37212,TN,NASHVILLE
949322,92626,CA,COSTA MESA
949341,30092,GA,NORCROSS
949428,93033,CA,OXNARD
949491,85034,AZ,PHOENIX
949504,98101,WA,SEATTLE
949536,10019,NY,NEW YORK
949589,02116,MA,BOSTON
949683,02116,MA,BOSTON
949699,94085-4521,CA,SUNNYVALE
949858,98021,WA,SEATTLE
949859,60411,IL,CHICAGO HEIGHTS
949870,02210,MA,BOSTON
949874,63045,MO,EARTH CITY
949876,91311,CA,CHATSWORTH
949881,10022,NY,NEW YORK
949956,94089,CA,SUNNYVALE
949968,15222,PA,PITTSBURGH
1000015,06912-0061,CT,STAMFORD
1000045,68102,NE,OMAHA
1000077,10004,NY,NEW YORK
1000157,V6V 2L1,A1,RICHMOND
1000180,95035,CA,MILPITAS
1000209,10022,NY,NEW YORK
1000229,1181 LE,P7,1181 LE AMSTELVEEN
1000230,24019,VA,ROANOKE
1000234,92037,CA,LA JOLLA
1000235,19464,PA,POTTSTOWN
1000249,10105,NY,NEW YORK
1000297,10965,NY,PEARL RIVER
1000298,92660,CA,NEWPORT BEACH
1000351,55402,MN,MINNEAPOLIS
1000495,20850,MD,ROCKVILLE
1000623,30009,GA,ALPHARETTA
1000688,02139,MA,CAMBRIDGE
1000697,01757,MA,MILFORD
1000736,35244,AL,BIRMINGHAM
1000753,77339,TX,KINGWOOD
1000779,07606,NJ,SOUTH HACKENSACK
1001039,91521,CA,BURBANK
1001082,80112,CO,ENGLEWOOD
1001113,95054,CA,SANTA CLARA
1001115,77040,TX,HOUSTON
1001171,90036,CA,LOS ANGELES
1001185,05403,VT,SOUTH BURLINGTON
1001193,95054,CA,SANTA CLARA
1001233,94084,CA,RICHMOND
1001250,10153,NY,NEW YORK
1001279,77064,TX,"HOUSTON,"
1001288,40550,KY,LEXINGTON
1001316,10014,NY,NEW YORK
1001385,98684,WA,VANCOUVER
1001426,95035,CA,MILPITAS
1001604,98121,WA,SEATTLE
1001606,97222-4679,OR,PORT LAND
1001641,76155,TX,FORT WORTH
1001718,77032,TX,HOUSTON
1001838,85020,AZ,PHOENIX
1001865,89103,NV,LAS VEGAS
1001868,10022,NY,NEW YORK
1001907,78758,TX,AUSTIN
1001915,78229,TX,SAN ANTONIO
1001916,55108,MN,ST. PAUL
1001917,98134,WA,SEATTLE
1002037,20190,VA,RESTON
1002047,95128,CA,SAN JOSE
1002114,94608,CA,EMERYVILLE
1002135,60504,IL,AURORA
1002141,10010,NY,NEW YORK
1002225,94103,CA,SAN FRANCISCO
1002388,92121-3752,CA,SAN DIEGO
1002390,85260,AZ,SCOTTSDALE
1002403,06854,CT,NORWALK
1002427,10036,NY,NEW YORK
1002517,01803,MA,BURLINGTON
1002520,07728,NJ,FREEHOLD
1002531,16046,PA,CRANBERRY TWP.
1002537,10177,NY,NEW YORK
1002556,94111,CA,SAN FRANCISCO
1002579,29306,SC,SPARTANBURG
1002590,06902,CT,STAMFORD
1002607,10016,NY,NEW YORK
1002624,21231,MD,BALTIMORE
1002637,02139,MA,CAMBRIDGE
1002658,33487,FL,BOCA RATON
1002663,95138-1400,CA,SAN JOSE
1002667,02109,MA,BOSTON
1002718,10105,NY,NEW YORK
1002811,19341,PA,EXTON
1002902,06880,X1,WESTPORT
1002910,63166-6149,MO,ST LOUIS
1003022,94086,CA,SUNNYVALE
1003078,11747,NY,MELVILLE
1003113,94089,CA,SUNNYVALE
1003114,10019,NY,NEW YORK
1003124,28401,NC,WILMINGTON
1003130,45236,OH,CINCINNATI
1003201,21224,MD,BALTIMORE
1003214,94085,CA,SUNNYVALE
1003226,90210,CA,BEVERLY HILLS
1003239,77007,TX,HOUSTON
1003344,84095,UT,SOUTH JORDAN
1003429,15222,PA,PITTSBURGH
1003464,92618,CA,IRVINE
1003515,92620,CA,IRVINE
1003607,95134,CA,SAN JOSE
1003632,19456,PA,OAKS
1003638,94108,CA,SAN FRANCISCO
1003642,94544,CA,HAYWARD
1003648,48375,MI,NOVI
1003859,01301,MA,GREENFIELD
1003929,94111,CA,SAN FRANCISCO
1003950,14623,NY,ROCHESTER
1003989,19341,PA,EXTON
1004155,30308,GA,ATLANTA
1004434,33477,FL,JUPITER
1004440,21202,MD,BALTIMORE
1004608,43125,OH,GROVEPORT
1004655,19482,PA,VALLEY FORGE
1004658,01301,MA,GREENFIELD
1004673,000000,K3,"YUEN CHAU KOK, SHATIN"
1004702,08753-8396,NJ,TOMS RIVER
1004724,30338,GA,ATLANTA
1004740,95340,CA,MERCED
1004784,80202,CO,DENVER
1004945,00000,L5,YOKNEAM ISRAEL 20692
1004960,94303,CA,PALO ALTO
1004963,94111,CA,SAN FRANCISCO
1004969,91711,CA,CLAREMONT
1004980,94612,CA,OAKLAND
1004989,28203,NC,CHARLOTTE
1005006,10573,NY,RYE BROOK
1005010,78735,TX,AUSTIN
1005020,01301,MA,GREENFIELD
1005119,82834,WY,BUFFALO
1005181,92614-,CA,IRVINE
1005201,60045,IL,LAKE FOREST
1005210,07981,NJ,WIPPANY
1005229,28277,NC,CHARLOTTE
1005284,08618,NJ,EWING
1005286,55318,MN,CHASKA
1005313,15236,PA,PITTSBURGH
1005387,01803,MA,BURLINGTON
1005409,11201,NY,BROOKLYN
1005414,07470,NJ,WAYNE
1005501,33701,FL,ST PETERSBURG
1005698,19462,PA,PLYMOUTH MEETING
1005728,80112-3924,CO,CENTENNIAL
1005731,07102,NJ,NEWARK
1005757,80112,CO,ENGLEWOOD
1005817,14850,NY,ITHACA
1005942,02110,MA,BOSTON
1005969,94560,CA,NEWARK
1005972,10523,NY,ELMSFORD
1005992,10036,NY,NEW YORK
1006030,10001,NY,NEW YORK
1006045,94043,CA,MOUNTAIN VIEW
1006240,07974,NJ,MURRAY HILL
1006242,02110,MA,BOSTON
1006264,80202,CO,DENVER
1006269,10020,NY,NEW YORK
1006281,07601,NJ,HACKENSACK
1006373,10022-6225,NY,NEW YORK
1006387,10010,NY,NEW YORK
1006415,19087,PA,WAYNE
1006424,72211,AR,LITTLE ROCK
1006614,92610,CA,FOOTHILL RANCH
1006783,19312,PA,BERWYN
1006835,94404,CA,SAN MATEO
1006837,10017,NY,NEW YORK
1006868,11747,NY,MELVILLE
1006892,85260,AZ,SCOTTSDALE
1007097,60606,IL,CHICAGO
1007226,26003,WV,WHEELING
1007228,30067,GA,MARIETTA
1007273,29402,SC,CHARLESTON
1007330,30339-5949,GA,ATLANTA
1007456,75024,TX,PLANO
1007483,08536,NJ,PLAINSBORO
1007800,95035,CA,MILPITAS
1008554,95661,CA,ROSEVILLE
1008586,30009,GA,ALPHARETTA
1008654,32837-6600,FL,ORLANDO
1008817,02116,MA,BOSTON
1008848,10965,NY,PEARL RIVER
1009244,77034,TX,HOUSTON
1009302,CP 32340,O5,MEXICO
1009304,75234,TX,DALLAS
1009356,27615,NC,RALEIGH
1009405,53562,WI,MIDDLETON
1009575,07407,NJ,ELMWOOD PARK
1009626,95134-1376,CA,SAN JOSE
1009657,94945,CA,NOVATO
1009667,33408,FL,NORTH PALM BEACH
1009672,77079,TX,HOUSTON
1009759,91406,CA,VAN NUYS
1009922,90035,A0,"CALGARY, T3E 0B4"
1010086,10065,NY,NEW YORK
1010247,32204,FL,JACKSONVILLE
1010286,94107,CA,SAN FRANCISCO
1010296,43219-3035,OH,COLUMBUS
1010297,10012-3915,NY,NY
1010305,90248-4506,CA,GARDENA
1010397,01862,MA,NORTH BILLERICA
1010470,92506,CA,RIVERSIDE
1010552,95002,CA,SAN JOSE
1010610,00000,A6,MISSISSAUGA ONTARIO
1010612,33602,FL,TAMPA
1010775,30338,GA,ATLANTA
1010788,55442,MN,PLYMOUTH
1010858,44026,OH,CHESTERLAND
1011006,78620,TX,DRIPPING SPRINGS
1011008,02114,MA,BOSTON
1011060,90212,CA,BEVERLY HILLS
1011064,22102,VA,MCLEAN
1011109,10022,NY,NEW YORK
1011114,98101,WA,SEATTLE
1011174,94105,CA,SAN FRANCISCO
1011196,07311,NJ,JERSEY CITY
1011290,90023,CA,CITY OF COMMERCE
1011344,95014-2028,CA,CUPERTINO
1011378,10036,NY,NEW YORK
1011452,02090,MA,WESTWOOD
1011509,80202,CO,DENVER
1011570,18041,PA,EAST GREENVILLE
1011582,20878,MD,GAITHERSBURG
1011657,75240,TX,DALLAS
1011659,10020,NY,NEW YORK
1011661,06095,CT,WINDSOR
1011696,43219,OH,COLUMBUS
1011699,75220,TX,DALLAS
1011737,72212,AR,LITTLE ROCK
1011835,94105,CA,SAN FRANCISCO
1011901,91604,CA,STUDO CITY
1012019,78130,TX,NEW BRAUNFELS
1012100,28208,NC,CHARLOTTE
1012128,78664,TX,ROUND ROCK
1012131,30093,GA,NORCROSS
1012140,94080,CA,SOUTH SAN FRANCISCO
1012141,22209,VA,ARLINGTON
1012159,27410,NC,GREENSBORO
1012270,18940,PA,NEWTON
1012393,91767,CA,POMONA
1012394,07856,NJ,MOUNT ARLINGTON
1012477,63005,MO,CHESTERFIELD
1012482,94608,CA,EMERYVILLE
1012620,06820,CT,DARIEN
1012771,50266,IA,WEST DES MOINES
1012887,01730,MA,BEDFORD
1012956,75039,TX,IRVING
1012967,20817,MD,BETHESDA
1012968,21231,MD,BALTIMORE
1013149,18940,PA,NEWTOWN
1013220,91362,CA,THOUSAND OAKS
1013237,06850,CT,NORWALK
1013238,94545,CA,HAYWARD
1013240,80112,CO,ENGLEWOOD
1013243,28405,NC,WILMINGTON
1013266,27619,NC,RALEIGH
1013351,92122,CA,SAN DIEGO
1013462,15317,PA,CANONSBURG
1013467,92656,CA,SLISO VIEJO
1013488,92647,CA,HUNTINGTON BEACH
1013606,92618,CA,IRVINE
1013609,90067-1712,CA,LOS ANGELES
1013696,92591-9022,CA,TEMECULA
1013786,98001,WA,AUBURN
1013794,90025,CA,LOS ANGELES
1013796,34102-5624,FL,NAPLES
1013857,02451-1293,MA,WALTHAM
1013871,77010,TX,HOUSTON
1013880,78701,TX,AUSTIN
1013881,60606,IL,CHICAGO
1013934,20171,VA,HERNDON
1014041,33626,FL,TAMPA
1014111,10022,NY,NEW YORK
1014383,98004,WA,BELLEVUE
1014473,20190,VA,RESTON
1014507,11101,NY,LONG ISLAND CITY
1014653,10013,NY,NEW YORK
1014669,77002-4109,TX,HOUSTON
1014672,01748,MA,HOPKINTON
1014739,60015,IL,BANNOCKBURN
1014913,60559,IL,WESTMONT
1014920,80920,CO,COLORADO SPRINGS
1015155,27560,NC,MORRISVILLE
1015293,77002-5219,TX,HOUSTON
1015328,60018,IL,ROSEMONT
1015441,64111,MO,KANSAS CITY
1015577,94105,CA,SAN FRANCISCO
1015610,66211,KS,LEAWOOD
1015658,10166,NY,NEW YORK
1015715,22102,VA,MCLEAN
1015739,01803,MA,BURLINGTON
1015780,22203,VA,ARLINGTON
1015859,44115,OH,CLEVELAND
1015868,11201,NY,NEW YORK
1015920,92807,CA,ANAHEIM
1015923,H3Z 3C1,A8,MONTREAL
1015965,85258,AZ,SCOTTSDALE
1015986,80112-3924,CO,CENTENNIAL
1016006,27616,NC,RALEIGH
1016073,60611,IL,CHICAGO
1016125,33326,FL,WESTON
1016152,33487,FL,BOCA RATON
1016169,08628,NJ,EWING
1016177,48309,MI,ROCHESTER HILLS
1016178,10027-4512,NY,NEW YORK
1016179,852601619,AZ,SCOTTSDALE
1016229,22182,VA,VIENNA
1016277,44114,OH,CLEVELAND
1016281,77056,TX,HOUSTON
1016439,08837,NJ,EDISON
1016510,02111,MA,BOSTON
1016546,89502,NV,RENO
1016607,55428,MN,BROOKLYN PARK
1016613,10019,NY,NEW YORK
1016831,92008,CA,CARLSBAD
1016933,00918,PR,"HATO REY, SAN JUAN"
1016959,10168,NY,NEW YORK
1017008,90067,CA,LOS ANGLES
1017022,32801,FL,ORLANDO
1017137,19380,PA,WEST CHESTER
1017158,85254,AZ,SCOTTSDALE
1017172,01752,MA,MARLBOROUGH
1017259,02210,MA,BOSTON
1017303,06518,CT,HAMDEN
1017480,35211,AL,BIRMINGHAM
1017491,10022,NY,NEW YORK
1017673,19901,DE,DOVER
1017712,91748,CA,CITY OF INDUSTRY
1017793,08054,NJ,MOUNT LAUREL
1017813,33065,FL,CORAL SPRINGS
1017907,37215,TN,NASHVILLE
1017917,60654,IL,CHICAGO
1017927,60606,IL,CHICAGO
1017953,94945,CA,NEVATO
1017958,19073,PA,NEWTOWN SQUARE
1017968,01880,MA,WAKEFIELD
1018003,92612-0697,CA,IRVINE
1018005,83864,ID,SANDPOINT
1018074,80301,CO,BOULDER
1018140,63017,MO,LAKE ST LOUIS
1018164,33073,FL,COCONUT CREEK
1018170,08807,NJ,BRIDGEWATER
1018332,06901,CT,STAMFORD
1018349,49512,MI,GRAND RAPIDS
1018368,10001,NY,NEW YORK
1018399,01852,MA,LOWELL
1018522,30328,GA,ATLANTA
1018592,10001,NY,NEW YORK
1018593,01301,MA,GREENFIELD
1018710,78701,TX,AUSTIN
1018724,98109,WA,SEATTLE
1018840,43054,OH,NEW ALBANY
1018862,80112-3924,CO,CENTENNIAL
1018871,78717,TX,AUSTIN
1018920,33607,FL,TAMPA
1018946,33146,FL,CORAL GABLES
1018952,08512,NJ,CRANBURY
1018953,80202,CO,DENVER
1018963,75201,TX,DALLAS
1018972,60606,IL,CHICAGO
1018973,60606,IL,CHICAGO
1018975,60606,IL,CHICAGO
1018979,70634,LA,DERIDDER
1019061,10010,NY,NEW YORK
1019290,02109-1820,MA,BOSTON
1019361,48170,MI,PLYMOUTH
1019439,93101,CA,SANTA BARBARA
1019651,19312,PA,BERWYN
1019671,02115-3153,MA,BOSTON
1019695,01803,MA,BURLINGTON
1019737,60606,IL,CHICAGO
1019756,80202-2126,CO,DENVER
1019766,02116,MA,BOSTON
1019779,06450,CT,MERIDEN
1019787,33426,FL,BOYNTON BEACH
1019849,48302-0954,MI,BLOOMFIELD HILLS
1020017,77074,TX,HOUSTON
1020157,48106,MI,ANN ARBOR
1020214,94520,CA,CONCORD
1020265,76092,TX,SOUTHLAKE
1020476,10022,NY,NEW YORK
1020569,03801,NH,PORTSMOUTH
1020579,01810,MA,ANDOVER
1020660,60606,IL,CHICAGO
1020661,60606,IL,CHICAGO
1020710,77040,TX,HOUSTON
1020716,95131,CA,SAN JOSE
1020828,11753,NY,JERICHO
1020859,02903,RI,PROVIDENCE
1020861,07311,NJ,JERSEY CITY
1020905,33432,FL,BOCA RATON
1020996,06850,CT,NORWALK
1021009,10577,NY,PURCHASE
1021010,77002,TX,HOUSTON
1021061,60070,IL,PROSPECT HEIGHTS
1021113,91362,CA,WESTLAKE VILLAGE
1021162,19087,PA,RADNOR
1021561,84601,UT,PROVO
1021604,2069200,L3,YOKNEAM
1021635,73101-0321,OK,OKLAHOMA CITY
1021770,30024,GA,SUWANEE
1021810,20191,VA,RESTON
1021848,11797,NY,WOODBURY
1021860,77042,TX,HOUSTON
1022079,07094,NJ,SECAUCUS
1022080,60618,IL,CHICAGO
1022225,94538,CA,FREMONT
1022243,35502-1388,AL,JASPER
1022321,77002,TX,HOUSTON
1022329,C1107BCA,C1,BUENOS AIRES
1022345,77042,TX,HOUSTON
1022368,84104-4726,UT,SALT LAKE CITY
1022408,20171-3413,VA,HERNDON
1022438,75201,TX,DALLAS
1022469,71730,AR,EL DORADO
1022509,94063,CA,REDWOOD CITY
1022570,94538,CA,FREMONT
1022608,19044,PA,HORSHAM
1022624,07102,NJ,NEWARK
1022646,80112,CO,ENGLEWOOD
1022652,92121,CA,SAN DIEGO
1022661,02481,MA,WELLESLEY HILLS
1022671,46804,IN,FORT WAYNE
1022695,02210,MA,BOSTON
1022705,77041,TX,HOUSTON
1022804,94403-1906,CA,SAN MATEO
1022899,10010,NY,NEW YORK
1022911,91367,CA,WOODLAND HILLS
1022926,19355,PA,MALVERN
1022974,00000,K6,REYJKAVIK
1023024,08540,NJ,PRINCETON
1023031,37217,TN,NASHVILLE
1023052,07015,NJ,CLIFTON
1023128,97501,OR,MEDFORD
1023131,08540,NJ,PRINCETON
1023184,80301,CO,BOULDER
1023291,75201,TX,DALLAS
1023313,02140,MA,CAMBRIDGE
1023362,92705,CA,SANTA ANA
1023364,33602,FL,TAMPA
1023391,53202,WI,MILWAUKEE
1023640,02777,MA,SWANSEA
1023714,14624,NY,ROCHESTER
1023731,95008,CA,CAMPBELL
1023744,53202,WI,MILWAUKEE
1023860,07432,NJ,MIDLAND PARK
1023876,11787,NY,HAUPPAUGE
1024015,88101,NM,CLOVIS
1024149,70629,LA,LAKE CHARLES
1024305,10118,NY,NEW YORK
1024321,91302,CA,CALABASAS
1024441,60563,IL,NAPERVILLE
1024452,33309,FL,FT LAUDERDALE
1024478,53204,WI,MILWAUKEE
1024520,84116,UT,SALT LAKE CITY
1024657,68154,NE,OMAHA
1024724,45133,OH,HILLSBORO
1024725,60076,IL,SKOKIE
1024732,15275,PA,PITTSBURGH
1024787,06855,CT,NORWALK
1024795,34243,FL,SARASOTA
1025134,94563,CA,ORINDA
1025148,10580,NY,RYE
1025169,97402,OR,EUGENE
1025187,02109-1820,MA,BOSTON
1025362,V6E 3X2,A1,VANCOUVER
1025378,10001,NY,NEW YORK
1025536,60090,IL,WHEELING
1025573,91311,CA,CHATSWORTH
1025743,06880-4214,CT,WESTPORT
1025770,80111,CO,GREENWOOD VILLAGE
1025835,63105,MO,CLAYTON
1025836,19809,DE,WILMINGTON
1025870,10022,NY,NEW YORK
1025953,64114,MO,KANSAS CITY
1025996,90064,CA,LOS ANGELES
1026148,48009,MI,BIRMINGHAM
1026298,10017-3147,NY,NEW YORK
1026448,94041,CA,MOUNTAIN VIEW
1026598,02116,MA,BOSTON
1026611,02116,MA,BOSTON
1026650,19103,PA,PHILADELPHIA
1026655,43228,OH,COLUMBUS
1026708,90401,CA,SANTA MONICA
1026709,10036,NY,NEW YORK
1026816,90067,CA,LOS ANGELES
1026968,10580-1422,NY,RYE
1026977,90210,CA,BEVERLY HILLS
1027183,27889,NC,WASHINGTON
1027207,66105-1309,KS,KANSAS CITY
1027258,77027,TX,HOUSTON
1027263,10105,NY,NEW YORK
1027324,93420,CA,ARROYO GRANDE
1027362,94086,CA,SUNNYVALE
1027443,95050,CA,SANTA CLARA
1027596,53202,WI,MILWAUKEE
1027702,02421,MA,LEXINGTON
1027884,2595 AK,P7,THE HAGUE
1027974,90630-5028,CA,CYPRESS
1028087,01880-1249,MA,WAKEFIELD
1028205,10154,NY,NEW YORK
1028215,76102,TX,FORT WORTH
1028318,95131,CA,SAN JOSE
1028336,33401-5679,FL,WEST PALM BEACH
1028358,94555-3651,CA,FREMONT
1028461,48334,MI,FARMINGTON HILLS
1028621,90071,CA,LOS ANGELES
1028734,80202,CO,DENVER
1028918,92614,CA,IRVINE
1028985,53711,WI,MADISON
1029068,68130,NE,OMAHA
1029142,94608,CA,EMERYVILLE
1029199,66211,KS,LEAWOOD
1029299,20171,VA,HERNDON
1029407,34950,FL,FORT PIERCE
1029506,63101,MO,ST LOUIS
1029526,80237,CO,DENVER
1029635,10281,NY,NEW YORK
1029744,53703,WI,MADISON
1029786,43215,OH,COLUMBUS
1029800,06830,CT,GREENWICH
1029843,10105,NY,NEW YORK
1029863,85281,AZ,TEMPE
1030206,19087,PA,WAYNE
1030339,92121,CA,SAN DIEGO
1030469,00918,PR,SAN JUAN
1030471,NA,F4,"HANGZHOU, P.R."
1030484,54495-8036,WI,WISCONSIN RAPIDS
1030485,95131,CA,SAN JOSE
1030487,78730,TX,AUSTIN
1030491,10017,NY,NEW YORK
1030653,02494,MA,NEEDHAM
1030715,26003,WV,WHEELING
1030749,77042,TX,HOUSTON
1030802,22314,VA,ALEXANDRIA
1030894,M2N 6L7,A6,TORONTO
1030896,10018,NY,NEW YORK
1031028,11788,NY,HAUPPAUGE
1031029,80237,CO,DENVER
1031203,77024,TX,HOUSTON
1031233,24517,VA,ALTAVISTA
1031283,75093,TX,PLANO
1031296,44320,OH,AKRON
1031308,19341,PA,EXTON
1031316,01880,MA,WAKEFIELD
1031329,75201,TX,DALLAS
1031496,10022,NY,NEW YORK
1031623,77380,TX,THE WOODLANDS
1031659,60603,IL,CHICAGO
1031661,10017,NY,NEW YORK
1031798,95131,CA,SAN JOSE
1031951,94303,CA,PALO ALTO
1031980,95129,CA,SAN JOSE
1032033,19713,DE,NEWARK
1032067,92618,CA,IRVINE
1032208,92101,CA,SAN DIEGO
1032220,22102,VA,MCLEAN
1032346,00000,L2,DUBLIN 4 IRELAND
1032423,43215,OH,COLUMBUS
1032462,32801,FL,ORLANDO
1032761,94404,CA,SAN MATEO
1032975,95134,CA,SAN JOSE
1032997,14221,NY,WILLIAMSVILLE
1033012,48098-2639,MI,TROY
1033025,02451,MA,WALTHAM
1033491,75247,TX,DALLAS
1033660,19380,PA,WEST CHESTER
1033669,10020,NY,NEW YORK
1033864,75240,TX,DALLAS
1033905,78727,TX,AUSTIN
1033969,10036,NY,NEW YORK
1034054,33487,FL,BOCA RATON
1034088,30346,GA,ATLANTA
1034106,15086-7561,PA,WARRENDALE
1034239,60523,IL,OAK BROOK
1034258,48098,MI,TROY
1034379,27104,NC,WINSTON SALEM
1034397,94612,CA,OAKLAND
1034633,61791-0001,IL,BLOOMINGTON
1034650,17101,PA,HARRISBURG
1034665,19809,DE,WILMINGTON
1034669,98109-4932,WA,SEATTLE
1034670,84405,UT,OGDEN
1034755,78730,TX,AUSTIN
1034842,94080,CA,SOUTH SAN FRANCISCO
1035002,78269-6000,TX,SAN ANTONIO
1035018,07102,NJ,NEWARK
1035096,22030,VA,FAIRFAX
1035181,92127,CA,SAN DIEGO
1035185,34202,FL,BRADENTON
1035201,95112,CA,SAN JOSE
1035267,94086,CA,SUNNYVALE
1035354,02476,MA,ARLINGTON
1035374,67206,KS,WICHITA
1035443,91101,CA,PASADENA
1035656,94111,CA,SAN FRANCISCO
1035675,02199,MA,BOSTON
1035688,17055,PA,MECHANICSBURG
1035713,94105,CA,SAN FRANCISCO
1035744,92121,CA,SAN DIEGO
1035748,94568,CA,DUBLIN
1035815,19067,PA,YARDLEY
1035826,08837,NJ,EDISON
1035884,28602,NC,HICKORY
1035910,03801-3852,NH,PORTSMOUTH
1035983,77024,TX,HOUSTON
1035985,73134,OK,OKLAHOMA CITY
1036044,92705,CA,SANTA ANA
1036052,10036-1532,NY,NEW YORK
1036075,92612,CA,IRVINE
1036081,00000,K3,"TSUEN WAN, NEW TERRI"
1036188,93108,CA,SANTA BARBARA
1036262,08054,NJ,MT. LAUREL
1036425,94107,CA,SAN FRANCISCO
1036588,V6B 5C6,A1,VANCOUVER
1036629,20850,MD,ROCKVILLE
1036848,94306,CA,PALO ALTO
1036960,95134,CA,SAN JOSE
1036968,94080,CA,SOUTH SAN FRANCISCO
1037016,20190,VA,RESTON
1037038,10022,NY,NEW YORK
1037275,91302,CA,CALABASAS
1037388,20008,DC,WASHINGTON
1037390,10022,NY,NEW YORK
1037461,01581,MA,WESTBOROUGH
1037540,02199,MA,BOSTON
1037646,43240,OH,COLUMBUS
1037676,63141,MO,ST LOUIS
1037760,94089,CA,SUNNYVALE
1037868,19312,PA,BERWYN
1037897,10017,NY,NEW YORK
1037949,80202,CO,DENVER
1037975,32746-6232,FL,LAKE MARY
1037976,60601,IL,CHICAGO
1038074,78701,TX,AUSTIN
1038133,80538,CO,LOVELAND
1038186,19809,DE,WILMINGTON
1038190,19809,DE,WILMINGTON
1038205,72223,AR,LITTLE ROCK
1038222,10036,NY,NEW YORK
1038223,92656,CA,ALISO VIEJO
1038237,33637,FL,TAMPA
1038271,46268,IN,INDIANAPOLIS
1038280,02451,MA,WALTHAM
1038339,60606,IL,CHICAGO
1038357,75038,TX,IRVING
1038363,33308,FL,FORT LAUDERDALE
1038368,85007,AZ,PHOENIX
1038457,10105,NY,NEW YORK
1038520,10286,NY,NEW YORK
1038698,63011,MO,MANCHESTER
1038914,77079-4483,TX,HOUSTON
1039001,85258,AZ,SCOTTSDALE
1039065,90250,CA,HAWTHORNE
1039101,10016,NY,NEW YORK
1039151,45202-2902,OH,CINCINNATI
1039160,94043,CA,MOUNTAIN VIEW
1039184,32226,FL,JACKSONVILLE
1039213,90292,CA,MARINA DEL REY
1039399,94551,CA,LIVERMORE
1039684,74103,OK,TULSA
1039803,20814,MD,BETHESDA
1039826,10154-0004,NY,NEW YORK
1039828,50266,IA,WEST DEMOINES
1039889,85255,AZ,SCOTTSDALE
1040017,02472,MA,WATERTOWN
1040061,02114,MA,BOSTON
1040161,97224,OR,PORTLAND
1040241,02116,MA,BOSTON
1040261,75206,TX,DALLAS
1040328,80124,CO,LITTLETON
1040416,27703-8466,NC,DURHAM
1040426,48083,MI,TROY
1040441,72919,AR,FORT SMITH
1040454,92083,CA,VISTA
1040470,94539,CA,FREMONT
1040570,20171,VA,HERNDON
1040587,10022,NY,NEW YORK
1040593,77002,TX,HOUSTON
1040596,30005,GA,ALPHARETTA
1040612,53711,WI,MADISON
1040623,30092,GA,NORCROSS
1040660,80504,CO,LONGMONT
1040666,95138-1015,CA,SAN JOSE
1040719,19034,PA,FORT WASHINGTON
1040829,37214,TN,NASHVILLE
1040853,94041,CA,MOUNTAIN VIEW
1040971,10017,NY,NEW YORK
1040973,07927,NJ,CEDAR KNOLLS
1041061,40213,KY,LOUISVILLE
1041101,80112-3924,CO,CENTENNIAL
1041102,80112-3924,CO,CENTENNIAL
1041255,80021,CO,BROOMFIELD
1041326,10020,NY,NEW YORK
1041333,30339,GA,ATLANTA
1041368,98660,WA,VANCOUVER
1041379,30346,GA,ATLANTA
1041403,97124,OR,HILLSBORO
1041418,95110,CA,SAN JOSE
1041426,27215,NC,BURLINGTON
1041577,06810-4169,CT,DANBURY
1041652,92081,CA,VISTA
1041657,20910,MD,SILVER SPRING
1041665,19422,PA,BLUE BELL
1041673,60606,IL,CHICAGO
1041677,10036,NY,NEW YORK
1041803,92123,CA,SAN DIEGO
1041858,20170,VA,HERNDON
1041859,07094,NJ,SECAUCUS
1041866,94104,CA,SAN FRANCISCO
1042046,45202,OH,CINCINNATI
1042064,16365,PA,WARREN
1042074,94560,CA,NEWARK
1042134,95014,CA,CUPERTINO
1042173,94612-2040,CA,OAKLAND
1042185,78746,TX,AUSTIN
1042351,30326,GA,ATLANTA
1042431,95134,CA,SAN JOSE
1042561,98101,WA,SEATTLE
1042598,43040,OH,MARYSVILLE
1042776,30342,GA,ATLANTA
1042783,80501,CO,LONGMONT
1042798,60611,IL,CHICAGO
1042809,08009,NJ,BERLIN
1042810,33179,FL,NORTH MIAMI BEACH
1042821,78727,TX,AUSTIN
1042825,93012,CA,CAMARILLO
1042893,77338,TX,HUMBLE
1043000,75254,TX,DALLAS
1043044,33139,FL,MIAMI BEACH
1043134,94043,CA,MOUNTAIN VIEW
1043219,10036,NY,NEW YORK
1043236,40223,KY,LOUISVILLE
1043277,55347,MN,EDEN PRAIRIE
1043325,10007,NY,NEW YORK
1043337,48377,MI,NOVI
1043382,63166-6760,MO,ST. LOUIS
1043432,04217,ME,BETHEL
1043434,19809,DE,WILMINGTON
1043476,20770,MD,GREENBELT
1043509,28211,NC,CHARLOTTE
1043604,94089,CA,SUNNYVALE
1043639,78746,TX,AUSTIN
1043769,95134,CA,SAN JOSE
1043914,02142,MA,CAMBRIDGE
1043915,30305,GA,ATLANTA
1043946,19355,PA,MALVERN
1043951,21209,MD,BALTIMORE
1043961,06511,CT,NEW HAVEN
1044324,33634,FL,TAMPA
1044430,68131,NE,OMAHA
1044435,78758,TX,AUSTIN
1044566,60604,IL,CHICAGO
1044590,98203-1264,WA,EVERETT
1044650,80466-0653,CO,NEDERLAND
1044777,02210,MA,BOSTON
1044942,37207,TN,BRENTWOOD
1045014,85281,AZ,TEMPE
1045018,01301,MA,GREENFIELD
1045126,19809,DE,WILMINGTON
1045150,30092,GA,NORCROSS
1045309,21044,MD,COLUMBIA
1045425,19103,PA,PHILADELPHIA
1045450,64106,MO,KANSAS CITY
1045487,45385,OH,BEAVERCREEK
1045560,08830,NJ,ISELIN
1045598,98108,WA,SEATTLE
1045609,94111,CA,SAN FRANCISCO
1045688,02116,MA,BOSTON
1045739,94939-1824,CA,LARKSPUR
1045769,85260,AZ,SCOTTSDALE
1045810,95051,CA,SANTA CLARA
1045829,37215,TN,NASHVILLE
1045956,90017,CA,LOS ANGELES
1046025,98501,WA,OLYMPIA
1046026,02116,MA,BOSTON
1046027,02116,MA,BOSTON
1046131,60143,IL,ITASCA
1046188,13126,DE,OSWEGO
1046209,10990-0591,NY,WARWICK
1046212,70520,LA,CARENCRO
1046232,02116,MA,BOSTON
1046233,02116,MA,BOSTON
1046257,60154,IL,WESTCHESTER
1046292,60606,IL,CHICAGO
1046311,20852,MD,NORTH BETHESDA
1046327,98134,WA,SEATTLE
1046356,83712,ID,BOISE
1046399,02116,MA,BOSTON
1046501,55403,MN,MINNEAPOLIS
1046568,60173,IL,SCHAUMBURG
1046578,33021,FL,HOLLYWOOD
1046692,00000,K3,HUNG HOM KOWLOON HON
1046832,80027,CO,LOUISVILLE
1046859,46064,IN,PENDLETON
1046861,04260,ME,NEW GLOUCESTER
1046880,08054,NJ,MT LAUREL
1047098,43025,OH,HEBRON
1047112,80202,CO,DENVER
1047122,02451-1449,MA,WALTHAM
1047125,73116-2087,OK,OKLAHOMA CITY
1047127,85284,AZ,TEMPE
1047188,12563-2335,NY,PATTERSON
1047202,98103,WA,SEATTLE
1047304,92660,CA,NEWPORT BEACH
1047334,37130,TN,MURFREESBORO
1047335,37130,TN,MURFREESBORO
1047340,33134,FL,CORAL GABLES
1047499,92008,CA,CARLSBAD
1047699,37620,TN,BRISTOL
1047712,10017,NY,NEW YORK
1047862,10003,NY,NEW YORK
1047884,90401,CA,SANTA MONICA
1047909,10004,NY,NEW YORK
1047919,02459,MA,NEWTON
1047947,60123,IL,ELGIN
1047965,V2X 0Y6,A1,MAPLE RIDGE
1048133,19106-2354,PA,PHILADELPHIA
1048268,77478,TX,HOUSTON
1048286,20814,MD,BETHESDA
1048422,33431,FL,BOCA RATON
1048477,94949,CA,NOVATO
1048566,97201,OR,PORTLAND
1048611,02108,MA,BOSTON
1048664,10010,NY,NEW YORK
1048695,98104,WA,SEATTLE
1048702,43215,OH,COLUMBUS
1048911,38120-,TN,MEMPHIS
1048982,94089,CA,SUNNYVALE
1049011,00000,F5,"TAIPEI, TAIWAN ROC"
1049108,74135,OK,TULSA
1049210,92121,CA,SAN DIEGO
1049231,92660,CA,NEWPORT BEACH
1049316,22102,VA,MCLEAN
1049442,60173,IL,SCHAUMBURG
1049480,10001,NY,NEW YORK
1049502,01810,MA,ANDOVER
1049521,01810,MA,ANDOVER
1049549,19809,DE,WILMINGTON
1049606,75240-2620,TX,DALLAS
1049782,02116,MA,BOSTON
1049787,02110,MA,BOSTON
1050007,84060,UT,PARK CITY
1050031,92660,CA,NEWPORT BEACH
1050080,10019,NY,NEW YORK
1050112,10022,NY,NEW YORK
1050122,84020,UT,DRAPER
1050167,33624,FL,TAMPA
1050180,02451,MA,WALTHAM
1050377,03054,NH,MERRIMACK
1050446,22182,VA,TYSONS CORNER
1050550,94538,CA,FREMONT
1050606,75063,TX,IRVING
1050658,10105,NY,NEW YORK
1050690,08534,NJ,PENNINGTON
1050743,07921,NJ,BEDMINSTER
1050776,94538,CA,FREMONT
1050797,97229,OR,PORTLAND
1050808,94086,CA,SUNNYVALE
1050825,49508,MI,GRAND RAPIDS
1050915,77008-1044,TX,HOUSTON
1050918,45246,OH,CINCINNATI
1050957,42103,KY,BOWLING GREEN
1050996,18201,PA,HAZLETON
1051003,19809,DE,WILMINGTON
1051004,19809,DE,WILMINGTON
1051009,94564,CA,PINOLE
1051010,02109-1820,MA,BOSTON
1051034,77042,TX,HOUSTON
1051092,07095,NJ,WOODBRIDGE
1051114,30097,GA,DULUTH
1051251,10281,NY,NEW YORK
1051286,36606,AL,MOBILE
1051343,93117,CA,GOLETA
1051379,60160,IL,MELROSE PARK
1051381,60201,IL,EVANSTON
1051431,77042,TX,HOUSTON
1051470,77024,TX,HOUSTON
1051490,83713,ID,BOISE
1051512,60602,IL,CHICAGO
1051562,07102-4077,NJ,NEWARK
1051627,94538,CA,FREMONT
1051628,HM 11,D0,HAMILTON
1051717,50266,IA,WEST DES MOINES
1051719,22209-2411,VA,ARLINGTON
1051741,14210,NY,BUFFALO
1051771,28217-4500,NC,CHARLOTTE
1051822,10573,NY,RYE BROOK
1051823,10573,NY,RYE BROOK
1051825,46077,IN,INDIANAPOLIS
1051848,85012,AZ,PHOENIX
1051859,72455,AR,POCAHONTAS
1051862,10020,NY,NEW YORK
1052045,38120,TN,MEMPHIS
1052054,78756,TX,AUSTIN
1052100,66202-4200,KS,OVERLAND PARK
1052102,53202,WI,MILWAUKEE
1052163,33634-7513,FL,TAMPA
1052303,95054,CA,SANTA CLARA
1052327,98004,WA,BELLEVUE
1052427,10154-0004,NY,NEW YORK
1052489,10523,NY,ELMSFORD
1052547,19406,PA,KING OF PRUSSIA
1052593,02035,MA,FOXBOROUGH
1052752,10017-6376,NY,NEW YORK
1052837,94555,CA,FREMONT
1053112,11714,NY,BETHPAGE
1053148,30328,GA,ATLANTA
1053221,92121,CA,SAN DIEGO
1053352,95110,CA,SAN JOSE
1053361,94043,CA,MOUNTAIN VIEW
1053374,94065,CA,REDWOOD SHORES
1053425,19087,PA,WAYNE
1053507,02116,MA,BOSTON
1053532,20814,MD,BETHESDA
1053555,53402,WI,RACINE
1053650,77042,TX,HOUSTON
1053691,02116,MA,BOSTON
1053706,02116,MA,BOSTON
1053988,19809,DE,WILMINGTON
1054070,85260,AZ,SCOTTSDALE
1054102,07054,NJ,PARSIPPANY
1054290,28211,NC,CHARLOTTE
1054298,94607,CA,OAKLAND
1054303,10017,NY,NEW YORK
1054374,92617-3038,CA,IRVINE
1054424,10022,NY,NEW YORK
1054538,44060,OH,MENTOR
1054556,10019,NY,NEW YORK
1054579,79102,TX,AMARILLO
1054721,98058,WA,RENTON
1054833,20817,MD,BETHESDA
1054905,80112,CO,ENGLEWOOD
1054930,30071,GA,NORCROSS
1055160,10022,NY,NEW YORK
1055264,32801,FL,ORLANDO
1055355,98021-3904,WA,BOTHELL
1055454,54942,WI,GREENVILLE
1055455,80112-5314,CO,ENGLEWOOD
1055726,19462,PA,PLYMOUTH MEETING
1055870,46176,IN,SHELBYVILLE
1056064,30305,GA,ATLANTA
1056087,95852,CA,SACRAMENTO
1056218,33418-1748,FL,PALM BEACH GARDENS
1056239,10016,NY,NEW YORK
1056285,37027,TN,BRENTWOOD
1056289,02109,MA,BOSTON
1056294,95054,CA,SANTA CLARA
1056358,75028,TX,FLOWER MOUND
1056386,20190,VA,RESTON
1056421,94013,CA,MOUNTAIN VIEW
1056696,30339,GA,ATLANTA
1056707,10289,NY,NEW YORK
1056794,94538,CA,FREMONT
1056811,66064,KS,OSAWATOMIE
1056874,53214,WI,MILWAUKEE
1056903,91773-9016,CA,SAN DIMAS
1056904,33907,FL,FT. MYERS
1056923,55317,MN,CHANHASSEN
1057007,12534,NY,HUDSON
1057051,10036,NY,NEW YORK
1057058,77380,TX,THE WOODLANDS
1057060,33759,FL,CLEARWATER
1057083,60108,IL,BLOOMINGDALE
1057217,27709-4528,NC,RTP
1057234,77041,TX,HOUSTON
1057352,22209,VA,ARLINGTON
1057379,33131,FL,MIAMI
1057436,60606-3415,IL,CHICAGO
1057507,38117,TN,MEMPHIS
1057689,10018,NY,NEW YORK
1057693,77041,TX,HOUSTON
1057706,00908-0146,PR,SAN JUAN
1057709,75244,TX,DALLAS
1057725,33178,FL,MIAMI
1057746,19803,DE,WILMINGTON
1057758,80124,CO,LITTLETON
1057861,10286,NY,NEW YORK
1057877,83702-5627,ID,BOISE
1058033,55121,MN,EAGAN
1058057,NA,D0,HAMILTON HM 10
1058083,06851,CT,NORWALK
1058090,92660,CA,NEWPORT BEACH
1058177,95973,CA,CHICO
1058239,10018,NY,NEW YORK
1058265,94105,CA,SAN FRANCISCO
1058289,94538,CA,FREMONT
1058290,07666,NJ,TEANECK
1058299,02154,MA,WALTHAM
1058425,94023,CA,LOS ALTOS
1058438,46321,IN,MUNSTER
1058441,44406,OH,CANFIELD
1058444,63017,MO,TOWN & COUNTRY
1058539,19128,PA,PHILADELPHIA
1058623,30305,GA,ATLANTA
1058703,75207,TX,DALLAS
1058802,32256,FL,JACKSONVILLE
1058811,33180,FL,AVENTURA
1058959,34104,FL,NAPLES
1059040,07311,NJ,JERSEY CITY
1059142,68154,NE,OMAHA
1059155,95035,CA,MILPITAS
1059167,70381,LA,MORGAN CITY
1059238,02116,MA,BOSTON
1059262,60601-7702,IL,CHICAGO
1059272,94005,CA,BRISBANE
1059324,77002,TX,HOUSTON
1059341,22203,VA,ARLINGTON
1059386,30309,GA,ATLANTA
1059556,10007,NY,NEW YORK
1059562,63301,MO,ST CHARLES
1059581,94904,CA,GREENBRAE
1059763,75074,TX,PLANO
1059784,33025,FL,MIRAMAR
1059786,94085-4521,CA,SUNNYVALE
1059790,27517,NC,CHAPEL HILL
1060009,40202,KY,LOUISVILLE
1060021,10022,NY,NEW YORK
1060024,63146,MO,ST LOUIS
1060232,66607-2207,KS,TOPEKA
1060349,06830,CT,GREENWICH
1060390,02021,MA,CANTON
1060391,85054,AZ,PHOENIX
1060392,10019,NY,NEW YORK
1060439,91103,CA,PASADENA
1060490,21046-9400,MD,COLUMBIA
1060517,10019,NY,NEW YORK
1060523,22102,VA,MCLEAN
1060559,02471-9177,MA,WATERTOWN
1060711,02116,MA,BOSTON
1060736,98021,WA,BOTHELL
1060749,10282,NY,NEW YORK
1060770,72223,AR,LITTLE ROCK
1060801,94105,CA,SAN FRANCISCO
1060822,30326,GA,ATLANTA
1060824,94065,CA,REDWOOD CITY
1060990,76102,TX,FORT WORTH
1061027,92007,CA,CARDIFF
1061130,73106,OK,OKLAHOMA CITY
1061219,77002,TX,HOUSTON
1061322,HM12,D0,BERMUDA
1061353,10010,NY,NEW YORK
1061393,12601,NY,POUGHKEEPSIE
1061571,60902-6800,CT,STAMFORD
1061580,94111,CA,SAN FRANCISCO
1061630,10154,NY,NEW YORK
1061646,77056,TX,HOUSTON
1061692,02740,MA,NEW BEDFORD
1061859,23218,VA,RICHMOND
1061895,08540,NJ,PRINCETON
1061983,94080,CA,SOUTH SAN FRANCISCO
1062019,98104,WA,SEATTLE
1062047,94538,CA,FREMONT
1062128,4959507,L3,PETACH TIKVA
1062216,07645,NJ,MONTVALE
1062231,48211-1198,MI,DETROIT
1062292,10007,NY,NEW YORK
1062374,07311,NJ,JERSEY CITY
1062379,11801,NY,HICKSVILLE
1062417,10105,NY,NEW YORK
1062438,63141,MO,ST LOUIS
1062441,44114,OH,CLEVELAND
1062447,00000,L3,RA ANANA ISRAEL
1062449,55416,MN,MINNEAPOLIS
1062478,94404,CA,SAN MATEO
1062505,33771,FL,LARGO
1062530,55343,MN,MINNETONKA
1062606,95014,CA,CUPERTINO
1062613,28202,NC,CHARLOTTE
1062780,53203-2896,WI,MILWAUKEE
1062822,77381,TX,THE WOODLANDS
1062978,10281-1023,NY,NEW YORK
1063085,94041,CA,MOUNTAIN VIEW
1063254,30092,GA,NORCROSS
1063344,17102,PA,HARRISBURG
1063393,60523,IL,OAK BROOK
1063494,10019,NY,NEW YORK
1063527,55435,MN,BLOOMINGTON
1063561,90025,CA,LOS ANGELES
1063744,06905,CT,STAMFORD
1063761,46204-3438,IN,INDIANAPOLIS
1063946,85258,AZ,SCOTTSDALE
1063980,60010,IL,NORTH BARRINGTON
1063997,93463,CA,SOLVANG
1064046,20850,MD,ROCKVILLE
1064063,08648,NJ,LAWRENCEVILLE
1064122,00000,E9,GRAND CAYMAN CAYMAN
1064236,10543-2647,NY,MAMARONECK
1064481,T2P 2W1,A0,CALGARY
1064535,40206,KY,LOUISVILLE
1064641,02114,MA,BOSTON
1064642,02114,MA,BOSTON
1064648,98144,WA,SEATTLE
1064728,63101-1826,MO,ST LOUIS
1064735,98006,WA,BELLEVUE
1064863,23462,VA,VIRGINIA BEACH
1065034,95110,CA,SAN JOSE
1065049,92111,CA,SAN DIEGO
1065059,20817,MD,BETHESDA
1065087,12203-5154,NY,ALBANY
1065088,95125,CA,SAN JOSE
1065201,HMGX,D0,HAMILTON
1065246,95032,CA,LOS GATOS
1065280,95032,CA,LOS GATOS
1065298,35203,AL,BIRMINGHAM
1065332,66061,KS,OLATHE
1065351,75081,TX,RICHARDSON
1065645,20602,MD,ST. CHARLES
1065648,00000,D0,HAMILTON BERMUDA
1065696,37013,TN,ANTIOCH
1065698,02199,MA,BOSTON
1065837,90266,CA,MANHATTAN BEACH
1065865,80206,CO,DENVER
1065899,60069,IL,LINCOLNSHIRE
1066026,98004,WA,BELLEVUE
1066104,22209,VA,ARLINGTON
1066107,77002,TX,HOUSTON
1066134,92707,CA,SANTA ANA
1066138,30326,GA,ATLANTA
1066194,94089,CA,SUNNYVALE
1066254,27824,NC,ENGELHARD
1066602,85258,AZ,SCOTTSDALE
1066605,60606-6303,IL,CHICAGO
1066745,48108,MI,ANN ARBOR
1066833,02184,MA,BRAINTREE
1067063,07311,NJ,JERSEY CITY
1067092,60670,IL,CHICAGO
1067294,37087-4779,TN,LEBANON
1067442,07102,NJ,NEWARK
1067462,10166,NY,NEW YORK
1067466,10017-3147,NY,NEW YORK
1067471,10017-3147,NY,NEW YORK
1067474,10010,NY,NEW YORK
1067475,10017-3147,NY,NEW YORK
1067479,10010,NY,NEW YORK
1067588,94043,CA,MOUNTAIN VIEW
1067606,44143,OH,MAYFIELD VILLAGE
1067701,06902,CT,STAMFORD
1067797,98101,WA,SEATTLE
1067837,19103,PA,PHILADELPHIA
1067839,60515,IL,DOWNERS GROVE
1067983,68131,NE,OMAHA
1068002,10036,NY,NEW YORK
1068132,89113,NV,LAS VEGAS
1068200,75240,TX,DALLAS
1068204,10017,NY,NEW YORK
1068234,19809,DE,WILMINGTON
1068300,77036,TX,HOUSTON
1068602,94520,CA,CONCORD
1068663,44144,OH,BROOKLYN
1068717,15108-2973,PA,PITTSBURGH
1068796,94402,CA,SAN MATEO
1068848,63101,MO,ST LOUIS
1068851,77027,TX,HOUSTON
1068875,75019,TX,DALLAS
1068887,38134,TN,MEMPHIS
1068912,44482,OH,WARREN
1068963,10018,NY,NEW YORK
1068969,94111,CA,SAN FRANCISCO
1069157,91101,CA,PASADENA
1069183,85255,AZ,SCOTTSDALE
1069202,75080,TX,RICHARDSON
1069258,92131,CA,SAN DIEGO
1069353,92660-3095,CA,NEWPORT BEACH
1069469,30071,GA,NORCROSS
1069502,20036,DC,WASHINGTON
1069530,78731,TX,AUSTIN
1069533,24016,VA,ROANOKE
1069822,10104,NY,NEW YORK
1069878,22601,VA,WINCHESTER
1069899,07666,NJ,TEANECK
1069996,33323,FL,SUNRISE
1070081,07059,NJ,WARREN
1070154,10965,NY,PEARL RIVER
1070190,13421,NY,ONEIDA
1070222,47130,IN,JEFFERSONVILLE
1070235,N2K 0A7,A6,WATERLOO
1070287,07102-4077,NJ,NEWARK
1070336,06511,CT,NEW HAVEN
1070380,94065,CA,REDWOOD SHORES
1070412,15317,PA,CANONSBURG
1070423,77002,TX,HOUSTON
1070494,92130,CA,SAN DIEGO
1070517,11749,NY,ISLANDIA
1070524,12414,NY,CATSKILL
1070534,91402,CA,PANORAMA CITY
1070698,94949,CA,NOVATO
1070699,92127,CA,SAN DIEGO
1070732,02109,MA,BOSTON
1070750,20814,MD,BETHESDA
1070764,60523,IL,OAK BROOK
1070778,80237,CO,DENVER
1070794,89109,NV,LAS VEGAS
1070985,37027,TN,BRENTWOOD
1071056,45242,OH,CINCINNATI
1071119,02043,MA,HINGHAM
1071196,47202,IN,COLUMBUS
1071255,10022,NY,NEW YORK
1071336,60606,IL,CHICAGO
1071341,22033,VA,FAIRFAX
1071342,78727,TX,AUSTIN
1071598,95204,CA,STOCKTON
1071620,06870,CT,OLD GREENWICH
1071625,01460,MA,LITTLETON
1071739,63105,MO,ST LOUIS
1071806,98101,WA,SEATTLE
1071992,27601-2950,NC,RALEIGH
1072010,60606,IL,CHICAGO
1072048,27511,NC,CARY
1072258,78664,TX,ROUND ROCK
1072341,60611,IL,CHICAGO
1072342,48098,MI,TROY
1072343,06856-4500,CT,NORWALK
1072377,10281-1010,NY,NEW YORK
1072379,20814,MD,BETHESDA
1072428,48951,MI,LANSING
1072546,27616,NC,MORRISVILLE
1072603,92821,CA,BREA
1072725,HM 08,D0,PEMBROKE
1072962,66202,KS,OVERLAND PARK
1072978,77478,TX,SUGARLAND
1073005,94025,CA,MENLO
1073149,92614,CA,IRVINE
1073330,90071,CA,LOS ANGELES
1073349,03801,NH,PORTSMOUTH
1073429,76039,TX,EULESS
1073431,92008,CA,CARLSBAD
1073508,02210,MA,BOSTON
1073695,94502,CA,ALAMEDA
1073967,94404,CA,SAN MATEO
1074078,27215,NC,BURLINGTON
1074433,66601,KS,TOPEKA
1074447,6341,V8,BAAR
1074530,17344,PA,MCSHERRYSTOWN
1074540,02109,MA,BOSTON
1074684,02109,MA,BOSTON
1074685,02110,MA,BOSTON
1074767,10018,NY,NEW YORK
1074769,60606,IL,CHICAGO
1074771,75024,TX,PLANO
1074772,37027,TN,BRENTWOOD
1074952,60606,IL,CHICAGO
1075046,12180,NY,TROY
1075056,20166,VA,DULLES
1075065,63105,MO,ST. LOUIS
1075066,92571,CA,PERRIS
1075206,V6E 2E9,A1,VANCOUVER BC V6B 4N9
1075247,T2P 3E5,A0,CALGARY
1075343,20007,DC,WASHINGTON
1075348,51101,IA,SIOUX CITY
1075375,53233,WI,MILWAUKEE
1075415,02458,MA,NEWTON
1075531,06854,CT,NORWALK
1075656,85255,AZ,SCOTTSDALE
1075736,85288,AZ,TEMPE
1076167,19341,PA,EXTON
1076195,55317,MN,CHANHASSEN
1076394,02144,MA,SOMERVILLE
1076405,10589-2201,NY,SOMERS
1076481,92121,X1,SAN DIEGO
1076487,60187,IL,WHEATON
1076641,94063,CA,REDWOOD CITY
1076673,10004,NY,NEW YORK
1076930,01730,MA,BEDFORD
1077050,07666,NJ,TEANECK
1077183,33912,FL,FORT MYERS
1077241,92705,CA,SANTA ANA
1077301,98164,WA,SEATTLE
1077370,95630,CA,FOLSOM
1077428,75201,TX,DALLAS
1077452,02109,MA,BOSTON
1077552,07054,NJ,PARSIPPANY
1077688,24115,VA,MARTINSVILLE
1077771,97204,OR,PORTLAND
1077814,94403,CA,SAN MATEO
1077866,94105,CA,SAN FRANCISCO
1077926,07102,NJ,NEWARK
1078075,01886,MA,WESTFORD
1078203,06901,CT,"STAMFORD,"
1078207,98683,WA,VANCOUVER
1078271,27560,NC,MORRISVILLE
1078295,94043,CA,MOUNTAIN VIEW
1078383,02026,MA,DEDHAM
1078425,95054,CA,SANTA CLARA
1078659,19809,DE,WILMINGTON
1079023,01930-2297,MA,GLOUCESTER
1079028,94304-1030,CA,PALO ALTO
1079385,06901,CT,STAMFORD
1079575,60563,IL,NAPERVILLE
1079577,97204,OR,PORTLAND
1079880,01742,MA,CONCORD
1079996,60561,IL,DARIEN
1080014,94010,CA,BURLINGAME
1080029,75230,TX,DALLAS
1080034,75024,TX,PLANO
1080056,10005,NY,NEW YORK
1080099,94063,CA,REDWOOD CITY
1080224,20852,MD,ROCKVILLE
1080306,95014,CA,CUPERTINO
1080310,02109,MA,BOSTON
1080359,10001,NY,NEW YORK
1080667,94043,CA,MOUNTAIN VIEW
1080709,92121,CA,SAN DIEGO
1080720,10580,NY,RYE
1080866,33408,FL,N PALM BEACH
1080922,92618,CA,IRVINE
1081004,92121,CA,SAN DIEGO
1081074,75254,TX,DALLAS
1081078,32819,FL,ORLANDO
1081197,07701,NJ,RED BANK
1081290,95134,CA,SAN JOSE
1081400,28203,NC,CHARLOTTE
1081402,28203,NC,CHARLOTTE
1081630,01803,MA,BURLINGTON
1081658,10036,NY,NEW YORK
1081661,08854,NJ,PISCATAWAY
1081860,99801-8046,AK,JUNEAU
1082038,95014,CA,CUPERTINO
1082064,95110,CA,SAN JOSE
1082114,80112,CO,ENGLEWOOD
1082198,60148,IL,LOMBARD
1082337,94588,CA,PLEASANTON
1082368,34110,FL,NAPLES
1082397,30305,GA,ATLANTA
1082423,92008,CA,CARLSBAD
1082484,66071,KS,PAOLA
1082506,02453,MA,WALTHAM
1082510,06510,CT,NEW HAVEN
1082526,27560,NC,MORRISVILLE
1082554,20910,MD,SILVER SPRING
1082555,10533,NY,IRVINGTON
1082754,37919,TN,KNOXVILLE
1082831,48951,MI,LANSING
1082923,90245,CA,EL SEGUNDO
1083011,V6P 6T3,A1,VANCOUVER BC CANADA
1083132,19006,PA,HUNTINGTON VALLEY
1083269,HM11,D0,HAMILTON
1083301,21601,MD,EASTON
1083318,46278,IN,INDIANAPOLIS
1083446,91801,CA,ALHAMBRA
1083522,98134,WA,SEATTLE
1083652,DE1 3GY,A6,DERBY ENGLAND
1083712,06854,CT,NORWALK
1083839,60606,IL,CHICAGO
1084048,10010,NY,NEW YORK
1084060,85756,AZ,TUCSON
1084103,33634,FL,TAMPA
1084230,55402,MN,MINNEAPOLIS
1084242,01373,MA,SOUTH DEERFIELD
1084380,10017,NY,NEW YORK
1084400,94402,CA,SAN MATEO
1084408,94043,CA,MOUNTAIN VIEW
1084421,10022,NY,NEW YORK
1084577,4672561,L3,HERZLIYA
1084580,10022,NY,NEW YORK
1084726,01887,MA,WILMINGTON
1084727,35243,AL,BIRMINGHAM
1084750,01810,MA,ANDOVER
1084755,94085,CA,SUNNYVALE
1084765,75248,TX,DALLAS
1084817,94066,CA,SAN BRUNO
1084827,95134,CA,SAN JOSE
1084869,11753,NY,JERICHO
1084876,95134,CA,SAN JOSE
1084887,00681-1180,PR,MAYAGUEZ
1085104,91748,CA,CITY OF INDUSTRY
1085209,47112,IN,CORYDON
1085223,01581,MA,WESTBOROUGH
1085280,94304,CA,PALO ALTO
1085392,98004,WA,BELLEVUE
1085421,10105,NY,NEW YORK
1085482,43054,OH,NEW ALBANY
1085621,19087,PA,RADNOR
1085636,767022638,TX,WACO
1085653,60602,IL,CHICAGO
1085707,98033,WA,KIRKLAND
1085734,75270,TX,DALLAS
1085770,91362,CA,WESTLAKE VILLAGE
1085776,94301,CA,PALO ALTO
1085866,06511,CT,NEW HAVEN
1085869,63141,MO,SAINT LOUIS
1085913,95240-2184,CA,LODI
1086195,02142,MA,CAMBRIDGE
1086222,02142,MA,CAMBRIDGE
1086319,80237,CO,DENVER
1086467,98004,WA,BELLEVUE
1086472,07102,NJ,NEWARK
1086600,74119,OK,TULSA
1086740,10003,NY,NEW YORK
1086757,60603,IL,CHICAGO
1086774,06902,CT,STAMFORD
1086844,30303,GA,ATLANTA
1086909,20878,MD,GAITHERSBURG
1086939,60606,IL,CHICAGO
1087294,37203,TN,"NASHVILLE,"
1087414,10017,NY,NEW YORK
1087423,27601,NC,RALEIGH
1087432,94005,CA,BRISBANE
1087774,80112-3924,CO,CENTENNIAL
1087783,60606,IL,CHICAGO
1087785,60606,IL,CHICAGO
1087786,60606,IL,CHICAGO
1087787,60606,IL,CHICAGO
1087788,60606,IL,CHICAGO
1087875,60601,IL,CHICAGO
1087934,84070,UT,SANDY
1087955,98011,WA,BOTHELL
1088022,37830,TN,OAK RIDGE
1088033,92656,CA,ALISO VIEJO
1088034,78231,TX,SAN ANTONIO
1088143,95131,CA,SAN JOSE
1088144,13440,NY,ROME
1088162,M5J 2T3,A6,TORONTO ONTARIO
1088454,94089,CA,SUNNYVALE
1088514,98201,WA,EVERETT
1088653,95119,CA,SAN JOSE
1088771,10580,NY,RYE
1088825,95002,CA,SAN JOSE
1088856,94065,CA,REDWOOD CITY
1089029,33433,FL,BACA RATON
1089044,10006-3008,NY,NEW YORK
1089063,15108,PA,CORAOPOLIS
1089094,19809,DE,WILMINGTON
1089107,10017,NY,NEW YORK
1089143,92705,CA,SANTA ANA
1089443,97008,OR,BEAVERTON
1089473,01803,MA,BURLINGTON
1089503,92025,CA,ESCONDIDO
1089504,10017,NY,NEW YORK
1089511,99503,AK,ANCHORAGE
1089541,03801-3852,NH,PORTSMOUTH
1089575,37923,TN,KNOXVILLE
1089613,94402,CA,SAN MATEO
1089638,61580,L3,TELAVIV ISRAEL
1089697,77002,TX,HOUSTON
1089819,71360-5226,LA,PINEVILLE
1089821,19809,DE,WILMINGTON
1089830,50595-0638,IA,WEBSTER CITY
1089872,80027-2452,CO,LOUISVILLE
1089874,115114,1Z,MOSCOW
1089876,10004,NY,NEW YORK
1089907,75225,TX,DALLAS
1089951,06901,CT,STAMFORD
1089953,33166,FL,MIAMI
1089976,60045,IL,LAKE FOREST
1090012,77024,TX,HOUSTON
1090061,44122,OH,BEACHWOOD
1090069,92780,CA,TUSIN
1090071,95110,CA,SAN JOSE
1090116,60606,IL,CHICAGO
1090117,60606,IL,CHICAGO
1090118,60606,IL,CHICAGO
1090119,60606,IL,CHICAGO
1090120,60606,IL,CHICAGO
1090121,60606,IL,CHICAGO
1090122,60606,IL,CHICAGO
1090123,60606,IL,CHICAGO
1090155,07102,NJ,NEWARK
1090215,95134,CA,SAN JOSE
1090403,20850,MD,ROCKVILLE
1090425,70808,LA,BATON ROUGE
1090431,08536,NJ,PLAINSBORO
1090504,10001,NY,NEW YORK
1090507,10022,NY,NEW YORK
1090514,518026,F4,"FUTIAN, DISTRICT SHENZHEN"
1090682,85258,AZ,SCOTTSDALE
1090697,10573,NY,RYE BROOK
1090701,10573,NY,RYE BROOK
1090702,10573,NY,RYE BROOK
1090727,30328,GA,ATLANTA
1090872,95051,CA,SANTA CLARA
1090908,46032,IN,CARMEL
1091158,92121,CA,SAN DIEGO
1091171,98104,WA,SEATTLE
1091284,10018,NY,NEW YORK
1091312,37215,TN,NASHVILLE
1091439,55416-1297,MN,MINNEAPOLIS
1091462,15237-7010,PA,PITTSBURGH
1091530,20002,DC,WASHINGTON
1091596,77054,TX,HOUSTON
1091667,06902,CT,STAMFORD
1091735,43016,OH,DUBLIN
1091748,10018,NY,NEW YORK
1091756,01803,MA,BURLINGTON
1091801,10001,NY,NEW YORK
1091862,06749,CT,MIDDLEBURY
1091883,01803-4238,MA,BURLINGTON
1091907,06902,CT,STAMFORD
1091953,14604,NY,ROCHESTER
1091973,98006,WA,BELLEVUE
1092006,92117,CA,SAN DIEGO
1092013,92705,CA,SANTA ANA
1092050,92121,CA,SAN DIEGO
1092283,20817,MD,BETHESDA
1092289,75001,TX,ADDISON
1092367,01824,MA,CHELMSFORD
1092458,92660,CA,NEWPORT BEACH
1092605,32958,FL,SEBASTIAN
1092662,11788,NY,HAUPPAUGE
1092699,55402,MN,MINNEAPOLIS
1092720,20850,MD,ROCKVILLE
1092796,37801,TN,MARYVILLE
1092895,02110,MA,BOSTON
1092896,02199,MA,BOSTON
1093062,75240,TX,DALLAS
1093082,63141,MO,ST LOUIS
1093193,20191,VA,RESTON
1093207,78759,TX,AUSTIN
1093242,94404,CA,FOSTER CITY
1093273,L4G 7K1,A6,ONTARIO CANADA
1093428,60606,IL,CHICAGO
1093434,10019,NY,NEW YORK
1093439,02110,MA,BOSTON
1093546,98121,WA,SEATTLE
1093557,92121,CA,SAN DIEGO
1093649,02141,MA,CAMBRIDGE
1093691,12159,NY,SLINGERLANDS
1093728,98520,WA,ABERDEEN
1093779,94538,CA,FREMONT
1093885,95124,CA,SAN JOSE
1094005,00000,F4,BEIJING 100193
1094007,95008,CA,CAMPBELL
1094017,H7V4B3,A8,QUEBEC CANADA
1094019,10001,NY,NEW YORK
1094058,33334,FL,FORT LAUDERDALE
1094087,92130,CA,SAN DIEGO
1094093,27601,NC,RALEIGH
1094238,14623-1457,NY,ROCHESTER
1094243,75019,TX,COPPELL
1094285,91360,CA,THOUSAND OAKS
1094286,92660,CA,NEWPORT BEACH
1094348,60606,IL,CHICAGO
1094360,55403,MN,MINNEAPOLIS
1094392,01887,MA,WILMINGTON
1094521,02109,MA,BOSTON
1094522,02109,MA,BOSTON
1094561,80111,CO,GREENWOOD VILLAGE
1094647,10019,NY,NEW YORK
1094738,27702-3221,NC,DURHAM
1094739,94089,CA,SUNNYVALE
1094808,10013,NY,NEW YORK
1094814,66210,KS,OVERLAND PARK
1094816,V8W 1G2,A1,VICTORIA
1094831,10022,NY,NEW YORK
1094885,02114,MA,BOSTON
1094895,01821,MA,BILLERICA
1094961,94080,CA,SOUTH SAN FRANCISCO
1095073,HM 19,D0,HAMILTON
1095099,000000,P7,NL-6600 AG WIJCHEN
1095105,94402,CA,SAN MATEO
1095266,32751,FL,MAITLAND
1095277,20151,VA,CHANTILLY
1095291,32258,FL,JACKSONVILLE
1095315,75063,TX,IRVING
1095330,95051,CA,SANTA CLARA
1095357,98005,WA,BELLEVUE
1095478,00000,D0,HAMILTON BERMUDA
1095480,95035,CA,MILPITAS
1095594,30093,GA,NORCROSS
1095600,94085,CA,SUNNYVALE
1095651,10036,NY,NEW YORK
1095664,07302,NJ,JERSEY CITY
1095726,02199,MA,BOSTON
1095858,33127,FL,MIAMI
1095901,22202,VA,ARLINGTON
1095981,78756,TX,AUSTIN
1095996,92660,CA,NEWPORT BEACH
1096012,75039,TX,IRVING
1096056,M27 8LN,X0,MANCHESTER
1096142,40202-2412,KY,LOUISVILLE
1096197,48092,L3,ROSH-HA'AYIN
1096199,22030,VA,"FAIRFAX,"
1096219,95134,CA,SAN JOSE
1096325,95035,CA,MILPITAS
1096343,23060-6148,VA,GLEN ALLEN
1096344,33143,FL,SOUTH MIAMI
1096376,19034,PA,FORT WASHINGTON
1096385,47708,IN,EVANSVILLE
1096479,28277,NC,CHARLOTTE
1096481,V6A 1B6,A1,VANCOUVER
1096509,33602,FL,TAMPA
1096512,90245-1022,CA,EL SEGUNDO
1096658,02420,MA,LEXINGTON
1096738,94403,CA,SAN MATEO
1096752,06484,CT,SHELTON
1096788,31833,GA,WEST POINT
1096791,T2R 1M6,A0,CALGARY
1096962,10036,NY,NEW YORK
1097136,92618,CA,IRVINE
1097149,85288,AZ,TEMPE
1097264,80020,CO,WESTMINSTER
1097290,08536,DE,WILMINGTON
1097297,78731,TX,AUSTIN
1097313,77038,TX,THE WOODLANDS
1097338,30004,GA,ROSWELL
1097433,02110,MA,BOSTON
1097503,19087,PA,WAYNE
1097519,02210,MA,BOSTON
1097641,00000,A6,TORONTO
1097668,60606,IL,CHICAGO
1097805,60174,IL,ST. CHARLES
1097864,85250,AZ,SCOTTSDALE
1097882,06040,CT,MANCHESTER
1097892,92121,CA,SAN DIEGO
1097904,53233,WI,MILWAUKEE
1098016,90404,CA,SANTA MONICA
1098074,UB7 0DQ,X0,"WEST DRAYTON, MIDDLE"
1098277,92121,CA,SAN DIEGO
1098402,20190,VA,RESTON
1098482,28217,NC,CHARLOTTE
1098574,02451,MA,WALTHAM
1098605,10019,NY,NEW YORK
1098659,10941,NY,MIDDLETOWN
1098803,60181,IL,OAKBROOK TERRACE
1098834,55344,MN,EDEN PRAIRIE
1098960,27101,NC,WINSTON-SALEM
1098972,02421,MA,LEXINGTON
1099160,34103,FL,NAPLES
1099219,10166,NY,NEW YORK
1099414,77025,TX,HOUSTON
1099517,02135,MA,BRIGHTON
1099590,11300,X3,MONTEVIDEO
1099800,92614,CA,IRVINE
1099932,26507-0656,WV,MORGANTOWN
1099941,10577,NY,PURCHASE
1099944,60610,IL,CHICAGO
1099958,00917,PR,SAN JUAN
1100270,27103,NC,WINSTON SALEM
1100389,94085,CA,SUNNYVALE
1100395,10013,FL,FORT LAUDERDALE
1100412,80301,CO,BOULDER
1100441,32615,FL,ALACHUA
1100451,96004,WA,BELLEVUE
1100514,94107,CA,SAN FRANCISCO
1100644,K2E 5A3,A6,OTTAWA
1100663,94105,CA,SAN FRANCISCO
1100682,01887,MA,WILMINGTON
1100813,94086,CA,SUNNYVALE
1100885,02199,MA,BOSTON
1100917,98101,WA,SEATTLE
1100962,19355,PA,MALVERN
1100969,100086,F4,BEIJING
1101020,90058,CA,VERNON
1101052,80021,CO,WESTMINSTER
1101169,63105,MO,ST LOUIS
1101215,43219,OH,COLUMBUS
1101239,94065,CA,REDWOOD CITY
1101302,01821,MA,BILLERICA
1101396,30097,GA,DULUTH
1101547,94005,CA,BRISBANE
1101680,75024,TX,PLANO
1101723,75001,TX,ADDISON
1101885,55402,MN,MINNEAPOLIS
1102112,92821,CA,BREA
1102266,33880,FL,WINTER HAVEN
1102541,72212,AR,LITTLE ROCK
1102542,84042,UT,LINDON
1102556,94025,CA,MENLO PARK
1102595,94559,CA,NAPA
1102643,10510,NY,BRIARCLIFF MANOR
1102741,92705-5812,CA,SANTA ANA
1102752,00000,D0,HAMILTON HM12 BERMUD
1102934,60504,IL,AURORA
1102993,10018,NY,NEW YORK
1103013,22033,VA,FAIRFAX
1103021,27612,NC,RALEIGH
1103025,30329,GA,ATLANTA
1103076,10036-1532,NY,NEW YORK
1103126,22203,VA,ARLINGTON
1103184,08054,NJ,MT LAUREL
1103234,01701,MA,FRAMINGHAM
1103313,92130,CA,SAN DIEGO
1103345,01879,MA,TYNGSBORO
1103390,92121,CA,SAN DIEGO
1103393,50265,IA,WEST DES MOINES
1103601,20024,DC,WASHINGTON
1103777,80021,CO,BROOMFIELD
1103837,91604,CA,STUDIO CITY
1103982,60607,IL,CHICAGO
1104017,04101,ME,PORTLAND
1104042,95054,CA,SANTA CLARA
1104188,100084,F4,BEIJING
1104252,92806,CA,ANAHEIM
1104332,27601,NC,RALEIGH
1104349,55402,MN,MINNEAPOLIS
1104485,55343,MN,MINNETONKA
1104506,08807,NJ,BRIDGEWATER
1104631,07102-4077,NJ,NEWARK
1104657,44124,OH,MAYFIELD HTS.
1104730,30092,GA,NORCROSS
1104855,19803,DE,WILMINGTON
1105018,10282-1101,NY,NEW YORK
1105076,10011,NY,NEW YORK
1105128,53212,WI,MILWAUKEE
1105184,60062,IL,NORTHBROOK
1105192,07921,NJ,BEDMINSTER
1105446,20036,DC,WASHINGTON
1105472,01886,MA,WESTFORD
1105533,27704,NC,DURHAM
1105542,33431,FL,BOCA RATON
1105705,10019,NY,NEW YORK
1105841,49527,L3,PETACH TIKVA
1105982,84123,UT,SALT LAKE CITY
1106036,02114,MA,BOSTON
1106037,02114,MA,BOSTON
1106038,02142,MA,CAMBRIDGE
1106773,30328,GA,ATALANTA
1106838,08540,NJ,PRINCETON
1106842,91016-3633,CA,MONROVIA
1106851,95054-1512,CA,SANTA CLARA
1106917,10001,NY,NEW YORK
1106942,20001,DC,WASHINGTON
1107050,60601,IL,CHICAGO
1107112,94111,CA,SAN FRANCISCO
1107160,19401,PA,HARLEYSVILLE
1107194,94539,CA,FREMONT
1107216,08540,NJ,PRINCETON
1107274,95131,CA,SAN JOSE
1107332,98101,WA,SEATTLE
1107389,60606,IL,CHICAGO
1107414,02114,MA,BOSTON
1107601,30004,GA,ALPHARETTA
1107694,78218,TX,SAN ANTONIO
1108058,75074,TX,PLANO
1108109,37067,TN,FRANKLIN
1108134,02116,MA,BOSTON
1108185,93117,CA,SANTA BARBARA
1108205,02421,MA,LEXINGTON
1108271,94025,CA,MENLO PARK
1108320,L3R4G8,A6,MARKHAM
1108341,92612,CA,IRVINE
1108426,87102-3289,NM,ALBUQUERQUE
1108472,80112-3924,CO,CENTENNIAL
1108482,94005,CA,BRISBANE
1108487,19004,PA,BALA CYNWYD
1108507,15222,PA,PITTSBURGH
1108524,94105,CA,SAN FRANCISCO
1108630,89501,NV,RENO
1108674,92037,CA,LA JOLLA
1108727,60195,IL,SCHAUMBURG
1108827,80265,CO,DENVER
1108906,06897,CT,WILTON
1108924,20814,MD,BETHESDSA
1108951,95688,CA,VACAVILLE
1108967,77056,TX,HOUSTON
1109076,10017,NY,NEW YORK
1109116,91504,CA,BURBANK
1109189,76102,TX,FORT WORTH
1109190,85251,AZ,SCOTTSDALE
1109196,92121,CA,SAN DIEGO
1109242,90017,CA,LOS ANGELES
1109279,95054,CA,SANTA CLARA
1109304,17603,PA,LANCASTER
1109354,01821,MA,BILLERICA
1109357,60680-5379,IL,CHICAGO
1109441,94403-1906,CA,SAN MATEO
1109525,02903,RI,PROVIDENCE
1109537,94538,CA,FREMONT
1109740,48207,MI,DETROIT
1109808,35805,AL,HUNTSVILLIE
1109935,95054,CA,SANTA CLARA
1109957,10022,NY,NEW YORK
1110009,06511,CT,NEW HAVEN
1110206,94545,CA,HAYWARD
1110507,55402,MN,MINNEAPOLIS
1110647,95131,CA,SAN JOSE
1110783,63167,MO,ST LOUIS
1110803,92122,CA,SAN DIEGO
1110805,78257,TX,SAN ANTONIO
1110822,80206,CO,DENVER
1110903,02021,MA,CANTON
1111001,94070,CA,SAN CARLOS
1111247,59718,MT,BOZEMAN
1111312,92121,CA,SAN DIEGO
1111335,48111,MI,VAN BUREN TOWNSHIP
1111345,02111,MA,BOSTON
1111485,92656,CA,ALISO VIEJO
1111535,19809,DE,WILMINGTON
1111559,33324,FL,PLANTATION
1111565,10286,NY,NEW YORK
1111632,94402,CA,SAN MATEO
1111634,20171,VA,HERNDON
1111665,21401,MD,ANNAPOLIS
1111711,46410-6272,IN,MERRILLVILLE
1111721,60656,IL,CHICAGO
1111928,01752,MA,MARLBOROUGH
1112263,94089,CA,SUNNYVALE
1112412,77002,TX,HOUSTON
1112422,78758,TX,AUSTIN
1112513,05604,VT,MONTPELIER
1112880,94063,CA,REDWOOD CITY
1112920,78249,TX,SAN ANTONIO
1112996,77046,TX,HOUSTON
1113027,48009,MI,BIRMINGHAM
1113099,94304,CA,PALO ALTO
1113148,02138,MA,CAMBRIDGE
1113169,21231,MD,BALTIMORE
1113232,01915,MA,BEVERLY
1113247,22102,VA,MCLEAN
1113256,48084,MI,TROY
1113428,94560,CA,NEWARK
1113481,07054,NJ,PARSIPPANY
1113668,01701,MA,FRAMINGHAM
1113784,19428,PA,CONSHOHOCKEN
1113809,63103,MO,ST LOUIS
1113914,48226,MI,DETROIT
1114068,08873,NJ,SOMERSET
1114084,94538,CA,FREMONT
1114200,55343,MN,MINNETONKA
1114220,02210,MA,BOSTON
1114365,94538,CA,FREMONT
1114483,75024,TX,PLANO
1114529,02142,MA,CAMBRIDGE
1114580,19046,PA,JENKINTOWN
1114617,06492,CT,WALLINGFORD
1114674,95110,CA,SAN JOSE
1114697,19809,DE,WILMINGTON
1114872,07724,NJ,EATONTOWN
1114925,92618,CA,IRVINE
1114927,95620,CA,DIXON
1114937,10580,NY,RYE
1114973,97702,OR,BEND
1114995,98109,WA,SEATTLE
1115055,37203,TN,NASHVILLE
1115091,94105,CA,SAN FRANCISCO
1115128,84106,UT,SALT LAKE CITY
1115143,02421,MA,LEXINGTON
1115222,07078,NJ,SHORT HILLS
1115285,10036,NY,NEW YORK
1116030,77032,TX,HOUSTON
1116075,10036-1532,NY,NEW YORK
1116132,10001,NY,NEW YORK
1116435,01824,MA,CHELMSFORD
1116449,94501,CA,ALAMEDA
1116463,18015,PA,BETHLEHEM
1116521,07920,NJ,BASKING RIDGE
1116613,92626,CA,COSTA MESA
1116616,02109-1820,MA,BOSTON
1116937,10017,NY,NEW YORK
1116942,92707,CA,SANTA ANA
1117042,14534,NY,PITTSFORD
1117106,94403,CA,SAN MATEO
1117119,92121,CA,SAN DIEGO
1117171,116422,F4,DALIAN
1117297,94404,CA,FOSTER CITY
1117414,33607,FL,TAMPA
1117458,19713,DE,"NEWARK,"
1117480,27713,NC,DURHAM
1117733,40243,KY,LOUISVILLE
1118037,54022,WI,RIVER FALLS
1118148,48823,MI,EAST LANSING
1118361,94080,CA,SOUTH SAN FRANCISCO
1118417,94404,CA,SAN MATEO
1118941,95134,CA,SAN JOSE
1119012,94804,CA,RICHMOND
1119720,61791-0001,IL,BLOOMINGTON
1119744,91230,L3,JERUSALEM ISRAEL
1119896,10018,NY,NEW YORK
1120102,79424,TX,LUBBOCK
1120105,32822,FL,ORLANDO
1120155,95054-3115,CA,SANTA CLARA
1120193,10036,NY,NEW YORK
1120295,91302,CA,CALABASAS
1120370,60804,IL,CICERO
1120438,53719-1256,WI,MADISON
1120462,50208,IA,NEWTON
1120662,10019,NY,NEW YORK
1120914,95050,CA,SANTA CLARA
1120924,21231,MD,BALTIMORE
1120970,89440,NV,"VIRGINIA CITY,"
1121142,80234,CO,WESTMINSTER
1121257,48951,MI,LANSING
1121302,92867,CA,ORANGE
1121309,92121,CA,SAN DIEGO
1121439,35242,AL,BIRMINGHAM
1121461,43219,OH,COLUMBUS
1121484,77002,TX,HOUSTON
1121624,20036,DC,WASHINGTON
1121702,01801,MA,WOBURN
1121746,02109,MA,BOSTON
1121786,30339,GA,ATLANTA
1121787,68127,NE,OMAHA
1121936,94043,CA,MOUNTAIN VIEW
1121966,80112-3924,CO,CENTENNIAL
1121980,95110,CA,SAN JOSE
1122304,06156,CT,HARTFORD
1122342,94089,CA,SUNNYVALE
1122425,55447,MN,MINNEAPOLIS
1122668,91367,CA,WOODLAND HILLS
1122787,90069,CA,LOS ANGELES
1122897,22102,VA,TYSONS CORNER
1122904,95134,CA,SAN JOSE
1122976,44012,OH,AVON LAKE
1123270,53223,WI,BROWN DEER
1123313,94089,CA,SUNNYVALE
1123316,06795,CT,WATERTOWN
1123333,90404-3900,CA,SANTA MONICA
1123337,33314,FL,DAVIE
1123360,30326,GA,ATLANTA
1123361,19428,PA,CONSHOHOCKEN
1123494,01746,MA,HOLLISTON
1123647,77027,TX,HOUSTON
1123695,90038,CA,HOLLYWOOD
1123979,92121,CA,SAN DIEGO
1124082,02111,MA,BOSTON
1124083,02111,MA,BOSTON
1124105,92130,CA,SAN DIEGO
1124140,53719,WI,MADISON
1124155,64111,MO,KANSAS CITY
1124198,75039,TX,IRVING
1124524,37027,TN,BRENTWOOD
1124610,94304,CA,PALO ALTO
1124796,98607,WA,CAMAS
1124804,60654,IL,CHICAGO
1124827,90802,CA,LONG BEACH
1124887,55425,MN,MINNEAPOLIS
1124941,20170,VA,HERNDON
1124959,85258,AZ,SCOTTSDALE
1125001,20878,MD,GAITHERSBURG
1125011,60018,IL,ROSEMONT
1125057,76102,TX,FORT WORTH
1125259,00000,X0,SOUTHAMPTON SO15 1ST
1125294,92121,CA,SAN DIEGO
1125345,20850,MD,Rockville
1125376,92675,CA,SAN JUAN CAPISTRANO
1125536,22182,VA,VIENNA
1125603,92121,CA,SAN DIEGO
1125845,27609,NC,RALEIGH
1125914,94104,CA,SAN FRANCISCO
1125920,94065,CA,REDWOOD CITY
1126087,28277,NC,CHARLOTTE
1126234,78756,TX,AUSTIN
1126294,08540,NJ,PRINCETON
1126328,50392,IA,DES MOINES
1126741,94089,CA,SUNNYVALE
1126956,63101,MO,ST LOUIS
1126975,74172,OK,TULSA
1127269,10171,NY,NEW YORK
1127342,73114,OK,OKLAHOMA CITY
1127393,95134,CA,SAN JOSE
1127703,35209,AL,BIRMINGHAM
1127706,60606,IL,CHICAGO
1128261,92110,MA,BOSTON
1128361,90010,CA,LOS ANGELES
1128495,92121,CA,SAN DIEGO
1128928,31757,GA,THOMASVILLE
1129155,37885,TN,VONORE
1129162,79701,TX,MIDLAND
1129260,95126-3495,CA,SAN JOSE
1129425,98102,WA,SEATTLE
1129446,18109,PA,ALLENTOWN
1129552,37932,TN,KNOXVILLE
1129623,40202-2412,KY,LOUISVILLE
1129633,061025056,CT,HARTFORD
1129650,70056,LA,GRETNA
1129833,10017,NY,NEW YORK
1129866,60603,IL,CHICAGO
1129870,10001,NY,NEW YORK
1129981,44114,OH,CLEVELAND
1130166,07922,NJ,BERKELEY HEIGHTS
1130194,94612,CA,OAKLAND
1130258,01730,MA,BEDFORD
1130310,77002,TX,HOUSTON
1130385,RG2 9FW,X0,READING BERKSHIRE
1130464,57709,SD,RAPID CITY
1130591,94063,CA,REDWOOD CITY
1130598,18940,PA,NEWTOWN
1130626,94086,CA,SUNNYVALE
1130713,84123,UT,MURRAY
1130866,01824,MA,CHELMSFORD
1130950,93940,CA,MONTEREY
1131042,94520,CA,CONCORD
1131062,60606,IL,CHICAGO
1131063,60606,IL,CHICAGO
1131096,02472,MA,WATERTOWN
1131227,70433,LA,COVINGTON
1131312,75243,TX,DALLAS
1131324,94063,CA,REDWOOD CITY
1131457,02141,MA,CAMBRIDGE
1131517,94080,CA,SOUTH SAN FRANCISCO
1131543,92121,CA,SAN DIEGO
1131806,94105,CA,SAN FRANCISCO
1131907,20850,MD,"ROCKVILLE,"
1132105,84088,UT,WEST JORDAN
1132327,10022,NY,NEW YORK
1132484,01752,MA,MARLBOROUGH
1132747,23219,VA,RICHMOND
1132809,95113,CA,SAN JOSE
1133016,L6X 4J2,A6,BRAMPTON
1133082,01821,MA,BILLERICA
1133260,76109,TX,FORT WORTH
1133311,10022,NY,NEW YORK
1133324,20007,DC,WASHINGTON
1133416,30071,GA,NORCROSS
1133421,22042,VA,FALLS CHURCH
1133470,93060,CA,SANTA PAULA
1133597,75231,TX,DALLAS
1133818,77401,TX,BELLAIRE
1133872,10022,NY,NEW YORK
1134061,80237,CO,DENVER
1134115,V6C 3L6,A1,VANCOUVER
1134203,94568,CA,DUBLIN
1134538,HM12,D0,HAMILTON
1135152,77086,TX,HOUSTON
1135185,10577-2543,NY,PURCHASE
1135271,90034,CA,LOS ANGELES
1135300,66205,KS,SHAWNEE MISSION
1135338,19004,PA,BALA CYNWYD
1135431,53081,WI,SHEBOYGAN
1135711,95054,CA,SANTA CLARA
1135906,02116,MA,BOSTON
1135971,20068,DC,WASHINGTON
1136294,19801,DE,WILMINGTON
1136352,77002,TX,HOUSTON
1136655,20170,VA,HERNDON
1136796,31833,GA,WEST POINT
1136869,46580,IN,WARSAW
1136893,32202,FL,JACKSONVILLE
1137007,08536,NJ,PLAINSBORO
1137019,06611,CT,TRUMBULL
1137047,10021,NY,NEW YORK
1137048,06902,CT,STAMFORD
1137067,46168,IN,PLAINFIELD
1137091,60191,IL,WOOD DALE
1137154,75080,TX,RICHARDSON
1137184,00918,PR,SAN JUAN
1137342,55474,MN,MINNEAPOLIS
1137360,10017,NY,NEW YORK
1137390,19809,DE,WILMINGTON
1137392,19809,DE,WILMINGTON
1137399,98011-3008,WA,BOTHELL
1137411,52498,IA,CEDAR RAPIDS
1137761,92660,CA,NEWPORT BEACH
1137774,07102,NJ,NEWARK
1137778,34134,FL,BONITA SPRINGS
1137789,739009,U0,SINGAPORE
1137861,38002,TN,ARLINGTON
1137883,10019,NY,NEW YORK
1137885,60606,IL,CHICAGO
1137887,60606,IL,CHICAGO
1137888,60606,IL,CHICAGO
1138118,75201,TX,DALLAS
1138234,30342,GA,ATLANTA
1138301,10020,NY,NEW YORK
1138400,37067,TN,FRANKLIN
1138412,92008,CA,CARLSBAD
1138639,95119,CA,SAN JOSE
1138724,10065,NY,NEW YORK
1138776,19087,PA,WAYNE
1138804,02451,MA,WALTHAM
1138812,94080,CA,SOUTH SAN FRANCISCO
1138830,32901,FL,MELBOURNE
1138951,94608,CA,EMERYVILLE
1139163,94522-3000,CA,CONCORD
1139218,45601-0480,OH,CHILLICOTH
1139463,28277,NC,CHARLOTTE
1139650,84042,UT,LINDON
1139812,60607,IL,CHICAGO
1139819,07302,NJ,JERSEY CITY
1139950,84105-2463,UT,SALT LAKE CITY
1140009,02109,MA,BOSTON
1140157,02109,MA,BOSTON
1140184,10022,NY,NEW YORK
1140392,10019,NY,NEW YORK
1140411,10019,NY,NEW YORK
1140486,95054,CA,SANTA CLARA
1140531,55474,MN,MINNEAPOLIS
1140536,EC3M 7DQ,X0,LONDON ENGLAND
1140859,19428,PA,CONSHOHOCKEN
1140869,10018,NY,NEW YORK
1141107,30024,GA,SUWANEE
1141185,77046,TX,HOUSTON
1141215,80401,CO,GOLDEN
1141222,55423,L3,KIRYAT ONO
1141240,92630,CA,LAKE FOREST
1141270,08401,NJ,ATLANTIC CITY
1141284,94538,CA,FREMONT
1141299,22209,VA,ARLINGTON
1141306,60611,IL,CHICAGO
1141323,66202,KS,OVERLAND PARK
1141363,94538,CA,FREMONT
1141391,10577,NY,PURCHASE
1141399,60173-5837,IL,SCHAUMBURG
1141496,44310,OH,AKRON
1141517,55102,MN,ST. PAUL
1141688,66502,KS,MANHATTAN
1141719,HM 11,D0,HAMILTON HM11
1141766,10112,NY,NEW YORK
1141807,08512,NJ,CRANBURY
1141819,53202,WI,MILWAUKEE
1141982,00000,L2,DUBLIN 2
1142010,10577,NY,PURCHASE
1142406,97035,OR,LAKE OSWEGO
1142417,75062,TX,IRVING
1142512,94608,CA,EMERYVILLE
1142576,07302,NJ,JERSEY CITY
1142596,92121,CA,SAN DIEGO
1142701,91367,CA,WOODLAND HILLS
1142750,75019,TX,DALLAS
1143068,64105,MO,KANSAS CITY
1143155,23219,VA,RICHMOND
1143363,20190-5869,VA,RESTON
1143513,22102,VA,MCLEAN
1143848,01845,MA,NORTH ANDOVER
1143967,64105,MO,KANSAS CITY
1144215,30309,GA,ATLANTA
1144216,48116,MI,BRIGHTON
1144284,55077,MN,INVER GROVE HEIGHTS
1144331,77067,TX,HOUSTON
1144354,08540,NJ,PRINCETON
1144519,63017,MO,CHESTERFIELD
1144528,19107,PA,PHILADELPHIA
1144834,91764,CA,ONTARIO
1144945,19087,PA,RADNOR
1144980,30328,GA,ATLANTA
1145022,90017-5704,CA,LOS ANGELES
1145057,95134,CA,SAN JOSE
1145124,10111,NY,NEW YORK
1145197,01720,MA,ACTON
1145255,94945,CA,NOVATO
1145404,27518,NC,CARY
1145460,02453,MA,WALTHAM
1145728,60606,IL,CHICAGO
1145986,01532,MA,NORTHBOROUGH
1156039,46204,IN,INDIANAPOLIS
1156295,01757,MA,MILFORD
1156375,60606,IL,CHICAGO
1156388,90245-4632,CA,EL SEGUNDO
1156826,80112,CO,ENGLEWOOD
1156906,90025,CA,LOS ANGELES
1157377,20037,DC,WASHINGTON
1157408,20190,VA,RESTON
1157543,10166,NY,NEW YORK
1157602,19034,PA,FORT WASHINGTON
1157624,95051,CA,SANTA CLARA
1157647,01085,MA,WESTFIELD
1157756,61702,IL,BLOOMINGTON
1157780,94538,CA,FREMONT
1157806,T2G 1A6,A0,CALGARY
1157842,10036,NY,NEW YORK
1157972,92081,CA,VISTA
1158172,20190,VA,RESTON
1158223,94014,CA,CUPERTINO
1158265,19462,PA,PLYMOUTH MEETING
1158289,60606,IL,CHICAGO
1158324,20037,DC,WASHINGTON
1158449,27609,NC,RALEIGH
1158463,11101,NY,LONG ISLAND CITY
1158728,60606,IL,CHICAGO
1158729,60606,IL,CHICAGO
1158730,60606,IL,CHICAGO
1158833,08875,NJ,EAST MILLSTONE
1158846,01845,MA,NORTH ANDOVER
1158863,94403,CA,SAN MATEO
1158895,01803,MA,BURLINGTON
1159019,N5W 3Z8,A6,LONDON
1159036,92130,CA,SAN DIEGO
1159119,06870,CT,OLD GREENWICH
1159154,46268,IN,INDIANAPOLIS
1159167,01730,MA,BEDFORD
1159281,02458,MA,NEWTON
1159297,23219-0501,VA,RICHMOND
1160165,201201,F4,PUDONG XIN QU
1160168,10105,NY,NEW YORK
1160206,77069,TX,HOUSTON
1160277,10001-3701,NY,NEW YORK
1160308,78746,TX,AUSTIN
1160425,23060,VA,GLEN ALLEN
1160497,HM 12,D0,HAMILTON
1160513,85023,AZ,PHOENIX
1160791,80111,CO,DENVER
1160851,80112-3924,CO,CENTENNIAL
1160852,80112-3924,CO,CENTENNIAL
1160858,90058,CA,VERNON
1160951,02210,MA,BOSTON
1160958,95134,CA,SAN JOSE
1160990,10019,NY,NEW YORK
1161069,60606,IL,CHICAGO
1161070,60606,IL,CHICAGO
1161315,94065,CA,REDWOOD CITY
1161396,95054,CA,"SANTA CLARA,"
1161448,60604,IL,CHICAGO
1161598,43219,OH,COLUMBUS
1161625,01901,MA,LYNN
1161728,53701-1231,WI,MADISON
1161924,20878,MD,GERMANTOWN
1161935,60606,IL,CHICAGO
1161963,83201,ID,POCATELLO
1161973,19428,PA,WEST CONSHOHOCKEN
1162027,10001,NY,NEW YORK
1162028,10105,NY,NEW YORK
1162030,10105,NY,NEW YORK
1162112,77084,TX,HOUSTON
1162192,20876,MD,GERMANTOWN
1162194,02109,MA,BOSTON
1162298,37923,TN,KNOXVILLE
1162315,99224,WA,SPOKANE
1162461,94005,CA,BRISBANE
1162556,19901,DE,DOVER
1162780,43240,OH,COLUMBUS
1163165,77079,TX,HOUSTON
1163166,80112-3924,CO,CENTENNIAL
1163199,94080,CA,S. SAN FRANCISCO
1163302,15219-2800,PA,PITTSBURGH
1163345,13501,NY,UTICA
1163348,6300,V8,ZUG
1163370,99524-1489,AK,ANCHORAGE
1163428,19087,PA,WAYNE
1163461,07054,NJ,PARSIPPANY
1163698,01730,MA,BEDFORD
1163739,0000,D0,"HAMILTON, HM08"
1163792,10018,NY,NEW YORK
1163842,22030-2801,VA,FAIRFAX
1163848,92618,CA,IRVINE
1163932,92121,CA,SAN DIEGO
1163943,95112,CA,SAN JOSE
1163958,33431,FL,BOCA RATON
1164246,92705,CA,SANTA ANA
1164554,00926,PR,SAN JUAN
1164727,80237,CO,DENVER
1164863,28209,NC,CHARLOTTE
1165002,75201,TX,DALLAS
1165231,94538,CA,FREMONT
1165382,10036,NY,NEW YORK
1165383,60606,IL,CHICAGO
1165460,10119,NY,NEW YORK
1165880,HM 08,D0,PEMBROKE
1166003,06831,CT,GREENWICH
1166036,80202,CO,DENVER
1166126,75024-3698,TX,PLANO
1166203,19087,PA,RADNOR
1166220,94608,CA,EMERYVILLE
1166258,02109,MA,BOSTON
1166260,19312,PA,BERWYN
1166291,38103,TN,MEMPHIS
1166364,10010,NY,NEW YORK
1166380,92630,CA,LAKE FOREST
1166388,11747,NY,MELVILLE
1166409,98021,WA,BOTHELL
1166463,21202-3315,MD,BALTIMORE
1166572,60606,IL,CHICAGO
1166691,19103-2838,PA,PHILADELPHIA
1166729,10001,NY,NEW YORK
1166789,02903,RI,PROVIDENCE
1167178,02451,MA,WALTHAM
1167257,92614,CA,IRVINE
1167368,10286,NY,NEW YORK
1167419,80104,CO,CASTLE ROCK
1167467,19809,DE,WILMINGTON
1167470,19809,DE,WILMINGTON
1167801,08534,NJ,PENNINGTON
1167880,75244,TX,DALLAS
1167896,95112,CA,SAN JOSE
1168054,80203-4537,CO,DENVER
1168061,10019,NY,NEW YORK
1168164,02114,MA,BOSTON
1168195,21046,MD,COLUMBIA
1168197,27616,NC,RALEIGH
1168213,07071,NJ,LYNDHURST
1168230,08108,NJ,COLLINGSWOOD
1168335,92705,CA,SANTA ANA
1168478,60069,IL,LINCOLNSHIRE
1168644,10016,NY,NEW YORK
1168652,92617,CA,IRVINE
1168696,37920,TN,KNOXVILLE
1168786,77046-1173,TX,HOUSTON
1169029,19809,DE,WILMINGTON
1169034,19809,DE,WILMINGTON
1169055,77478,TX,SUGAR LAND
1169245,19355,PA,MALVERN
1169264,33647,FL,TAMPA
1169358,27513,NC,CARY
1169445,36602,AL,MOBILE
1169561,07724,NJ,TINTON FALLS
1169578,10022,NY,NEW YORK
1169580,10022,NY,NEW YORK
1169582,10166,NY,NEW YORK
1169583,10022,NY,NEW YORK
1169652,27560,NC,MORRISVILLE
1169770,92707,CA,SANTA ANA
1169988,90024,CA,LOS ANGELES
1170010,23238,VA,RICHMOND
1170035,10022,NY,NEW YORK
1170206,10105,NY,NEW YORK
1170534,00000,A6,KANATA ONTARIO CANADA K2K 2W7
1170565,77056,TX,HOUSTON
1170593,10017,NY,NEW YORK
1170605,68508,NE,LINCOLN
1170611,90025,CA,LOS ANGELES
1170650,07417,NJ,FRANKLIN LAKES
1170895,10017,NY,NEW YORK
1170991,80202,CO,DENVER
1171014,02108,MA,BOSTON
1171032,63103,MO,ST LOUIS
1171061,10166,NY,NEW YORK
1171159,60632,IL,CHICAGO
1171218,48034,MI,SOUTHFIELD
1171298,94545,CA,HAYWARD
1171324,53202,WI,MILWAUKEE
1171471,60563,IL,NAPERVILLE
1171500,HM08,D0,PEMBROKE
1171529,95134,CA,SAN JOSE
1171662,00920,PR,SAN JUAN
1171759,80112,CO,ENGLEWOOD
1171825,07039,NJ,LIVINGSTON
1172052,02110,MA,BOSTON
1172072,90071,CA,LOS ANGELES
1172139,80202,CO,DENVER
1172168,60606,IL,CHICAGO
1172221,10105,NY,NEW YORK
1172222,96819,HI,HONOLULU
1172243,45432,OH,DAYTON
1172353,07740,NJ,LONG BRANCH
1172480,92130,CA,SAN DIEGO
1173172,21201,MD,BALTIMORE
1173204,10001,NY,NEW YORK
1173420,84111,UT,SALT LAKE CITY
1173431,68154,NE,OMAHA
1173489,20850,MD,ROCKVILLE
1173495,60606,IL,CHICAGO
1173514,44124,OH,CLEVELAND
1173557,10018,NY,NEW YORK
1173657,08540,NJ,PRINCETON
1173752,94089,CA,SUNNYVALE
1173788,10281-1010,NY,NEW YORK
1173942,46268,IN,INDIANAPOLIS
1173981,77046,TX,HOUSTON
1174164,91101,CA,PASADENA
1174490,45202,OH,CINCINNATI
1174520,02109,MA,BOSTON
1174527,89128,NV,LAS VEGAS
1174561,80112-3924,CO,CENTENNIAL
1174563,80112-3924,CO,CENTENNIAL
1174735,92128,CA,SAN DIEGO
1174746,30328,GA,ATLANTA
1174820,90010,CA,LOS ANGELES
1174890,10017,NY,NEW YORK
1174922,89109,NV,LAS VEGAS
1174940,34202,FL,LAKEWOOD RANCH
1175108,32804,FL,ORLANDO
1175167,68102,NE,OMAHA
1175442,68012,L3,TEL AVIV
1175454,30305,GA,ATLANTA
1175483,75231,TX,DALLAS
1175505,94080,CA,SOUTH SAN FRANCISCO
1175609,95131,CA,SAN JOSE
1175685,02421,MA,LEXINGTON
1175902,10017,NY,NEW YORK
1175959,02109,MA,BOSTON
1176199,02116,MA,BOSTON
1176309,10036,NY,NEW YORK
1176334,75662,TX,KILGORE
1176343,10018,NY,NEW YORK
1176355,10169,NY,NEW YORK
1176357,90025,CA,LOS ANGELES
1176373,75225,TX,DALLAS
1176433,60606,IL,CHICAGO
1176948,90067,CA,LOS ANGELES
1176983,90292,CA,MARINA DEL REY
1176984,02109,MA,BOSTON
1177017,21231,MD,BALTIMORE
1177131,02109,MA,BOSTON
1177161,02109,MA,BOSTON
1177212,60606,IL,CHICAGO
1177214,60606,IL,CHICAGO
1177216,60606,IL,CHICAGO
1177218,60606,IL,CHICAGO
1177219,60606,IL,CHICAGO
1177394,33760,FL,CLEARWATER
1177609,19106,PA,PHILADELPHIA
1177648,02472,MA,WATERTOWN
1177702,30097,GA,JOHNS CREEK
1178056,94085,CA,SUNNYVALE
1178104,94063,CA,REDWOOD CITY
1178253,07302-6548,NJ,JERSEY CITY
1178336,96814,HI,HONOLULU
1178670,02142,MA,CAMBRIDGE
1178711,02116,MA,BOSTON
1178839,10104,NY,NEW YORK
1178840,10104,NY,NEW YORK
1178841,10104,NY,NEW YORK
1178879,08542,NJ,PRINCETON
1178970,07306,NJ,JERSEY CITY
1179060,75201,TX,DALLAS
1179126,10154-0004,NY,NEW YORK
1179351,75001,TX,ADDISON
1179755,00000,D0,PEMBROKE
1179929,90802,CA,LONG BEACH
1180079,95134,CA,SAN JOSE
1180145,55112,MN,ST. PAUL
1180262,00000,E9,GEORGE TOWN
1181232,60181,IL,OAKBROOK TERRACE
1181504,10019,NY,NEW YORK
1181505,10019,NY,NEW YORK
1181848,10022,NY,NEW YORK
1182129,19087,PA,CHESTERBROOK
1182555,13126,NY,OWEGO
1183186,10173,NY,NEW YORK
1183765,78729,TX,AUSTIN
1183829,55402-3804,MN,MINNEAPOLIS
1183920,60015,IL,DEERFIELD
1183941,94555,CA,FREMONT
1184702,10036,NY,NEW YORK
1184818,92618,CA,IRVINE
1185348,23502,VA,NORFOLK
1187520,80302,CO,BOULDER
1188303,77002,TX,HOUSTON
1188382,55402,MN,MINNEAPOLIS
1189396,07924,NJ,BERNARDSVILLE
1189712,94618,CA,OAKLAND
1189740,02116,MA,BOSTON
1191256,02116,MA,BOSTON
1191290,80112-3924,CO,CENTENNIAL
1191813,23219,VA,RICHMOND
1191857,14207-2496,NY,BUFFALO
1192305,19333,PA,DEVON
1192448,92656,CA,ALISO VIEJO
1193558,19046,PA,JENKINTOWN
1194319,10577-2540,NY,PURCHASE
1195734,60611,IL,CHICAGO
1195737,60606,IL,CHICAGO
1195738,60606,IL,CHICAGO
1195739,60606,IL,CHICAGO
1195933,35203,AL,BIRMINGHAM
1196298,07079,NJ,SOUTH ORANGE
1196362,60606,IL,CHICAGO
1196366,60606,IL,CHICAGO
1196501,75038,TX,IRVING
1198144,21201,MD,BALTIMORE
1198145,21201,MD,BALTIMORE
1199004,15086-7561,PA,WARRENDALE
1199046,45246,OH,CINCINNATI
1199348,10286,NY,NEW YORK
1200022,12207,NY,ALBANY
1200375,94063,CA,REDWOOD CITY
1200446,60606,IL,CHICAGO
1201663,94043,CA,MOUNTAIN VIEW
1201792,25414,WV,CHARLES TOWN
1202047,28255,NC,CHARLOTTE
1202157,22031,VA,FAIRFAX
1202273,78753-3195,TX,AUSTIN
1202806,15086-7561,PA,WARRENDALE
1203866,80301,CO,BOULDER
1204560,90071,CA,LOS ANGELES
1205686,193087,PA,RADNOR
1205727,30339,GA,ATLANTA
1205922,14620,NY,ROCHESTER
1206264,40511,KY,LEXINGTON
1207070,77042,TX,HOUSTON
1207074,01772,MA,SOUTHBOROUGH
1208133,01301,MA,GREENFIELD
1208195,19809,DE,WILMINGTON
1208208,80234,CO,WESTMINSTER
1208211,20850,MD,ROCKVILLE
1208261,07024,NJ,FORT LEE
1208790,201203,F4,"SHANGHAI,"
1209028,22101,VA,MCLEAN
1209466,60515,IL,DOWNERS GROVE
1209821,75201,TX,DALLAS
1210123,28203,NC,CHARLOTTE
1210353,20850,MD,ROCKVILLE
1210618,95652,CA,MCCLELLAN PARK
1210677,30328,GA,ATLANTA
1210679,55474,MN,MINNEAPOLIS
1210697,77042-3615,TX,HOUSTON
1210708,06870,CT,OLD GREENWICH
1211351,10001,NY,NEW YORK
1211583,27709,NC,RESEARCH TRIANGLE PARK
1211759,53045,WI,BROOKFIELD
1211805,7010000,L3,AIRPORT CITY
1212030,60611,IL,CHICAGO
1212235,94025,CA,MENLO PARK
1212458,94085,CA,SUNNYVALE
1212767,43240,OH,COLUMBUS
1213809,33477,FL,JUPITER
1213980,06905,CT,STAMFORD
1214511,48009,MI,BIRMINGHAM
1214591,80112-3924,CO,CENTENNIAL
1214935,01301,MA,GREENFIELD
1215664,19809,DE,WILMINGTON
1215913,02116,MA,BOSTON
1216127,60069,IL,LINCOLNSHIRE
1216583,60606,IL,CHICAGO
1216596,02903,RI,PROVIDENCE
1217234,94005,CA,BRISBANE
1217286,10017,NY,NEW YORK
1217673,10153,NY,NEW YORK
1217688,94063-2469,CA,REDWOOD CITY
1217730,14214,NY,BUFFALO
1217951,94403-1906,CA,SAN MATEO
1218320,33309,FL,FORT LAUDERDALE
1218683,15059,PA,MIDLAND
1219064,10004,NY,NEW YORK
1219120,60606,IL,CHICAGO
1219169,19044,PA,HORSHAM
1219210,94538,CA,FREMONT
1219360,10019,NY,NEW YORK
1219601,33637,FL,TAMPA
1220754,80237,CO,DENVER
1221327,10158,NY,NEW YORK
1221845,19809,DE,WILMINGTON
1222333,10017,NY,NEW YORK
1222497,04769-1209,ME,PRESQUE ISLE
1222719,60563,IL,NAPERVILLE
1222840,60523,IL,OAK BROOK
1222922,02109,MA,BOSTON
1223026,02109,MA,BOSTON
1223389,77381,TX,THE WOODLANDS
1223663,98230,WA,BLAINE
1223786,78257,TX,SAN ANTONIO
1223862,95054,CA,SANTA CLARA
1224133,98107,WA,SEATTLE
1224370,92660,CA,NEWPORT BEACH
1224450,10036,NY,NEW YORK
1224568,10286,NY,NEW YORK
1224608,46032,IN,CARMEL
1225290,60606,IL,CHICAGO
1225874,10308,NY,STATEN ISLAND
1226308,91302,CA,CALABASAS
1226616,92037,CA,LA JOLLA
1227025,95134,CA,SAN JOSE
1227073,28203,NC,CHARLOTTE
1227122,10281-1023,NY,NEW YORK
1227155,10036,NY,NEW YORK
1227268,10036,NY,NEW YORK
1227476,60606,IL,CHICAGO
1227523,19106-2354,PA,PHILADELPHIA
1227636,19355,PA,MALVERN
1227654,66210,KS,OVERLAND PARK
1227699,10158,NY,NEW YORK
1227857,01301,MA,GREENFIELD
1227862,10018,NY,NEW YORK
1227930,92121,CA,SAN DIEGO
1228361,10158,NY,NEW YORK
1228391,60532,IL,LISLE
1228509,10018,NY,NEW YORK
1228627,27713,NC,DURHAM
1228862,94105,CA,SAN FRANCISCO
1230245,55401,MN,MINNEAPOLIS
1230276,94612,CA,OAKLAND
1230355,27615,NC,RALEIGH
1230358,07013,NJ,CLIFTON
1230869,04101,ME,PORTLAND
1231160,10154-0004,NY,NEW YORK
1231868,44114,OH,CLEVELAND
1232229,85281-1230,AZ,TEMPE
1232241,53203,WI,MILWAUKEE
1232461,60187,IL,WHEATON
1232582,75254,TX,DALLAS
1232860,19809,DE,WILMINGTON
1232863,19809,DE,WILMINGTON
1233087,94403-1906,CA,SAN MATEO
1233426,33325,FL,SUNRISE
1234006,22102,VA,MCLEAN
1235007,47906,IN,WEST LAFAYETTE
1235010,02142,MA,CAMBRIDGE
1235468,20814,MD,BETHESDA
1235511,10166,NY,NEW YORK
1236038,94105,CA,SAN FRANCISCO
1236309,80202,CO,DENVER
1236572,19456,PA,OAKS
1236736,19348,PA,KENNETT SQUARE
1237831,19403,PA,AUDUBON
1237941,48167,MI,NORTHVILLE
1238631,03060,NH,NASHUA
1239819,24011,VA,ROANOKE
1239841,80112-3924,CO,CENTENNIAL
1239846,80112-3924,CO,CENTENNIAL
1241199,20815,MD,CHEVY CHASE
1241554,01301,MA,GREENFIELD
1244183,10019,NY,NEW YORK
1244937,02210,MA,BOSTON
1244943,60532,IL,LISLE
1245104,80027,CO,LOUISVILLE
1245648,91101,CA,PASADENA
1245791,02210,MA,BOSTON
1246263,74121,OK,TULSA
1250873,10020,NY,NEW YORK
1251391,06905,CT,STAMFORD
1251769,78746,TX,AUSTIN
1252849,10010,NY,NEW YORK
1253327,02109,MA,BOSTON
1253689,02451,MA,WALTHAM
1253986,11553,NY,UNIONDALE
1254370,10018,NY,NEW YORK
1254419,30022,GA,ALPHARETTA
1254595,20814,MD,BETHESDA
1254634,19087,PA,RADNOR
1255474,77002,TX,HOUSTON
1255821,60606,IL,CHICAGO
1256069,30092,GA,NORCROSS
1256536,11747,NY,MELVILLE
1257640,75240-2620,TX,DALLAS
1257927,68131,NE,OMAHA
1257951,02109,MA,BOSTON
1258602,68508,NE,LINCOLN
1258623,02109,MA,BOSTON
1258655,94111,CA,SAN FRANCISCO
1258669,60606,IL,CHICAGO
1259429,06830,CT,GREENWICH
1259515,84020,UT,SALT LAKE CITY
1260041,02116,MA,BOSTON
1260221,44115,OH,CLEVELAND
1260563,01301,MA,GREENFIELD
1260723,94945,CA,NOVATO
1260729,10580,NY,RYE
1260793,02108-4406,MA,BOSTON
1260968,08054,NJ,MT. LAUREL
1260990,92130,CA,SAN DIEGO
1261159,32801,FL,ORLANDO
1261166,10104,NY,NEW YORK
1261249,08540-6635,NJ,PRINCETON
1261482,06492,CT,WALLINGFORD
1261654,85032,AZ,PHOENIX
1261694,95134,CA,SAN JOSE
1261734,92691,CA,MISSION VIEJO
1261788,53202,WI,MILWAUKEE
1261888,200437,F4,"PUDONG, SHANGHAI"
1262001,06902,CT,STAMFORD
1262039,94086,CA,SUNNYVALE
1262104,92121,CA,SAN DIEGO
1262175,94005,CA,BRISBANE
1262279,02155,MA,MEDFORD
1262415,22102,VA,MCLEAN
1262630,45202,OH,CINCINNATI
1262751,89703,NV,CARSON CITY
1262823,77056,TX,HOUSTON
1262959,77056-6118,TX,HOUSTON
1262976,A91 H9N9,L2,"DUNDALK, COUNTY LOUTH"
1263756,92121,CA,SAN DIEGO
1263813,99999,E9,GEORGE TOWN
1264242,000000,D0,HAMILTON HM 11
1264352,60532,IL,LISLE
1264587,10022,NY,NEW YORK
1264707,48093,MI,WARREN
1264755,06510,CT,NEW HAVEN
1264899,20877,MD,GAITHERSBURG
1265131,75205,TX,DALLAS
1265316,19808,DE,WILMINGTON
1265389,02109,MA,BOSTON
1265419,10017,NY,NEW YORK
1265551,02210,MA,BOSTON
1265572,85251,AZ,SCOTTSDALE
1265708,60606,IL,CHICAGO
1265888,20166,VA,STERLING
1266112,68154,NE,OMAHA
1266585,60606,IL,CHICAGO
1267097,48150,MI,LIVONIA
1267130,69160,NE,SIDNEY
1267148,02109,MA,BOSTON
1267150,02109,MA,BOSTON
1267201,98101,WA,SEATTLE
1267238,30339,GA,ATLANTA
1267262,55402,MN,MINNEAPOLIS
1267395,HM 19,D0,HAMILTON
1267565,02072,MA,STOUGHTON
1267602,30005,GA,ALPHARETTA
1267813,19087,PA,RADNOR
1267890,60532,IL,LISLE
1267902,10018,NY,NEW YORK
1267969,34102,FL,NAPLES
1267994,10152,NY,NEW YORK
1268533,66211,KS,OVERLAND PARK
1268671,20191-1406,VA,RESTON
1268884,19087,PA,RADNOR
1268904,27560,NC,MORRISVILLE
1268984,75231,TX,DALLAS
1269021,94080,CA,SOUTH SAN FRANCISCO
1269132,94043,CA,MOUNTAIN VIEW
1269871,91702,CA,AZUSA
1270073,07960,NJ,MORRISTOWN
1270131,10018,NY,NEW YORK
1270400,10012,NY,NEW YORK
1270436,19104-2870,PA,PHILADELPHIA
1270523,02110,MA,BOSTON
1271024,94085,CA,SUNNYVALE
1271193,30339,GA,ATLANTA
1271214,94025,CA,MENLO PARK
1271245,49412,MI,FREMONT
1271625,19312-1288,PA,BERWYN
1271808,95131,CA,SAN JOSE
1271831,21044,MD,COLUMBIA
1272430,90024,CA,LOS ANGELES
1272547,78735,TX,AUSTIN
1272830,07733,NJ,HOLMDEL
1272842,92130,CA,SAN DIEGO
1272949,80112-3924,CO,DENVER
1272950,55401,MN,MINNEAPOLIS
1272957,33314,FL,DAVIE
1273013,08543-5350,NJ,PRINCETON
1273397,43082,OH,WESTERVILLE
1273441,T2G 1A6,A0,CALGARY
1273636,32615,FL,ALACHUA
1273685,10016,NY,NEW YORK
1273801,10022,NY,NEW YORK
1273813,HM08,D0,HAMILTON BERMUDA
1273906,10036,NY,NEW YORK
1273931,75201,TX,DALLAS
1274057,60045,IL,LAKE FOREST
1274150,92626,CA,COSTA MESA
1274494,85018,AZ,PHOENIX
1274563,02139,MA,CAMBRIDGE
1274644,94065,CA,REDWOOD CITY
1274676,10001,NY,NEW YORK
1274792,02142,MA,CAMBRIDGE
1274913,30004,GA,ALPHARETTA
1275011,T6E 6S4,A0,EDMONTON
1275014,94545,CA,HAYWARD
1275158,80021,CO,BROOMFIELD
1275187,12110,NY,LATHAM
1275214,60563,IL,NAPERVILLE
1275229,80401,CO,LAKEWOOD
1275283,27102,NC,WINSTON SALEM
1275477,32963,FL,VERO BEACH
1275617,10036,NY,NEW YORK
1275791,10011,NY,NEW YORK
1275902,10281-1023,NY,NEW YORK
1276469,60187,IL,WHEATON
1276520,23060,VA,GLEN ALLEN
1276533,60606,IL,CHICAGO
1276591,94043,CA,MOUNTAIN VIEW
1276827,19063,PA,MEDIA
1276893,10158,NY,NEW YORK
1277141,10018,NY,NEW YORK
1277151,23219,VA,RICHMOND
1277213,73120-6208,OK,OKLAHOMA CITY
1277250,10017,NY,NEW YORK
1277406,85260,AZ,SCOTTSDALE
1277475,55437,MN,MINNEAPOLIS
1277670,10169,NY,NEW YORK
1277856,77042,TX,HOUSTON
1278021,10001,NY,NEW YORK
1278027,07054,NJ,PARSIPPANY
1278211,10112,NY,NEW YORK
1278382,34232,FL,SARASOTA
1278384,40222,KY,LOUISVILLE
1278460,60606,IL,CHICAGO
1278739,HM EX,D0,HAMILTON BERMUDA
1278752,10019,NY,NEW YORK
1279014,28203,NC,CHARLOTTE
1279176,94303-1110,CA,PALO ALTO
1279363,33634,FL,TAMPA
1279392,78705,TX,AUSTIN
1279394,78705,TX,AUSTIN
1279493,23060,VA,GLEN ALLEN
1279529,80634,CO,GREELEY
1279695,3178,C3,VICTORIA
1279704,07932,NJ,FLORHAM PARK
1280058,29492,SC,CHARLESTON
1280191,60631,IL,CHICAGO
1280226,60532,IL,LISLE
1280263,95054,CA,SANTA CLARA
1280452,33401,FL,WEST PALM BEACH
1280600,02139,MA,CAMBRIDGE
1280776,10036,X1,NEW YORK
1280784,94401,CA,SAN MATEO
1280948,90405,CA,SANTA MONICA
1281761,35203,AL,BIRMINGHAM
1281774,33477,FL,JUPITER
1281922,80206,CO,DENVER
1281926,02109,MA,BOSTON
1281949,46032,IN,CARMEL
1282266,72212,AR,LITTLE ROCK
1282393,94402,CA,SAN MATEO
1282398,77056,TX,HOUSTON
1282543,75001,TX,ADDISON
1282552,90071,CA,LOS ANGELES
1282637,23218-2189,VA,RICHMOND
1282648,77024,TX,HOUSTON
1282850,60187,IL,WHEATON
1282858,11803,NY,PLAINVIEW
1282957,10580,NY,RYE
1282977,10020,NY,NEW YORK
1283001,09109,MA,BOSTON
1283073,10001,NY,NEW YORK
1283140,75201,TX,DALLAS
1283157,60515,IL,DOWNERS GROVE
1283381,23226,VA,RICHMOND
1283552,07054,NJ,PARSIPPANY
1283630,78738,TX,AUSTIN
1283683,30319,GA,ATLANTA
1283699,98006,WA,BELLEVUE
1283709,90071,CA,LOS ANGELES
1283721,10004,NY,NEW YORK
1283843,80206,CO,DENVER
1284529,80112,CO,ENGLEWOOD
1284807,27513,NC,CARY
1284812,10036,NY,NEW YORK
1284940,06897,CT,WILTON
1285043,61554,IL,PEKIN
1285224,90010,CA,LOS ANGELES
1285551,98033,WA,KIRKLAND
1285650,60563,IL,NAPERVILLE
1285701,90010,CA,LOS ANGELES
1285785,33602,FL,TAMPA
1285819,98119,WA,SEATTLE
1285890,85258,AZ,SCOTTSDALE
1286043,46204,IN,INDIANAPOLIS
1286131,19053,PA,TREVOSE
1286139,94041,CA,MOUNTAIN VIEW
1286225,75082,TX,RICHARDSON
1286364,02109,MA,BOSTON
1286410,10017,NY,NEW YORK
1286517,05504,NJ,BLOOMSBURY
1286613,07054,NJ,PARSIPPANY
1286681,48105,MI,ANN ARBOR
1286686,22408,VA,FREDERICKSBURG
1286862,21022,MD,BALTIMORE
1287032,10016,NY,NEW YORK
1287151,27596,NC,YOUNGSVILLE
1287213,53224,WI,MILWAUKEE
1287258,94104-0500,CA,SAN FRANCISCO
1287286,92612,CA,IRVINE
1287498,02109,MA,BOSTON
1287503,90504,CA,TORRANCE
1287701,10175,NY,NEW YORK
1287750,10167,NY,NEW YORK
1288255,02109,MA,BOSTON
1288379,24141,VA,RADFORD
1288403,77057-5745,TX,HOUSTON
1288469,92008,CA,CARLSBAD
1288741,97209,OR,PORTLAND
1288776,94043,CA,MOUNTAIN VIEW
1288847,94583,CA,SAN RAMON
1288992,02109,MA,BOSTON
1289169,41011,KY,COVINGTON
1289213,60606,IL,CHICAGO
1289236,92128,CA,SAN DIEGO
1289272,85016,AZ,PHOENIX
1289308,19605,PA,READING
1289340,63101,MO,ST.LOUIS
1289419,60602,IL,CHICAGO
1289434,91107,CA,PASADENA
1289460,40205,KY,LOUISVILLE
1289490,84121,UT,SALT LAKE CITY
1289592,HM 08,D0,HAMILTON
1289788,10019,NY,NEW YORK
1289790,10019,NY,NEW YORK
1289848,60607,IL,CHICAGO
1289850,02451,MA,WALTHAM
1289868,60654,IL,CHICAGO
1289876,44144,OH,BROOKLYN
1289945,75074,TX,PLANO
1290096,60089,IL,BUFFALO GROVE
1290149,94404,CA,SAN MATEO
1290900,43054,OH,NEW ALBANY
1291334,60187,IL,WHEATON
1291446,10022,NY,NEW YORK
1292026,33496,FL,BOCA RATON
1292055,46582,IN,WARSAW
1292215,30346,GA,ATLANTA
1292278,80237,CO,DENVER
1292426,10041,NY,NEW YORK
1292470,83814,ID,COEUR D ALENE
1292556,28277,NC,CHARLOTTE
1292653,60661,IL,CHICAGO
1292898,19046,PA,JENKINTOWN
1292900,32207,FL,JACKSONVILLE
1293200,19073,PA,NEWTOWN SQUARE
1293210,64111,MO,KANSAS CITY
1293243,27612,NC,RALEIGH
1293282,02466,MA,NEWTON
1293310,07078,NJ,SHORT HILLS
1293314,77478,TX,SUGAR LAND
1293593,20850,MD,ROCKVILLE
1293613,77002,TX,HOUSTON
1293967,91105,CA,PASADENA
1293971,02145,MA,SOMERVILLE
1294016,94089,CA,SUNNYVALE
1294017,22102,VA,MCLEAN
1294133,01915,MA,BEVERLY
1294178,10017,NY,NEW YORK
1294538,53717,WI,MADISON
1294924,95110,CA,SAN JOSE
1295172,10005,NY,NEW YORK
1295230,10004,NY,NEW YORK
1295293,02110,MA,BOSTON
1295557,94105,CA,SAN FRANCISCO
1295810,92656,CA,ALISO VIEJO
1295947,10591,NY,TARRYTOWN
1295976,30004,GA,ALPHARETTA
1296115,10154,NY,NEW YORK
1296205,84047,UT,MIDVALE
1296391,27103,NC,WINSTON-SALEM
1296435,30005,GA,ALPHARETTA
1296445,89511,NV,RENO
1297067,77002,TX,HOUSTON
1297178,92128,CA,SAN DIEGO
1297184,91730,CA,RANCHO CUCAMONGA
1297401,91201,CA,GLENDALE
1297568,60606,IL,CHICAGO
1297587,10016,NY,NEW YORK
1297633,95134,CA,SAN JOSE
1297704,10036,NY,NEW YORK
1297720,23219,VA,RICHMOND
1297846,64116,MO,KANSAS CITY
1297968,CB3 6DW,X0,CAMBRIDGE
1297989,10022,NY,NEW YORK
1297996,78701,TX,AUSTIN
1298341,60563,IL,NAPERVILLE
1298521,98121,WA,SEATTLE
1298675,19355,PA,MALVERN
1298699,60606,IL,CHICAGO
1298716,08226,NJ,OCEAN CITY
1298978,98034,WA,KIRKLAND
1299033,60563-1463,IL,NAPERVILLE
1299130,94025,CA,MENLO PARK
1299139,92121,CA,SAN DIEGO
1299210,55343,MN,MINNETONKA
1299393,10018,NY,NEW YORK
1299506,10281,NY,NEW YORK
1299688,60603,IL,CHICAGO
1299704,29306,SC,SPARTANBURG
1299709,89148,NV,LAS VEGAS
1299716,08837,NJ,EDISON
1299901,33180,FL,AVENTURA
1299967,11572,NY,OCEANSIDE
1299969,20190,VA,RESTON
1300087,55402-3211,MN,MINNEAPOLIS
1300391,02109,MA,BOSTON
1300514,89113,NV,LAS VEGAS
1300699,14203,NY,BUFFALO
1301031,01803,MA,BURLINGTON
1301063,24209,VA,BRISTOL
1301106,44286,OH,RICHFIELD
1301138,10281,NY,NEW YORK
1301444,02109,MA,BOSTON
1301483,60603,IL,CHICAGO
1301501,94080,CA,SOUTH SAN FRANCISCO
1301508,94104,CA,SAN FRANCISCO
1301611,37027,TN,BRENTWOOD
1301708,55416,MN,MINNEAPOLIS
1301787,30067,GA,MARIETTA
1302215,90067,CA,LOS ANGELES
1302246,10281-1023,NY,NEW YORK
1302324,19145,PA,PHILADELPHIA
1302343,38120,TN,MEMPHIS
1302350,94111,CA,SAN FRANCISCO
1302573,94063,CA,REDWOOD CITY
1302624,60187,IL,WHEATON
1302676,01702,MA,FRAMINGHAM
1302707,28211,NC,CHARLOTTE
1302868,10017,NY,NEW YORK
1303313,70508,LA,LAFAYETTE
1303459,02210,MA,BOSTON
1303608,10017,NY,NEW YORK
1303620,10158,NY,NEW YORK
1303652,98103,WA,SEATTLE
1304069,77002,TX,HOUSTON
1304280,30326,GA,ATLANTA
1304421,61938,IL,MATTOON
1304623,10004,NY,NEW YORK
1304740,95113,CA,SAN JOSE
1304994,04112-9540,ME,PORTLAND
1305014,41012,KY,COVINGTON
1305168,94583,CA,SAN RAMON
1305197,60606,IL,CHICAGO
1305253,94306,CA,PALO ALTO
1305294,19087,PA,RADNOR
1305323,85286,AZ,CHANDLER
1305399,53744-4961,WI,MADISON
1305507,HM11,D0,HAMILTON
1305779,90071,CA,LOS ANGELES
1306349,02109,MA,BOSTON
1306830,75039-5421,TX,IRVING
1307688,27615,NC,RALEIGH
1307689,27615,NC,RALEIGH
1307748,60515,IL,DOWNERS GROVE
1307873,94041,CA,MOUNTAIN VIEW
1307954,77380,TX,THE WOODLANDS
1308137,80104,CO,CASTLEROCK
1308161,10036,NY,NEW YORK
1308208,48089,MI,WARREN
1308335,02109,MA,BOSTON
1308547,94103,CA,SAN FRANCISCO
1308576,10105,NY,NEW YORK
1308606,75201,TX,DALLAS
1308658,60606,IL,CHICAGO
1308711,75001,TX,ADDISON
1308927,02109,MA,BOSTON
1309108,04101,ME,PORTLAND
1309161,10036,NY,NEW YORK
1309402,68106,NE,OMAHA
1310067,60179,IL,HOFFMAN ESTATES
1310114,80202,CO,DENVER
1310192,27615,NC,RALEIGH
1310243,24212,VA,ABINGDON
1310313,11201,NY,BROOKLYN
1310383,92653,CA,LAGUNA HILLS
1310445,01301,MA,GREENFIELD
1310663,10606,NY,WHITE PLAINS
1310709,60606,IL,CHICAGO
1311131,06066,CT,ROCKVILLE
1311230,94080,CA,S. SAN FRANCISCO
1311241,95134,CA,SAN JOSE
1311261,27601,NC,RALEIGH
1311370,10112,NY,NEW YORK
1311396,95066,CA,SCOTTS VALLEY
1311596,94080,CA,SOUTH SAN FRANCISCO
1311605,V6C 2E9,A1,VANCOUVER
1311877,60532,IL,LISLE
1311926,55423,MN,MINNEAPOLIS
1312073,95134,CA,SAN JOSE
1312483,02108,MA,BOSTON
1312580,10104,NY,NEW YORK
1313024,80202-1370,CO,DENVER
1313259,60606,IL,CHICAGO
1313275,02210,MA,BOSTON
1313510,10580,NY,RYE
1313911,80301,CO,BOULDER
1313918,10177,NY,NEW YORK
1314102,02472,MA,WATERTOWN
1314104,66211,KS,LEAWOOD
1314128,60632,IL,CHICAGO
1314152,60606,IL,CHICAGO
1314223,07073,NJ,EAST RUTHERFORD
1314414,45246,OH,CINCINNATI
1314475,90025,CA,LOS ANGELES
1314655,77056,TX,HOUSTON
1314727,93117,CA,SANTA BARBARA
1315098,94403,CA,SAN MATEO
1315257,15219,PA,PITTSBURGH
1315657,94105,CA,SAN FRANCISCO
1315695,08540,NJ,PRINCETON
1316016,95134,CA,SAN JOSE
1316175,94545,CA,HAYWARD
1316360,80112,CO,ENGLEWOOD
1316506,85706,AZ,TUCSON
1316625,95035,CA,MILPITAS
1316631,80112,CO,ENGLEWOOD
1316656,77042,TX,HOUSTON
1316835,75039,TX,IRVING
1316898,75034,TX,FRISCO
1317080,53711,WI,MADISON
1317146,01111,MA,SPRINGFIELD
1317474,10104,NY,NEW YORK
1317577,27030,NC,MOUNT AIRY
1317630,48377,MI,NOVI
1317872,53717-1954,WI,MADISON
1318008,98036,WA,LYNNWOOD
1318025,10019,NY,NEW YORK
1318084,76262,TX,WESTLAKE
1318220,L4H 4G3,A6,WOODBRIDGE
1318310,55442-2111,MN,PLYMOUTH
1318342,53212,WI,MILWAUKEE
1318484,31405,GA,SAVANNAH
1318545,92067,CA,RANCHO SANTA FE
1318568,89113,NV,LAS VEGAS
1318605,78725,TX,AUSTIN
1319009,80112,CO,ENGLEWOOD
1319048,76065,TX,MIDLOTHIAN
1319161,10019,NY,NEW YORK
1319183,60187,IL,WHEATON
1319197,02481,MA,WELLESLEY
1319229,80202,CO,DENVER
1319327,77046,TX,HOUSTON
1319332,10019,NY,NEW YORK
1319439,07930,NJ,CHESTER
1319869,66211,KS,LEAWOOD
1319947,43219,OH,COLUMBUS
1320092,75240-6241,TX,DALLAS
1320350,32826,FL,ORLANDO
1320414,17055,PA,MECHANICSBURG
1320447,10022,NY,NEW YORK
1320461,48168,MI,NORTHVILLE
1320482,80112,CO,ENGLEWOOD
1320492,60606,IL,CHICAGO
1320615,02110,MA,BOSTON
1320688,78705,TX,AUSTIN
1320695,60523,IL,OAK BROOK
1320854,60606,IL,CHICAGO
1320934,25560,WV,SCOTT DEPOT
1320947,95205 7087,CA,STOCKTON
1321268,17603,PA,LANCASTER
1321646,77032,TX,HOUSTON
1321652,19809,DE,WILMINGTON
1321655,33180,FL,AVENTURA
1321730,77002,TX,HOUSTON
1321732,94502,CA,ALAMEDA
1321741,22102,VA,MCLEAN
1322252,06830,CT,GREENWICH
1322439,06902,CT,STAMFORD
1322505,02109,MA,BOSTON
1322554,95110,CA,SAN JOSE
1322652,77002,TX,HOUSTON
1322705,94088,CA,SUNNYVALE
1322734,60517,IL,WOODRIDGE
1322866,80290-2300,CO,DENVER
1323115,98021,WA,BOTHELL
1323206,10112,NY,NEW YORK
1323468,02466,MA,NEWTON
1323520,60187,IL,WHEATON
1323531,27105,NC,WINSTON-SALEM
1323630,92081,CA,VISTA
1323653,60085,IL,WAUKEGAN
1323854,00000,L2,"DOCKLANDS, DUBLIN 2, IRELAND"
1323885,45040,OH,MASON
1323923,M5A 1J5,A6,TORONTO
1323974,83705,ID,BOISE
1324203,60604,IL,CHICAGO
1324205,92618,CA,IRVINE
1324245,76262,TX,WESTLAKE
1324272,32789,FL,WINTER PARK
1324404,60062,IL,NORTHBROOK
1324410,80202,CO,DENVER
1324424,98119,WA,SEATTLE
1324479,47130,IN,JEFFERSONVILLE
1324518,74172-0172,OK,TULSA
1324570,92627,CA,COSTA MESA
1324772,95113,CA,SAN JOSE
1324948,06478,CT,OXFORD
1325098,145 64,J3,ATHENS
1325118,80202,CO,DENVER
1325177,27517,NC,CHAPEL HILL
1325281,30328,2Q,ATLANTA
1325670,22102,VA,MCLEAN
1325879,02108,MA,BOSTON
1325955,75251,TX,DALLAS
1326003,10001,NY,NEW YORK
1326089,80265,CO,DENVER
1326110,92121,CA,SAN DIEGO
1326160,28202-1803,NC,CHARLOTTE
1326190,20878,MD,GAITHERSBURG
1326200,10171,NY,NEW YORK
1326380,76051,TX,GRAPEVINE
1326390,10019,NY,NEW YORK
1326428,73134,OK,OKLAHOMA CITY
1326579,10005,X1,NEW YORK
1326583,10014,NY,NEW YORK
1326706,77569,TX,TYLER
1326801,94025,CA,MENLO PARK
1326807,07078,NJ,SHORT HILLS
1326973,94560,CA,NEWARK
1327098,55344,MN,EDEN PRAIRIE
1327129,07311,NJ,JERSEY CITY
1327228,19428-2881,PA,WEST CONSHOHOCKEN
1327318,90401,CA,SANTA MONICA
1327467,08540,NJ,PRINCETON
1327471,90210,CA,BEVERLY HILLS
1327567,95054,CA,SANTA CLARA
1327688,94085,CA,SUNNYVALE
1327811,94588,CA,PLEASANTON
1327978,80202,CO,DENVER
1328003,08628,NJ,EWING
1328015,02421,MA,LEXINGTON
1328143,94608,CA,EMERYVILLE
1328237,60515,IL,DOWNERS GROVE
1328571,22980,VA,WAYNESBORO
1328581,83702,ID,BOISE
1328792,01473,MA,WESTMINSTER
1328910,73134,OK,OKLAHOMA CITY
1329011,23219,VA,RICHMOND
1329377,60187,IL,WHEATON
1329388,60187,IL,WHEATON
1329517,53226,WI,WAUWATOSA
1329919,20705,MD,BELTSVILLE
1329954,02116,MA,BOSTON
1330421,78759,TX,AUSTIN
1330436,27713,NC,DURHAM
1330466,77046,TX,HOUSTON
1330622,92660,CA,NEWPORT BEACH
1330849,77046,TX,HOUSTON
1330967,02199,MA,BOSTON
1330969,92660,CA,NEWPORT BEACH
1331301,80302,CO,BOULDER
1331745,10577,NY,PURCHASE
1331854,02109,MA,BOSTON
1331875,32204,FL,JACKSONVILLE
1331971,02116,MA,BOSTON
1332349,37027,TN,BRENTWOOD
1332551,11556,NY,UNIONDALE
1332585,78247,TX,SAN ANTONIO
1332602,55429,MN,BROOKLYN CENTER
1332626,76137,TX,FORT WORTH
1332896,40223,KY,LOUISVILLE
1332943,85258,AZ,SCOTTSDALE
1333170,01843,MA,LAWRENCE
1333248,92130,CA,SAN DIEGO
1333274,V6C 1G8,A1,VANCOUVER
1333291,30045,2Q,LAWRENCEVILLE
1333493,46240,IN,INDIANAPOLIS
1333513,11042,NY,LAKE SUCCESS
1333578,02114,MA,BOSTON
1333763,28277,NC,CHARLOTTE
1333822,350,F5,CHU-NAN
1333835,01810,MA,ANDOVER
1333986,10105,NY,NEW YORK
1334036,80021,CO,BROOMFIELD
1334478,20190,VA,RESTON
1334510,60632,IL,CHICAGO
1334814,98101,WA,SEATTLE
1334933,V6E 4A2,A1,VANCOUVER
1334978,78249,TX,SAN ANTONIO
1335258,90210,CA,BEVERLY HILLS
1335263,77046,TX,HOUSTON
1335686,20024,DC,WASHINGTON
1335793,15317,PA,CANONSBURG
1336519,21209,MD,BALTIMORE
1336545,90021,CA,LOS ANGELES
1336593,02116-5034,MA,BOSTON
1336691,98004,WA,BELLEVUE
1336917,21230,MD,BALTIMORE
1336920,20190,VA,RESTON
1337013,48309,MI,ROCHESTER HILLS
1337553,27703,NC,DURHAM
1337619,19312,PA,BERWYN
1337675,92660,CA,NEWPORT BEACH
1338042,02142,MA,CAMBRIDGE
1338065,80237,CO,DENVER
1338170,07311,NJ,JERSEY CITY
1338561,60606,IL,CHICAGO
1338613,75201,TX,DALLAS
1338749,99201,WA,SPOKANE
1338916,76177,TX,FORT WORTH
1338949,HM HX,D0,HAMILTON
1338977,35209,AL,BIRMINGHAM
1339005,30024,GA,SUWANEE
1339048,45840-3229,OH,FINDLAY
1339207,21201,MD,BALTIMORE
1339210,21201,MD,BALTIMORE
1339211,21201,MD,BALTIMORE
1339455,92075,CA,SOLANA BEACH
1339469,02494,MA,NEEDHAM
1339553,37067,TN,FRANKLIN
1339947,10036,NY,NEW YORK
1339970,92121,CA,SAN DIEGO
1340122,46214,IN,INDIANAPOLIS
1340127,02111,MA,BOSTON
1340282,77070,TX,HOUSTON
1340354,94104,CA,SAN FRANCISCO
1340579,15086-7561,PA,WARRENDALE
1340652,94070,CA,SAN CARLOS
1340735,02109,MA,BOSTON
1340736,02109,MA,BOSTON
1340744,02451,MA,WALTHAM
1340752,02142,MA,CAMBRIDGE
1340786,10017,NY,NEW YORK
1341141,30328,GA,ATLANTA
1341256,02109,MA,BOSTON
1341439,78741,TX,AUSTIN
1341766,33431,FL,BOCA RATON
1341769,60062,IL,NORTHBROOK
1341843,19087,PA,RADNOR
1342423,93060,CA,SANTA PAULA
1342947,10005,NY,NEW YORK
1342960,92121,CA,SAN DIEGO
1343602,10281-1023,NY,NEW YORK
1343793,19809,DE,WILMINGTON
1344154,80111,CO,GREENWOOD VILLAGE
1344338,10153,NY,NEW YORK
1344413,94043,CA,MOUNTAIN VIEW
1344632,55102,MN,ST PAUL
1344705,10281-1010,NY,NEW YORK
1345016,94105,CA,SAN FRANCISCO
1345111,L6K 2Y1,A6,OAKVILLE
1345622,01613-0830,MA,WORCESTER
1345801,60606,IL,CHICAGO
1345840,20876,MD,GERMANTOWN
1346302,60601,IL,CHICAGO
1346830,77478,TX,SUGAR LAND
1347123,94085,CA,SUNNYVALE
1347178,20037,DC,WASHINGTON
1347384,80202,CO,DENVER
1347523,23230,VA,RICHMOND
1347652,64106,MO,KANSAS CITY
1347815,L-1128,N4,LUXEMBOURG
1348036,98104,WA,SEATTLE
1348259,HM08,D0,PEMBROKE
1348324,78750,TX,AUSTIN
1348334,95008,CA,CAMPBELL
1348911,01702,MA,FRAMINGHAM
1349426,10111,NY,NEW YORK
1349436,73104,OK,OKLAHOMA CITY
1349454,94105,CA,SAN FRANCISCO
1349929,08002,NJ,"CHERRY HILL,"
1350031,66211,KS,OVERLAND PARK
1350381,60601,IL,CHICAGO
1350487,10119,NY,NEW YORK
1350593,30328,GA,ATLANTA
1350620,55113,MN,ST. PAUL
1351051,19348,PA,KENNETT SQUARE
1351197,92121,CA,SAN DIEGO
1351285,22209,VA,ARLINGTON
1351288,00000,X0,"HISTON, CAMBRIDGE CB24 9BZ"
1351509,98121,WA,SEATTLE
1351541,37027,TN,BRENTWOOD
1351548,80249,CO,DENVER
1352010,18940,PA,NEWTOWN
1352280,02210,MA,BOSTON
1352302,77010,TX,HOUSTON
1352341,768923,U0,SINGAPORE
1352713,HM 12,D0,HAMILTON
1352801,33126,FL,MIAMI
1353176,64111,MO,KANSAS CITY
1353209,94107,CA,SAN FRANCISCO
1353282,75201,TX,DALLAS
1353283,94107,CA,SAN FRANCISCO
1353970,10110,NY,NEW YORK
1354217,92130,CA,SAN DIEGO
1354327,34275,FL,NORTH VENICE
1354513,125284,1Z,MOSCOW
1354730,60515,IL,DOWNERS GROVE
1354835,08221,NJ,LINWOOD
1354917,75201,TX,DALLAS
1355007,10020,NY,NEW YORK
1355096,19380,PA,WEST CHESTER
1355754,84121,UT,SALT LAKE CITY
1355795,06032,CT,FARMINGTON
1355839,11753,NY,JERICHO
1356090,20876,MD,GERMANTOWN
1356104,94085,CA,SUNNYVALE
1356115,75201,TX,DALLAS
1356576,20850,MD,ROCKVILLE
1356750,60187,IL,WHEATON
1356857,92121,CA,SAN DIEGO
1356949,77029,TX,HOUSTON
1357204,02021,MA,CANTON
1357227,02917,RI,SMITHFIELD
1357326,94107,CA,SAN FRANCISCO
1357371,90017,CA,LOS ANGELES
1357431,80112-3924,CO,CENTENNIAL
1357525,84097,UT,OREM
1357615,77002,TX,HOUSTON
1357874,27701,NC,DURHAM
1358164,HM EX,D0,HAMILTON
1358403,77098,TX,HOUSTON
1358483,10014,NY,NEW YORK
1358658,55345,MN,EDINA
1358762,75024,TX,PLANO
1359111,19040,PA,HATBORO
1359555,98033,WA,KIRKLAND
1359816,60606,IL,CHICAGO
1359841,27101,NC,WINSTON-SALEM
1359931,10010,NY,NEW YORK
1360530,07094,NJ,SECAUCUS
1360537,HM 11,D0,HAMILTON
1360555,22201,VA,ARLINGTON
1360604,37203,TN,NASHVILLE
1360886,21046,MD,COLUMBIA
1360901,10055,NY,NEW YORK
1360951,32256,FL,JACKSONVILLE
1361025,45241,OH,SHARONVILLE
1361103,94043,CA,MOUNTAIN VIEW
1361113,33131,FL,MIAMI
1361248,19301,NY,PAOLI
1361579,55344,MN,MINNEAPOLIS
1361658,32805,FL,ORLANDO
1361709,78415,TX,CORPUS CHRISTI
1361872,70130,LA,NEW ORLEANS
1361937,77002,TX,HOUSTON
1361983,07662,NJ,ROCHELLE PARK
1362468,89144,NV,LAS VEGAS
1362481,19103,PA,PHILADELPHIA
1362491,33308,FL,FORT LAUDERDALE
1362705,77056,TX,HOUSTON
1362925,11561,NY,LONG BEACH
1362988,06901,CT,STAMFORD
1363421,60606,IL,CHICAGO
1363438,60187,IL,WHEATON
1363526,15086-7561,PA,WARRENDALE
1363565,94104,CA,SAN FRANCISCO
1363829,HM 11,D0,HAMILTON
1363851,60173-6801,IL,SCHAUMBURG
1363890,77002,TX,HOUSTON
1364089,60606,IL,CHICAGO
1364099,08512,NJ,CRANBURY
1364100,77042,TX,HOUSTON
1364250,90401,CA,SANTA MONICA
1364479,34134,FL,BONITA SPRINGS
1364541,77002,TX,HOUSTON
1364608,60187,IL,WHEATON
1364742,10001,NY,NEW YORK
1364885,67210,KS,WICHITA
1364923,02210,MA,BOSTON
1364924,02210,MA,BOSTON
1364954,94114,CA,SAN FRANCISCO
1364962,94065,CA,REDWOOD SHORES
1365038,90404,CA,SANTA MONICA
1365135,80237,CO,DENVER
1365151,19312,PA,BERWYN
1365216,20850,MD,ROCKVILLE
1365555,10038,NY,NEW YORK
1365662,60606,IL,CHICAGO
1365790,10022,NY,NEW YORK
1365916,94608,CA,EMERYVILLE
1366246,94103,CA,SAN FRANCISCO
1366527,02451,MA,WALTHAM
1366561,98004,WA,BELLEVUE
1366649,07054,NJ,PARSIPPANY
1366684,78703,TX,AUSTIN
1366868,70433,LA,"COVINGTON,"
1367064,77024,TX,HOUSTON
1367306,60515,IL,DOWNERS GROVE
1367396,75261-9810,TX,DFW AIRPORT
1367644,20879,MD,GAITHERSBURG
1367920,02421,MA,LEXINGTON
1368007,10005,NY,NEW YORK
1368040,90071,CA,LOS ANGELES
1368148,44115-2634,OH,CLEVELAND
1368265,92660,CA,NEWPORT BEACH
1368365,89106,NV,LAS VEGAS
1368457,60160,IL,MELROSE PARK
1368458,75024,TX,PLANO
1368493,10036,NY,NEW YORK
1368514,07446,NJ,RAMSEY
1368582,95014,CA,Cupertino
1368622,22202,VA,ARLINGTON
1368900,14450,NY,FAIRPORT
1369786,60195,IL,SCHAUMBURG
1369817,55441,MN,PLYMOUTH
1369868,100125,F4,BEIJING
1370053,92121,CA,SAN DIEGO
1370450,92806,CA,ANAHEIM
1370637,11201,NY,BROOKLYN
1370702,85008,AZ,PHOENIX
1370754,90405,CA,SANTA MONICA
1370755,90405,CA,SANTA MONICA
1370880,20190,VA,RESTON
1370946,43659,OH,TOLEDO
1371011,33607,FL,TAMPA
1371217,92673,CA,SAN CLEMENTE
1371285,98108,WA,SEATTLE
1371446,22209,VA,ARLINGTON
1371489,06901-3512,CT,STAMFORD
1371571,60515,IL,DOWNERS GROVE
1372020,77024,TX,HOUSTON
1372041,14450,NY,FAIRPORT
1372117,85258,AZ,SCOTTSDALE
1372299,19355,PA,MALVERN
1372375,21224,MD,Baltimore
1372414,95035,CA,MILPITAS
1372612,94063,CA,REDWOOD CITY
1372664,30092,GA,NORCROSS
1372807,10022,NY,NEW YORK
1372813,76262,TX,WESTLAKE
1373079,19008,PA,BROOMALL
1373561,02116,MA,BOSTON
1373641,75240,TX,DALLAS
1373671,98121,WA,SEATTLE
1373707,02472,MA,WATERTOWN
1373715,95054,CA,SANTA CLARA
1373835,77056,TX,HOUSTON
1373980,75006,TX,CARROLLTON
1374310,60607,IL,CHICAGO
1374535,02184,MA,BRAINTREE
1374690,19004,PA,BALA CYNWYD
1374756,07676,NJ,TOWNSHIP OF WASHINGTON
1374796,52587,L3,RAMAT GAN
1374993,92130,CA,SAN DIEGO
1375063,77056,TX,HOUSTON
1375083,90021,CA,LOS ANGELES
1375151,94608,CA,EMERYVILLE
1375200,19355,PA,MALVERN
1375205,82604,WY,CASPER
1375247,90806,CA,LONG BEACH
1375340,10036,NY,NEW YORK
1375365,95131,CA,SAN JOSE
1375387,10154-0004,NY,NEW YORK
1375557,91101-2375,CA,PASADENA
1375796,10036,NY,NEW YORK
1376067,95131,CA,SAN JOSE
1376139,77479,TX,SUGAR LAND
1376339,30062,GA,MARIETTA
1376504,80112-3924,CO,CENTENNIAL
1376505,80112-3924,CO,CENTENNIAL
1376812,63141,MO,ST. LOUIS
1377013,63131,MO,SAINT LOUIS
1377121,94560-1160,CA,NEWARK
1377269,90405,CA,SANTA MONICA
1377630,80111,CO,CENTENNIAL
1377789,78728,TX,AUSTIN
1377936,10022,NY,NEW YORK
1378020,19103,PA,PHILADELPHIA
1378140,08831,NJ,MONROE TOWNSHIP
1378240,02110,MA,BOSTON
1378453,44145,OH,WESTLAKE
1378701,10580,NY,RYE
1378718,91355,CA,VALENCIA
1378774,32801,FL,ORLANDO
1378872,60515,IL,DOWNERS GROVE
1378946,06604,CT,BRIDGEPORT
1378950,90815,CA,LONG BEACH
1378992,47710,IN,EVANSVILLE
1379041,89511,NV,RENO
1379246,32217,FL,JACKSONVILLE
1379384,19809,DE,WILMINGTON
1379400,19103,PA,PHILADELPHIA
1379438,02109,MA,BOSTON
1379482,62715,IL,SPRINGFIELD
1379785,28202,NC,CHARLOTTE
1379895,77002,TX,HOUSTON
1380106,02421,MA,LEXINGTON
1380175,90071,CA,LOS ANGELES
1380192,02109,MA,BOSTON
1380393,10105,NY,NEW YORK
1380509,75219,TX,DALLAS
1380534,60187,IL,WHEATON
1380786,60606,IL,CHICAGO
1380846,15219,pa,PITTSBURGH
1380936,60606,IL,CHICAGO
1381186,60632,IL,CHICAGO
1381197,06830,CT,GREENWICH
1381325,94063,CA,REDWOOD CITY
1381507,98004,WA,BELLEVUE
1381531,29715,SC,FORT MILL
1381668,44105,OH,CLEVELAND
1381962,10022,NY,NEW YORK
1382101,94080,CA,SOUTH SAN FRANCISCO
1382142,27615,NC,RALEIGH
1382143,27615,NC,RALEIGH
1382787,77046,TX,HOUSTON
1382821,98101,WA,seattle
1382911,92037,CA,LA JOLLA
1382990,80201-0328,CO,DENVER
1383312,11042,NY,LAKE SUCCESS
1383414,10022,NY,NEW YORK
1383496,60187,IL,WHEATON
1383571,33131,FL,MIAMI
1383701,92121,CA,San Diego
1383729,84121,UT,SALT LAKE CITY
1383803,94111,CA,SAN FRANCISCO
1383871,85281,AZ,TEMPE
1384101,94080,CA,SOUTH SAN FRANCISCO
1384710,75024,TX,PLANO
1384905,94002,CA,BELMONT
1385187,DUBLIN 2,L2,DUBLIN
1385228,02139,MA,CAMBRIDGE
1385280,75093,TX,PLANO
1385292,01801,MA,WOBURN
1385533,10005,NY,NEW YORK
1385632,85258,AZ,SCOTTSDALE
1385763,60606,IL,CHICAGO
1385830,94404,CA,SAN MATEO
1385849,80228,CO,LAKEWOOD
1385867,94402,CA,SAN MATEO
1386067,28203,NC,CHARLOTTE
1386198,01845,MA,North Andover
1386278,84604,UT,PROVO
1386858,94005,CA,BRISBANE
1386926,10001,NY,NEW YORK
1387061,08701,NJ,LAKEWOOD
1387361,23219,VA,RICHMOND
1387467,94085,CA,SUNNYVALE
1387713,11803,NY,PLAINVIEW
1388133,94085,CA,SUNNYVALE
1388195,40299,KY,LOUISVILLE
1388430,94105,CA,"SAN FRANCISCO,"
1388485,19809,DE,WILMINGTON
1388658,94103,CA,San Francisco
1389002,94105,CA,SAN FRANCISCO
1389050,77024,TX,HOUSTON
1389170,77002,TX,HOUSTON
1389305,85254,AZ,SCOTTSDALE
1389611,60632,IL,CHICAGO
1390109,60606,IL,CHICAGO
1390195,19103,PA,PHILADELPHIA
1390204,60606,IL,CHICAGO
1390213,10020,NY,NEW YORK
1390777,10286,NY,NEW YORK
1390840,60632,IL,CHICAGO
1390844,48326-3511,MI,AUBURN HILLS
1391127,85028,AZ,PHOENIX
1391390,83702-5388,ID,BOISE
1391437,10580-1422,NY,RYE
1391636,94954,CA,PETALUMA
1391672,01876,MA,TEWKSBURY
1391673,02110,MA,BOSTON
1391975,06905,CT,STAMFORD
1391976,06905,CT,STAMFORD
1391984,95054,CA,SANTA CLARA
1392091,73135,OK,TULSA
1392116,85258-2034,AZ,SCOTTSDALE
1392179,30350,GA,ATLANTA
1392380,80112,CO,ENGLEWOOD
1392522,HM 11,D0,HAMILTON
1392577,55474,MN,MINNEAPOLIS
1392972,77098,TX,HOUSTON
1392994,60187,IL,WHEATON
1393020,94107,CA,San Francisco
1393052,94588,CA,PLEASANTON
1393066,H3B 2N2,A8,MONTREAL
1393311,75034,TX,FRISCO
1393359,10018,NY,NEW YORK
1393434,01730,MA,BEDFORD
1393584,02109,MA,Boston
1393612,60015,IL,RIVERWOODS
1393726,06830,CT,GREENWICH
1393744,84101,UT,SALT LAKE CITY
1393883,80111,CO,CENTENNIAL
1394159,60661,IL,CHICAGO
1394166,1580-1422,NY,RYE
1394319,92122,CA,San Diego
1394954,03054,NH,MERRIMACK
1395057,10017,NY,NEW YORK
1395325,02109,MA,BOSTON
1395627,85258,AZ,SCOTTSDALE
1395937,10017,NY,NEW YORK
1395942,46032,IN,CARMEL
1395999,10154-0004,NY,NEW YORK
1396009,35242,AL,BIRMINGHAM
1396033,23230,VA,RICHMOND
1396167,19106-2354,PA,PHILADELPHIA
1396277,60563,IL,NAPERVILLE
1396279,46240,IN,INDIANAPOLIS
1396446,02451,MA,WALTHAM
1396502,02116,MA,BOSTON
1396546,07059,NJ,WARREN
1396814,94005,CA,BRISBANE
1397173,60438,IL,CHICAGO
1397187,V6J 1C7,A1,VANCOUVER
1397516,16801,PA,STATE COLLEGE
1397702,94089-2918,CA,SUNNYVALE
1397807,77046,TX,HOUSTON
1397821,10055,NY,NEW YORK
1397911,92121,CA,SAN DIEGO
1398005,80222,CO,DENVER
1398078,19809,DE,WILMINGTON
1398090,19047,PA,LANGHORNE
1398161,02142,MA,CAMBRIDGE
1398551,000000,F4,"BEIJING,"
1398659,HM 12,D0,HAMILTON
1398733,07059,NJ,WARREN
1398931,85284,AZ,TEMPE
1398987,07940,NJ,MADISON
1399067,00000,K3,"WANCHAI,"
1399249,10022,NY,NEW YORK
1399315,53202,WI,MILWAUKEE
1399520,80202,CO,DENVER
1399529,02421,MA,LEXINGTON
1399768,53223,WI,MILWAUKEE
1399793,75201,TX,DALLAS
1399855,57701,SD,RAPID CITY
1399935,77080,TX,Houston
1400118,94404,CA,FOSTER CITY
1400400,94403,CA,SAN MATEO
1400431,27703,NC,DURHAM
1400482,150-0013,M0,TOKYO
1400891,78258,TX,SAN ANTONIO
1400897,75206,TX,DALLAS
1401106,10022,NY,NEW YORK
1401257,77064,TX,HOUSTON
1401395,H7T 0A3,A8,LAVAL
1401521,33716,FL,SAINT PETERSBURG
1401564,98057,WA,RENTON
1401680,90404,CA,SANTA MONICA
1401688,33487-3521,FL,BOCA RATON
1401700,07001,NJ,AVENEL
1401708,98109,WA,SEATTLE
1401914,92122,CA,SAN DIEGO
1401923,94043,CA,MOUNTAIN VIEW
1402057,60061,IL,VERNON HILLS
1402305,94404,CA,SAN MATEO
1402366,19801,DE,WILMINGTON
1402436,06095,CT,WINDSOR
1402479,85040,AZ,PHOENIX
1402829,77020,TX,Houston
1403161,94128-8999,CA,SAN FRANCISCO
1403256,10019,NY,NEW YORK
1403275,60187,IL,WHEATON
1403385,98004-5135,WA,BELLEVUE
1403568,60440,IL,BOLINGBROOK
1403708,92075,CA,SOLANA BEACH
1403752,V5T 1G4,A1,Vancouver
1403853,77079,TX,HOUSTON
1404079,6000,C3,"PERTH, WA"
1404123,94111,CA,San Francisco
1404281,92612,CA,IRVINE
1404592,99206,WA,SPOKANE VALLEY
1404624,06905,CT,STAMFORD
1404636,93013,CA,CARPINTERIA
1404644,10011,NY,NEW YORK
1404655,02141,MA,CAMBRIDGE
1404912,10001,NY,NEW YORK
1404973,77002,TX,HOUSTON
1405197,27709,NC,RESEARCH TRIANGLE PARK
1405277,02451,MA,WALTHAM
1405287,02481,MA,WELLESLEY
1405495,19809-3727,DE,WILMINGTON
1406081,78746,TX,AUSTIN
1406305,02199,MA,BOSTON
1406587,76006,TX,ARLINGTON
1406591,15237-7000,PA,PITTSBURGH
1406666,95117,CA,SAN JOSE
1406906,66211,KS,LEAWOOD
1407038,02451,MA,WALTHAM
1407161,53202,WI,MILWAUKEE
1407190,95054,CA,SANTA CLARA
1407450,78758,TX,AUSTIN
1407623,92130,CA,SAN DIEGO
1407736,19456,PA,OAKS
1407739,20004,DC,WASHINGTON
1407973,92653,CA,Laguna Hills
1408075,30328,GA,ATLANTA
1408100,90212,CA,BEVERLY HILLS
1408198,10007,NY,NEW YORK
1408201,66211,KS,OVERLAND PARK
1408278,14202,NY,BUFFALO
1408287,30318,GA,ATLANTA
1408356,94402,CA,SAN MATEO
1408443,H4M 2X6,A8,MONTREAL
1408501,94538,CA,FREMONT
1408710,95054,CA,SANTA CLARA
1409012,90025,CA,LOS ANGELES
1409171,58078,ND,WEST FARGO
1409383,10036,NY,NEW YORK
1409493,10020,NY,NEW YORK
1409947,77077,TX,HOUSTON
1409970,94108,CA,SAN FRANCISCO
1410064,94555,CA,FREMONT
1410384,78729,TX,Austin
1410402,10022,NY,NEW YORK
1410428,10001,NY,NEW YORK
1410471,91602,CA,NORTH HOLLYWOOD
1410636,08102-1658,NJ,CAMDEN
1410637,10019,NY,NEW YORK
1410939,07054,NJ,PARSIPPANY
1411059,92660,CA,NEWPORT BEACH
1411158,94303,CA,PALO ALTO
1411207,46222,IN,Indianapolis
1411303,08210,NJ,CAPE MAY COURT HOUSE
1411342,06870,CT,Greenwich
1411488,94588,CA,PLEASANTON
1411494,10019,NY,new York
1411574,60015,IL,DEERFIELD
1411579,66211,KS,LEAWOOD
1411685,94080,CA,SOUTH SAN FRANCISCO
1411688,75019,TX,Coppell
1411690,92121,CA,SAN DIEGO
1411861,33317,FL,FT. LAUDERDALE
1412043,22201,VA,Arlington
1412067,98121,WA,SEATTLE
1412100,HM 11,D0,HAMILTON
1412232,19087-8660,PA,RADNOR
1412270,02451,MA,Waltham
1412350,10019,NY,NEW YORK
1412408,19803,DE,WILMINGTON
1412495,60606,IL,CHICAGO
1412665,52240,IA,IOWA CITY
1413032,02210,MA,BOSTON
1413329,06901,CT,STAMFORD
1413447,5656AG,P7,EINDHOVEN
1413507,80202,CO,DENVER
1413594,19103,PA,PHILADELPHIA
1413898,75201,TX,DALLAS
1414040,80201-0328,CO,Denver
1414475,77380,TX,THE WOODLANDS
1414932,90071,CA,LOS ANGLES
1415020,80120,CO,LITTLETON
1415301,75063,TX,IRVING
1415336,94588,CA,Pleasanton
1415404,80112,CO,ENGLEWOOD
1415624,94063,CA,Redwood City
1415845,02110,MA,BOSTON
1415995,10010,NY,NEW YORK
1416792,94063,CA,REDWOOD CITY
1417398,47006,IN,BATESVILLE
1417802,85258,AZ,SCOTTSDALE
1418076,10022,NY,NEW YORK
1418091,94103,CA,San Francisco
1418100,27713,NC,DURHAM
1418121,23219,VA,RICHMOND
1418135,75034,TX,FRISCO
1418144,60515,IL,DOWNERS GROVE
1418819,22102,VA,MCLEAN
1418862,77507,TX,PASADENA
1418919,03833,NH,EXETER
1419041,75247,TX,DALLAS
1419178,10017,NY,NEW YORK
1419242,02026,MA,DEDHAM
1419521,27101,NC,Winston Salem
1419581,48034,MI,SOUTHFIELD
1419600,01803,MA,BURLINGTON
1419625,98004,WA,BELLEVUE
1419852,77023,TX,HOUSTON
1420031,90503,CA,TORRANCE
1420070,19422,PA,BLUE BELL
1420302,02210,MA,BOSTON
1420565,78758,TX,AUSTIN
1420800,19808,DE,WILMINGTON
1420811,10018,ny,New York
1420850,46204,IN,INDIANAPOLIS
1421182,45342,OH,MIAMISBURG
1421419,55442,MN,PLYMOUTH
1421461,80202,CO,DENVER
1421481,71520,L3,LOD
1421517,94577,CA,SAN LEANDRO
1421538,10003,NY,NEW YORK
1422105,37067,TN,FRANKLIN
1422142,07960,NJ,MORRISTOWN
1422143,92121,CA,SAN DIEGO
1422183,19104,PA,PHILADELPHIA
1422841,VG1110,D8,TORTOLA
1422930,94063,CA,REDWOOD CITY
1423221,77024,TX,HOUSTON
1423227,01301,MA,GREENFIELD
1423542,84098,ut,park City
1423689,20814,MD,BETHESDA
1423774,94065,CA,REDWOOD CITY
1423824,98011,WA,BOTHELL
1424182,14564,NY,VICTOR
1424212,60187,IL,WHEATON
1424454,94070,CA,SAN CARLOS
1424755,SL3 8AG,X0,"LANGLEY, BERKSHIRE"
1424847,27101,NC,WINSTON SALEM
1424958,10022,NY,NEW YORK
1425205,94070,CA,SAN CARLOS
1425450,46582,IN,WARSAW
1425923,85016,AZ,PHOENIX
1426332,94080,CA,SOUTH SAN FRANCISCO
1426439,10010,NY,NEW YORK
1426506,16428,PA,NORTH EAST
1426800,94080,CA,SOUTH SAN FRANCISCO
1426945,60654,IL,CHICAGO
1427570,92673,CA,SAN CLEMENTE
1427789,10010,NY,NEW YORK
1427925,94404,CA,SAN MATEO
1428156,94502,CA,ALAMEDA
1428205,32963,FL,VERO BEACH
1428336,84020,UT,DRAPER
1428439,95110,CA,SAN JOSE
1428522,02210,MA,BOSTON
1428669,78735,TX,AUSTIN
1428875,38103-3720,TN,MEMPHIS
1429260,33154,FL,BAY HARBOR ISLANDS
1429560,30305,GA,ATLANTA
1429775,32204,FL,JACKSONVILLE
1430259,10020,NY,NEW YORK
1430592,94089,CA,SUNNYVALE
1430602,37932,TN,KNOXVILLE
1430723,35209,AL,BIRMINGHAM
1431695,10007,NY,NEW YORK
1431897,94710,CA,BERKELEY
1431959,B2Y 4M9,A5,DARTMOUTH
1432122,45202,OH,CINCINNATI
1432133,10003,NY,NEW YORK
1432150,95134,CA,SAN JOSE
1432353,10158,NY,NEW YORK
1432732,95403,CA,SANTA ROSA
1433195,93117,CA,SANTA BARBARA
1433269,10018,NY,NEW YORK
1433270,80202,CO,DENVER
1433607,33126,FL,MIAMI
1433642,19428,PA,CONSHOHOCKEN
1433660,60606,IL,CHICAGO
1433714,94105,CA,SAN FRANCISCO
1434070,77077,TX,HOUSTON
1434316,92131,CA,SAN DIEGO
1434418,02142,MA,CAMBRIDGE
1434588,85017,AZ,PHOENIX
1434620,33143,FL,MIAMI
1434621,28203,NC,CHARLOTTE
1434647,02110,MA,BOSTON
1434728,85027,AZ,PHOENIX
1434729,33729,FL,ST. PETERSBURG
1434868,48108,MI,ANN ARBOR
1435049,98109,WA,SEATTLE
1436040,75063,TX,IRVING
1436126,08550,NJ,PRINCETON JUNCTION
1436304,91301,CA,CALABASAS
1436425,70508,LA,LAFAYETTE
1437071,30309,GA,ATLANTA
1437106,80111,CO,GREENWOOD VILLAGE
1437107,10003,NY,NEW YORK
1437204,94523,CA,PLEASANT HILL
1437352,01803,MA,BURLINGTON
1437402,94555,CA,FREMONT
1437578,02459,MA,NEWTON
1437786,98102,WA,SEATTLE
1438089,10036,NY,NEW YORK
1438133,92130,CA,San Diego
1438231,97008,OR,BEAVERTON
1438390,20814,MD,BETHESDA
1438423,85226,AZ,CHANDLER
1438533,92130,CA,SAN DIEGO
1438731,10016,NY,NEW YORK
1438893,10580,NY,RYE
1438897,60523,IL,OAK BROOK
1439095,77010,TX,HOUSTON
1439166,28202,NC,CHARLOTTE
1439222,02139,MA,CAMBRIDGE
1439288,53204,WI,MILWAUKEE
1439297,92618,CA,IRVINE
1439404,94103,CA,SAN FRANCISCO
1439725,80027,CO,LOUISVILLE
1440024,53110,WI,CUDAHY
1441236,99201,WA,SPOKANE
1441567,37067,TN,FRANKLIN
1441634,768923,U0,SINGAPORE
1441693,95618,CA,DAVIS
1441816,10019,NY,NEW YORK
1441848,94063,CA,REDWOOD CITY
1441849,82718,WY,GILLETTE
1442145,07310-1686,NJ,JERSEY CITY
1442505,98005,WA,BELLEVUE
1442836,02139,MA,CAMBRIDGE
1443387,02458,MA,NEWTON
1443646,22102,VA,MCLEAN
1443669,55359,MN,Maple Plain
1443799,10171,NY,NEW YORK
1444192,08540,NJ,PRINCETON
1444363,07921,NJ,BEDMINSTER
1444380,94065,CA,REDWOOD CITY
1444397,08226,NJ,OCEAN CITY
1444598,37214,TN,NASHVILLE
1444822,06830,CT,GREENWICH
1445283,98040,WA,MERCER ISLAND
1445305,50010,IA,AMES
1445499,98119,WA,SEATTLE
1446159,15201,PA,PITTSBURGH
1446371,60661,IL,CHICAGO
1446714,02110,MA,BOSTON
1446847,02110,MA,BOSTON
1447028,18974,PA,WARMINSTER
1447051,96813,HI,HONOLULU
1447246,10036,NY,NEW YORK
1447247,10036,NY,NEW YORK
1447362,77546,TX,FRIENDSWOOD
1447599,94105,CA,SAN FRANCISCO
1447669,94105,CA,San Francisco
1448056,94105,CA,SAN FRANCISCO
1448324,08054,NJ,MOUNT LAUREL
1448893,HM 11,D0,HAMILTON
1449278,94608,CA,EMERYVILLE
1449732,77027,TX,HOUSTON
1450011,92660,CA,NEWPORT BEACH
1450445,60606,IL,CHICAGO
1450501,02210,MA,BOSTON
1451505,6312,V8,STEINHAUSEN
1451809,95054,CA,SANTA CLARA
1451980,97775,L3,JERUSALEM
1452168,32801,FL,ORLANDO
1452384,77046,TX,HOUSTON
1452477,02458,MA,NEWTON
1452575,60606,IL,CHICAGO
1452751,95134,CA,SAN JOSE
1452857,10022,NY,NEW YORK
1452936,92626,CA,COSTA MESA
1453090,1204,V8,GENEVA
1453687,21703,MD,FREDERICK
1453814,10014,NY,NEW YORK
1453818,77002,TX,HOUSTON
1453820,18773-0016,PA,WILKES-BARRE
1454021,10018,NY,NEW YORK
1454389,46240,IN,INDIANAPOLIS
1454741,02109,MA,BOSTON
1454789,02210,MA,BOSTON
1454889,94105,CA,SAN FRANCISCO
1454938,10011,NY,NEW YORK
1454975,90071,CA,LOS ANGELES
1454978,60606,IL,CHICAGO
1454979,60606,IL,CHICAGO
1454980,60606,IL,CHICAGO
1454981,60606,IL,CHICAGO
1455271,92612,CA,IRVINE
1455365,10577,NY,PURCHASE
1455684,85253,AZ,SCOTTSDALE
1455741,77077,TX,HOUSTON
1455863,30328,GA,Atlanta
1456016,90245,CA,EL SEGUNDO
1456772,02458,MA,NEWTON
1457543,92130,CA,SAN DIEGO
1457612,02140,MA,CAMBRIDGE
1457919,77077,TX,HOUSTON
1458891,77478,TX,SUGAR LAND
1458962,93401,CA,SAN LUIS OBISPO
1459200,22102,VA,TYSONS
1459241,32801,FL,ORLANDO
1459266,75019,TX,COPPELL
1459417,20706,MD,LANHAM
1459450,10020,NY,NEW YORK
1459839,95050,CA,SANTA CLARA
1460198,55447,MN,MINNEAPOLIS
1460602,20876,MD,GERMANTOWN
1461119,V6C 3E1,A1,VANCOUVER
1461755,30326,GA,ATLANTA
1461993,07963,NJ,MORRISTOWN
1462120,28403,NC,WILMINGTON
1462418,50,N4,GRAND DUCHY OF LUXEMBOURG
1462586,10018,NY,NEW YORK
1462633,95008,CA,CAMPBELL
1463101,94538,CA,FREMONT
1463172,94103,CA,SAN FRANCISCO
1463258,50010,IA,AMES
1463361,94080,CA,SOUTH SAN FRANCISCO
1463729,92121,CA,SAN DIEGO
1464343,30328,GA,ATLANTA
1464423,91361,CA,WESTLAKE VILLAGE
1464720,80202,CO,DENVER
1464963,02116,MA,BOSTON
1465112,90245,CA,EL SEGUNDO
1465128,33139,FL,MIAMI BEACH
1465214,02199-7603,MA,BOSTON
1465740,55416,MN,ST. LOUIS PARK
1465885,91101,CA,PASADENA
1465886,20850,MD,ROCKVILLE
1466026,62401,IL,EFFINGHAM
1466085,19103,PA,PHILADELPHIA
1466258,00000,L2,CO. DUBLIN
1466301,80301,CO,BOULDER
1466538,10022,NY,NEW YORK
1466593,56538-0496,MN,FERGUS FALLS
1467027,10036,NY,NEW YORK
1467076,90071,CA,LOS ANGELES
1467154,27312,NC,PITTSBORO
1467373,D2,L2,DUBLIN
1467489,80111,CO,GREENWOOD VILLAGE
1467623,94105,CA,SAN FRANCISCO
1467760,10019,NY,NEW YORK
1467858,48265,MI,DETROIT
1468010,92612,CA,IRVINE
1468174,60606,IL,CHICAGO
1468327,11201,NY,BROOKLYN
1468328,75034,TX,FRISCO
1468516,10003,NY,NEW YORK
1468666,30328,GA,ATLANTA
1468748,94304,CA,PALO ALTO
1469030,98101,WA,SEATTLE
1469192,10010,NY,NEW YORK
1469367,94108,CA,SAN FRANCISCO
1469372,10001,NY,NEW YORK
1469392,60606,IL,CHICAGO
1469433,84604,UT,PROVO
1469510,80203,CO,DENVER
1469822,92660,CA,NEWPORT BEACH
1470099,94043,CA,MOUNTAIN VIEW
1470215,22203,VA,ARLINGTON
1470699,75204,TX,DALLAS
1470795,76107,TX,FORT WORTH
1471038,22102-5011,VA,MCLEAN
1471261,77024,TX,HOUSTON
1471265,16365,PA,WARREN
1471420,02210,MA,BOSTON
1471458,15086,PA,WARRENDALE
1472012,98011,WA,BOTHELL
1472091,08540,NJ,PRINCETON
1472215,60606,IL,CHICAGO
1472341,10018,NY,NEW YORK
1472343,07059,NJ,WARREN
1472595,84123,UT,MURRAY
1472601,V6J 1H4,A1,VANCOUVER
1472754,07901,NJ,SUMMIT
1472787,92707,CA,SANTA ANA
1473078,22203,VA,ARLINGTON
1473597,06082,CT,ENFIELD
1474042,10171,NY,NEW YORK
1474098,20814,MD,BETHESDA
1474103,21202,MD,BALTIMORE
1474365,92618,CA,IRVINE
1474432,95054,CA,SANTA CLARA
1474439,95054,CA,SANTA CLARA
1474464,02114,MA,BOSTON
1474735,53187,WI,WAUKESHA
1474777,10022,NY,NEW YORK
1475115,94103,CA,SAN FRANCISCO
1475274,78701,TX,AUSTIN
1475457,60611,IL,CHICAGO
1475841,80111,CO,GREENWOOD VILLAGE
1475922,30099,GA,DULUTH
1476045,33401,FL,WEST PALM BEACH
1476150,94104,CA,SAN FRANCISCO
1476170,17406,PA,YORK
1476204,45249,OH,CINCINNATI
1476721,02110,MA,BOSTON
1476765,10166,NY,NEW YORK
1476840,94108,CA,SAN FRANCISCO
1476886,10169,NY,NEW YORK
1477079,10022,NY,NEW YORK
1477200,94063,CA,REDWOOD CITY
1477294,SN4 8SY,X0,SWINDON
1477333,94107,CA,SAN FRANCISCO
1477425,80202,CO,DENVER
1477434,02110,MA,BOSTON
1477449,10017,NY,NEW YORK
1477720,94107,CA,SAN FRANCISCO
1477815,90018,CA,LOS ANGELES
1477845,19355,PA,MALVERN
1478069,10701,NY,YONKERS
1478085,17402,PA,YORK
1478102,10017,NY,NEW YORK
1478121,92121,CA,SAN DIEGO
1478242,27703,NC,DURHAM
1478268,78705,TX,AUSTIN
1478320,98109,WA,SEATTLE
1478482,02116,MA,BOSTON
1478484,98121,WA,SEATTLE
1478888,60606,IL,CHICAGO
1478950,92128,CA,SAN DIEGO
1479026,10282-2198,NY,NEW YORK
1479046,89109,NV,LAS VEGAS
1479094,02110,MA,BOSTON
1479238,60606,IL,CHICAGO
1479290,37203,TN,NASHVILLE
1479359,92660,CA,NEWPORT BEACH
1479360,92660,CA,NEWPORT BEACH
1479419,02476,MA,ARLINGTON
1479426,15203,PA,PITTSBURGH
1479599,02110,MA,BOSTON
1479750,33134,FL,CORAL GABLES
1479920,2,L2,DUBLIN
1480207,33602,FL,TAMPA
1480999,02110,MA,BOSTON
1481512,02140,MA,CAMBRIDGE
1481582,60606,IL,CHICAGO
1481646,19462,PA,PLYMOUTH MEETING
1481792,53089-3995,WI,SUSSEX
1481832,30327,GA,ATLANTA
1482080,53711,WI,MADISON
1482199,94028,CA,PORTOLA VALLEY
1482430,92660,CA,NEWPORT BEACH
1482512,90025,CA,LOS ANGELES
1482974,33609,FL,TAMPA
1482981,10003,NY,NEW YORK
1483195,07676,NJ,TOWNSHIP OF WASHINGTON
1483510,43230,OH,COLUMBUS
1484478,27560,NC,MORRISVILLE
1484504,95054,CA,SANTA CLARA
1484612,95134,CA,SAN JOSE
1484769,10104,NY,NEW YORK
1484778,94607,CA,OAKLAND
1485003,19104,PA,PHILADELPHIA
1485176,19040,PA,HATBORO
1485469,48152,MI,LIVONIA
1485894,10017,NY,NEW YORK
1486159,77002,TX,HOUSTON
1486298,10154,NY,NEW YORK
1486800,06511,CT,NEW HAVEN
1487052,75024,TX,PLANO
1487101,21076,MD,HANOVER
1487371,92008,CA,CARLSBAD
1487592,60181,IL,OAKBROOK TERRACE
1487685,48226,MI,DETROIT
1487712,90067,CA,LOS ANGELES
1487730,53562,WI,MIDDLETON
1487918,60606,IL,CHICAGO
1487952,19355,PA,MALVERN
1487986,96813,HI,HONOLULU
1487990,11803,NY,PLAINVIEW
1487999,07656,NJ,PARK RIDGE
1488039,98107,WA,SEATTLE
1488075,10017,NY,NEW YORK
1488613,02141,MA,CAMBRIDGE
1488775,10018,NY,NEW YORK
1488813,19611,PA,WEST READING
1489096,78735,TX,AUSTIN
1489137,80111,CO,GREENWOOD VILLAGE
1489393,77056,TX,HOUSTON
1489471,45202,OH,CINCINNATI
1489979,27408,NC,GREENSBORO
1490013,06830,CT,GREENWICH
1490281,60601,IL,CHICAGO
1490286,66211,KS,LEAWOOD
1490349,10022,NY,NEW YORK
1490626,02458-1634,MA,NEWTON
1490660,94404,CA,SAN MATEO
1490892,80202,CO,DENVER
1490906,66603,KS,TOPEKA
1490927,10019,NY,NEW YORK
1490978,10036,NY,NEW YORK
1490983,28211,NC,CHARLOTTE
1491501,15045,PA,GLASSPORT
1491576,02451,MA,WALTHAM
1491675,30339,GA,ATLANTA
1491778,46202,IN,INDIANAPOLIS
1491925,10019,NY,NEW YORK
1492298,92782,CA,TUSTIN
1492374,59715,MT,BOZEMAN
1492422,02451,MA,WALTHAM
1492426,4,L2,DUBLIN
1492633,10010,NY,NEW YORK
1492658,1097JB,P7,AMSTERDAM
1492674,02421,MA,LEXINGTON
1492691,85043,AZ,PHOENIX
1492832,74103,OK,TULSA
1493113,75225,TX,DALLAS
1493225,07095,NJ,WOODBRIDGE
1493523,60606,IL,CHICAGO
1493566,92121,CA,SAN DIEGO
1493594,01851,MA,LOWELL
1493761,92127,CA,SAN DIEGO
1494259,02115,MA,BOSTON
1494319,60515,IL,DOWNERS GROVE
1494530,60187,IL,WHEATON
1494538,94104,CA,SAN FRANCISCO
1494582,68102,NE,OMAHA
1494650,19067,PA,YARDLEY
1494904,19004,PA,BALA CYNWYD
1495222,06830,CT,GREENWICH
1495240,22102,VA,MCLEAN
1495320,46783,IN,ROANOKE
1495479,43212,OH,COLUMBUS
1495569,60048,IL,LIBERTYVILLE
1495932,98226,WA,BELLINGHAM
1496048,60654-1607,IL,CHICAGO
1496099,10019,NY,NEW YORK
1496268,92111,CA,SAN DIEGO
1496323,94043,CA,MOUNTAIN VIEW
1496454,32801,FL,ORLANDO
1496608,10001,NY,NEW YORK
1496623,78701-2582,TX,AUSTIN
1496631,70112,LA,NEW ORLEANS
1496671,94080,CA,SOUTH SAN FRANCISCO
1496749,02116,MA,BOSTON
1496963,10014,NY,NEW YORK
1497186,10010,NY,NEW YORK
1497645,78738,TX,AUSTIN
1497770,20814,MD,BETHESDA
1497778,60187,IL,WHEATON
1498021,30305,GA,ATLANTA
1498233,95131,CA,SAN JOSE
1498301,07430,NJ,MAHWAH
1498382,33612,FL,TAMPA
1498498,02110,MA,BOSTON
1498542,85016,AZ,PHOENIX
1498547,85016,AZ,PHOENIX
1498612,10036,NY,NEW YORK
1498710,33004,FL,DANIA BEACH
1498753,75225,TX,DALLAS
1498828,77380,TX,THE WOODLANDS
1498864,23219,VA,RICHMOND
1499268,89135,NV,LAS VEGAS
1499686,60606,IL,CHICAGO
1499807,20175,VA,LEESBURG
1499912,10041,NY,NEW YORK
1500096,77002,TX,HOUSTON
1500217,92121,CA,SAN DIEGO
1500435,94402,CA,SAN MATEO
1500554,10022,NY,NEW YORK
1500604,80206,CO,DENVER
1500881,75240,TX,DALLAS
1501103,01301,MA,GREENFIELD
1501134,94103,CA,SAN FRANCISCO
1501376,75201,TX,DALLAS
1501377,75201,TX,DALLAS
1501378,75201,TX,DALLAS
1501585,23607,VA,NEWPORT NEWS
1501697,02134,MA,BOSTON
1501729,19112,PA,PHILADELPHIA
1501756,94063,CA,REDWOOD CITY
1501796,02135,MA,BOSTON
1501989,94080,CA,SOUTH SAN FRANCISCO
1502012,77010,TX,HOUSTON
1502034,15222,PA,PITTSBURGH
1502292,48084,MI,TROY
1502519,10016,NY,NEW YORK
1502573,10019,NY,NEW YORK
1502711,60606,IL,CHICAGO
1502749,32202,FL,JACKSONVILLE
1503274,01821,MA,BILLERICA
1503290,19103,PA,PHILADELPHIA
1503802,02459,MA,NEWTON
1503993,92660,CA,NEWPORT BEACH
1504008,33016,FL,MIAMI LAKES
1504167,07059,NJ,WARREN
1504234,10154,NY,NEW YORK
1504545,10018,NY,NEW YORK
1504678,J6Y 1Y4,A8,TERREBONNE
1504776,10013,NY,NEW YORK
1505155,78746,TX,AUSTIN
1505512,92121,CA,SAN DIEGO
1505952,84003,UT,AMERICAN FORK
1506001,10104,NY,NEW YORK
1506213,11743,NY,HUNTINGTON
1506293,94107,CA,SAN FRANCISCO
1506307,77002,TX,HOUSTON
1506401,75202,TX,DALLAS
1506488,75206,TX,DALLAS
1506492,55344,MN,EDEN PRAIRIE
1506928,94063,CA,REDWOOD CITY
1506932,T2P 3G4,A0,CALGARY
1507079,30339,GA,ATLANTA
1507385,85016,AZ,PHOENIX
1507563,28277,NC,CHARLOTTE
1507615,45840,OH,FINDLAY
1507934,80112,CO,ENGLEWOOD
1508171,10022,NY,NEW YORK
1508655,75201,TX,DALLAS
1509190,66211,KS,LEAWOOD
1509253,60606,IL,CHICAGO
1509432,94105,CA,SAN FRANCISCO
1509470,10019,NY,NEW YORK
1509589,80202,CO,DENVER
1509892,10014,NY,NEW YORK
1509991,75231,TX,DALLAS
1510295,45840-3229,OH,FINDLAY
1510337,60187,IL,WHEATON
1510487,94080,CA,SOUTH SAN FRANCISCO
1510580,90404,CA,SANTA MONICA
1510964,92126,CA,SAN DIEGO
1511198,06032,CT,FARMINGTON
1511331,60532,IL,LISLE
1511337,20814,MD,BETHESDA
1511699,53202,WI,MILWAUKEE
1511737,10017,NY,NEW YORK
1512077,92705,CA,SANTA ANA
1512152,45202,OH,CINCINNATI
1512228,80112,CO,CENTENNIAL
1512499,10036,NY,NEW YORK
1512673,94612,CA,OAKLAND
1512762,94065,CA,REDWOOD CITY
1512931,60606,IL,CHICAGO
1513161,KY1-9005,E9,"GEORGE TOWN, GRAND CAYMAN"
1513761,33126,FL,MIAMI
1513789,60187,IL,WHEATON
1513818,77098,TX,HOUSTON
1513965,77042,TX,HOUSTON
1513970,77027,TX,HOUSTON
1514128,10601,NY,WHITE PLAINS
1514281,10167,NY,NEW YORK
1514416,27607,NC,RALEIGH
1514490,10010,NY,NEW YORK
1514705,60532,IL,LISLE
1514991,10001,NY,NEW YORK
1515173,10019,NY,NEW YORK
1515324,90067,CA,LOS ANGELES
1515671,01301,MA,GREENFIELD
1515673,94949,CA,NOVATO
1515816,02110,MA,BOSTON
1515940,94104,CA,SAN FRANCISCO
1515980,10019,NY,NEW YORK
1516513,94107,CA,SAN FRANCISCO
1516523,60603,IL,CHICAGO
1516973,20814,MD,BETHESDA
1517006,V6C 3L2,A1,VANCOUVER
1517022,02142,MA,CAMBRIDGE
1517228,75082,TX,RICHARDSON
1517302,53202,WI,MILWAUKEE
1517342,NONE,N4,NONE
1517375,60603,IL,CHICAGO
1517413,94107,CA,SAN FRANCISCO
1517518,10018,NY,NEW YORK
1517650,46278,IN,INDIANAPOLIS
1517767,10017,NY,NEW YORK
1517936,60187,IL,WHEATON
1518557,10010,NY,NEW YORK
1518715,94596,CA,WALNUT CREEK
1518832,73102-5015,OK,OKLAHOMA CITY
1519061,19087,PA,WAYNE
1519401,29651,SC,GREER
1519449,77024,TX,HOUSTON
1519505,12401,NY,KINGSTON
1519751,60015,IL,DEERFIELD
1520006,75240,TX,DALLAS
1520048,77002,TX,HOUSTON
1520262,00000,L2,DUBLIN 4
1520566,75019,TX,COPPELL
1520568,10022,NY,NEW YORK
1520697,37067,TN,FRANKLIN
1520738,10281-1023,NY,NEW YORK
1520744,22980,VA,WAYNESBORO
1521036,01862,MA,NORTH BILLERICA
1521332,8200,V8,SCHAFFHAUSEN
1521353,55101-1363,MN,ST. PAUL
1521404,28202,NC,CHARLOTTE
1521847,77002,TX,HOUSTON
1521945,10016,NY,NEW YORK
1521951,53719,WI,MADISON
1521971,10281,NY,NEW YORK
1522540,94612,CA,OAKLAND
1522699,60606,IL,CHICAGO
1522807,10281,NY,NEW YORK
1522860,92008,CA,CARLSBAD
1523289,59715,MT,BOZEMAN
1523526,10017,NY,NEW YORK
1524025,92618,CA,IRVINE
1524115,10017,NY,NEW YORK
1524223,14450,NY,FAIRPORT
1524348,75201,TX,DALLAS
1524358,32836,FL,ORLANDO
1524471,22102,VA,MCLEAN
1524472,20003,DC,WASHINGTON
1524692,46802,IN,FORT WAYNE
1525201,33602,FL,TAMPA
1525221,77042,TX,HOUSTON
1525759,19112,PA,PHILADELPHIA
1525769,75220,TX,DALLAS
1525773,L-1246,N4,Luxembourg
1526113,10019,NY,NEW YORK
1526119,02494,MA,NEEDHAM
1526160,02451,MA,WALTHAM
1526243,83702,ID,BOISE
1526329,66211,KS,OVERLAND PARK
1526520,02494,MA,NEEDHAM
1526697,10019,NY,NEW YORK
1526787,02199,MA,BOSTON
1526796,77042,TX,HOUSTON
1527166,20004,DC,WASHINGTON
1527349,10019,NY,NEW YORK
1527469,50266,IA,WEST DES MOINES
1527508,60045,IL,LAKE FOREST
1527590,10020,NY,NEW YORK
1527599,01890,MA,WINCHESTER
1527753,94555,CA,FREMONT
1527972,92618,CA,IRVINE
1528115,94005,CA,BRISBANE
1528129,74120,OK,TULSA
1528287,94043,CA,MOUNTAIN VIEW
1528393,77010,TX,HOUSTON
1528396,94403,CA,SAN MATEO
1528557,02452,MA,WALTHAM
1528558,10036,NY,NEW YORK
1528811,01301,MA,GREENFIELD
1528837,77002,TX,HOUSTON
1528849,94925,CA,CORTE MADERA
1528930,43015,OH,DELAWARE
1528985,60523,IL,OAK BROOK
1529274,75024,TX,PLANO
1529377,10167,NY,NEW YORK
1529864,60604,IL,CHICAGO
1529979,10022,NY,NEW YORK
1530721,W1T 4EZ,X0,LONDON
1530804,06901,CT,STAMFORD
1530950,63144,MO,ST. LOUIS
1530979,90094,CA,LOS ANGELES
1531134,60603,IL,CHICAGO
1531152,01752,MA,MARLBOROUGH
1531177,94025,CA,MENLO PARK
1531978,80112,CO,ENGLEWOOD
1532063,63121,MO,ST. LOUIS
1532286,77019,TX,HOUSTON
1532747,48951,MI,LANSING
1532930,73116,OK,OKLAHOMA CITY
1532961,33021,FL,HOLLYWOOD
1533526,60173,IL,SCHAUMBURG
1533615,20814,MD,BETHESDA
1533924,77002,TX,HOUSTON
1533932,45249,OH,SYMMES TOWNSHIP
1533998,10019,NY,NEW YORK
1534120,19087,PA,WAYNE
1534133,92037,CA,LA JOLLA
1534254,10017,NY,NEW YORK
1534287,55447-5476,MN,PLYMOUTH
1534293,77027,TX,HOUSTON
1534504,07054,NJ,PARSIPPANY
1534643,10018,NY,NEW YORK
1534675,33142,FL,MIAMI
1534701,77042,TX,HOUSTON
1534880,07102,NJ,NEWARK
1534881,90025,CA,LOS ANGELES
1534969,84109,UT,SALT LAKE CITY
1534992,75254,TX,DALLAS
1535174,77027,TX,HOUSTON
1535379,94306,CA,PALO ALTO
1535527,78701,TX,AUSTIN
1535538,94403-1906,CA,SAN MATEO
1535929,10166,NY,NEW YORK
1535955,84108,X1,SALT LAKE CITY
1536035,53202,WI,MILWAUKEE
1536256,10018,NY,NEW YORK
1537028,77070,TX,HOUSTON
1537054,80021,CO,BROOMFIELD
1537140,45246,OH,CINCINNATI
1537395,60187,IL,WHEATON
1537667,02458,MA,NEWTON
1537951,70809,X1,BATON ROUGE
1538210,20878,MD,GAITHERSBURG
1538307,98004,WA,BELLEVUE
1538716,94402,CA,SAN MATEO
1538927,02472,MA,WATERTOWN
1538990,85255,AZ,SCOTTSDALE
1539029,30005,GA,ALPHARETTA
1539337,60606,IL,CHICAGO
1540184,94105,CA,SAN FRANCISCO
1540400,94404,CA,FOSTER CITY
1540755,94105,CA,SAN FRANCISCO
1541133,02110,MA,BOSTON
1541157,33602,FL,TAMPA
1541401,10120,NY,NEW YORK
1542447,10022,NY,NEW YORK
1543151,94158,CA,SAN FRANCISCO
1543188,10001,NY,NEW YORK
1543418,V6C 3B8,A1,VANCOUVER
1543916,94105,CA,SAN FRANCISCO
1544116,60606,IL,CHICAGO
1544206,10017,NY,NEW YORK
1544227,94005,CA,BRISBANE
1544229,20151,VA,CHANTILLY
1544522,94403,CA,SAN MATEO
1545158,60093,IL,NORTHFIELD
1545391,6330,V8,CHAM
1545654,96801,HI,HONOLULU
1546381,20910,MD,SILVER SPRING
1546417,33607,FL,TAMPA
1546429,10154,NY,NEW YORK
1546585,06155,CT,HARTFORD
1546640,33431,FL,BOCA RATON
1547011,90071,CA,LOS ANGELES
1547063,10019,NY,NEW YORK
1547158,66211,KS,OVERLAND PARK
1547282,33133,FL,MIAMI
1547341,10018,NY,NEW YORK
1547459,80228,CO,LAKEWOOD
1547546,10169,NY,NEW YORK
1547576,10017,NY,NEW YORK
1547994,60606,IL,CHICAGO
1548717,10036,NY,NEW YORK
1548981,85254,AZ,SCOTTSDALE
1549346,10118,NY,NEW YORK
1549548,60187,IL,WHEATON
1549595,94005,CA,BRISBANE
1549756,77002,TX,Houston
1549848,77056,TX,Houston
1549872,01880,MA,WAKEFIELD
1549922,77002,TX,HOUSTON
1549966,10019,NY,NEW YORK
1550695,33324,FL,PLANTATION
1551040,01301,MA,GREENFIELD
1551152,60064,IL,NORTH CHICAGO
1551182,DUBLIN 4,L2,DUBLIN
1551306,10018,NY,NEW YORK
1551431,02199,MA,BOSTON
1551693,92612,CA,IRVINE
1551895,94403-1906,CA,SAN MATEO
1551901,77027,TX,HOUSTON
1551950,02210,MA,BOSTON
1552033,60661,IL,CHICAGO
1552451,94005,CA,BRISBANE
1552740,60187,IL,WHEATON
1552800,55441,MN,PLYMOUTH
1552890,32963,FL,VERO BEACH
1552947,45246,OH,CINCINNATI
1553023,75201,TX,DALLAS
1553588,10010,NY,NEW YORK
1554495,94104,CA,SAN FRANCISCO
1554496,94104,CA,SAN FRANCISCO
1554625,10016,NY,NEW YORK
1554697,07102,NJ,NEWARK
1555039,28209,NC,CHARLOTTE
1555074,00820,VI,CHRISTIANSTED
1555279,01803,MA,BURLINGTON
1555280,07054,NJ,PARSIPPANY
1555365,80202,CO,DENVER
1556263,02140,MA,CAMBRIDGE
1556336,06897,CT,WILTON
1556593,10003,NY,New York
1556739,76051,TX,GRAPEVINE
1557127,94107,CA,SAN FRANCISCO
1557156,10282,NY,NEW YORK
1557255,M4W 2L2,A6,TORONTO
1557265,10005,NY,NEW YORK
1557421,92121,CA,SAN DIEGO
1557424,94028,CA,PORTOLA VALLEY
1557746,19087,PA,WAYNE
1557883,94025,CA,MENLO PARK
1557915,60606,IL,CHICAGO
1558235,10001,NY,New York
1558441,80202,CO,DENVER
1558583,97402,OR,EUGENE
1558629,10019,NY,NEW YORK
1559053,D02 VK60,L2,DUBLIN 2
1559720,94103,CA,SAN FRANCISCO
1559865,00926,PR,RIO PIEDRAS
1559909,10022,NY,New York
1559991,91101,CA,PASADENA
1560050,80112-3924,CO,CENTENNIAL
1560241,27709,NC,RESEARCH TRIANGLE PARK
1560258,07866,NJ,ROCKAWAY
1560327,02114,MA,BOSTON
1560385,80112,CO,ENGLEWOOD
1560672,06870,CT,OLD GREENWICH
1560916,10019,NY,NEW YORK
1561032,10022,NY,NEW YORK
1561387,33618,FL,TAMPA
1561528,10022,NY,NEW YORK
1561550,10018,NY,NEW YORK
1561660,94111,CA,SAN FRANCISCO
1561679,10016,NY,NEW YORK
1561680,89451,NV,INCLINE VILLAGE
1561894,21401,MD,ANNAPOLIS
1561921,19355,PA,MALVERN
1562039,78259,TX,SAN ANTONIO
1562088,15206,PA,PITTSBURGH
1562214,07701-1106,NJ,RED BANK
1562401,89119,NV,LAS VEGAS
1562476,85251,AZ,SCOTTSDALE
1562528,10010,NY,NEW YORK
1562594,07030,NJ,HOBOKEN
1562834,10281,NY,NEW YORK
1563190,10011,NY,NEW YORK
1563407,90040,CA,COMMERCE
1563577,19355,PA,MALVERN
1563665,01746,MA,HOLLISTON
1563696,02109,MA,BOSTON
1563699,48076,MI,SOUTHFIELD
1563855,92037,CA,LA JOLLA
1563880,06510,CT,NEW HAVEN
1563922,10169,NY,NEW YORK
1564216,10017,NY,NEW YORK
1564406,60603,IL,CHICAGO
1564584,60606,IL,CHICAGO
1564708,10036,NY,NEW YORK
1564822,07054,NJ,PARSIPPANY
1564824,92121,CA,SAN DIEGO
1564902,32821,FL,ORLANDO
1565337,60015,IL,DEERFIELD
1565381,10289,NY,NEW YORK
1565687,94306,CA,PALO ALTO
1566044,06513,CT,NEW HAVEN
1566373,CB22 3AT,X0,CAMBRIDGE
1566469,27560,NC,MORRISVILLE
1566826,40299,KY,LOUISVILLE
1566895,28405,NC,WILMINGTON
1566912,92612,CA,IRVINE
1567101,80201,CO,DENVER
1567514,07921,NJ,BEDMINSTER
1567569,60187,IL,WHEATON
1567683,08540,NJ,PRINCETON
1567925,33602,FL,TAMPA
1568100,94103,CA,SAN FRANCISCO
1568162,10019,NY,NEW YORK
1568192,19112,PA,PHILADELPHIA
1568194,19104,PA,PHILADELPHIA
1568292,66202-4200,KS,SHAWNEE MISSION
1568651,10013,NY,NEW YORK
1568669,91361,CA,WESTLAKE VILLAGE
1568832,10022,NY,NEW YORK
1569187,23462,VA,VIRGINIA BEACH
1569345,10001,NY,NEW YORK
1569391,10282,NY,NEW YORK
1569994,53226,WI,WAUWATOSA
1570318,10018,NY,NEW YORK
1570562,92660,CA,NEWPORT BEACH
1570585,HM 11,D0,HAMILTON
1570827,44144,OH,BROOKLYN
1571123,20190,VA,RESTON
1571283,90025,CA,LOS ANGELES
1571329,10022,NY,NEW YORK
1571498,02139,MA,CAMBRIDGE
1571776,07753,NJ,TINTON FALLS
1571949,30328,GA,ATLANTA
1571996,78682,TX,ROUND ROCK
1572280,90067,CA,LOS ANGELES
1572616,01803,MA,BURLINGTON
1572661,50392,IA,DES MOINES
1572684,95113,CA,SAN JOSE
1572694,10282,NY,NEW YORK
1572758,85016,AZ,PHOENIX
1572914,75201,TX,DALLAS
1572915,75201,TX,DALLAS
1572916,75201,TX,DALLAS
1573097,30339,GA,ATLANTA
1573166,78746,TX,AUSTIN
1573221,94133,CA,SAN FRANCISCO
1573312,60606,IL,CHICAGO
1573516,71730-5836,AR,EL DORADO
1573683,94107,CA,SAN FRANCISCO
1573698,02110,MA,BOSTON
1574085,75254,TX,DALLAS
1574135,94103,CA,SAN FRANCISCO
1574197,92618,CA,IRVINE
1574532,33126,FL,MIAMI
1574540,80237,CO,DENVER
1574596,85253,AZ,SCOTTSDALE
1574648,76102,TX,FORT WORTH
1574774,19355,PA,MALVERN
1574815,27609,NC,RALEIGH
1575189,75231,TX,DALLAS
1575360,60515,IL,DOWNERS GROVE
1575434,60018,IL,DES PLAINES
1575515,85054,AZ,PHOENIX
1575571,02903,RI,PROVIDENCE
1575828,77084,TX,HOUSTON
1575879,89109,NV,LAS VEGAS
1575965,19610,PA,WYOMISSING
1576169,29492,SC,CHARLESTON
1576263,92121,CA,SAN DIEGO
1576280,94304,CA,PALO ALTO
1576340,10281,NY,NEW YORK
1576427,75009,I0,PARIS
1576873,89503,NV,RENO
1576885,02465,MA,NEWTON
1576914,1686,T3,JOHANNESBURG
1576940,80111,CO,GREENWOOD VILLAGE
1576942,94104,CA,SAN FRANCISCO
1577095,75234,TX,DALLAS
1577134,10001,NY,NEW YORK
1577368,66213,KS,OVERLAND PARK
1577445,85260,AZ,SCOTTSDALE
1577526,94063,CA,REDWOOD CITY
1577670,10022,NY,NEW YORK
1577791,90071,CA,LOS ANGELES
1577916,28277,NC,CHARLOTTE
1578318,80111,CO,GREENWOOD VILLAGE
1578348,10017,NY,NEW YORK
1578620,10166,NY,NEW YORK
1578732,91302,CA,CALABASAS
1578735,10038,NY,NEW YORK
1578845,D17 E400,L2,"COOLOCK, DUBLIN"
1578987,80206,CO,DENVER
1579091,94105,CA,SAN FRANCISCO
1579157,10110,NY,NEW YORK
1579214,92675,CA,SAN JUAN CAPISTRANO
1579241,46032,IN,CARMEL
1579252,53202,WI,MILWAUKEE
1579298,08016,NJ,BURLINGTON
1579428,10007,NY,NEW YORK
1579471,75201,TX,DALLAS
1579684,14534-4560,NY,PITTSFORD
1579733,78704,TX,AUSTIN
1579762,10282,NY,NEW YORK
1579823,84047,UT,MIDVALE
1579877,10016,NY,NEW YORK
1579881,60563,IL,NAPERVILLE
1579910,78759,TX,AUSTIN
1580063,92122,CA,SAN DIEGO
1580156,02110,MA,BOSTON
1580185,19087-5148,PA,RADNOR
1580345,94025,CA,MENLO PARK
1580560,02111,MA,BOSTON
1580608,75201,TX,DALLAS
1580670,77380,TX,THE WOODLANDS
1580673,90025,CA,LOS ANGELES
1580733,53202,WI,MILWAUKEE
1580808,95131,CA,SAN JOSE
1580864,77042,TX,HOUSTON
1580988,85016,AZ,PHOENIX
1581068,10017,NY,NEW YORK
1581091,80237,CO,DENVER
1581280,94080,CA,SOUTH SAN FRANCISCO
1581405,45249,OH,CINCINNATI
1581720,06901,CT,STAMFORD
1581760,94403,CA,SAN MATEO
1581934,10167,NY,NEW YORK
1581990,77002,TX,HOUSTON
1582086,HM08,D0,PEMBROKE
1582817,60606,IL,CHICAGO
1582961,80021,CO,BROOMFIELD
1582982,08873,NJ,SOMERSET
1583077,10022,NY,NEW YORK
1583107,KY1-1104,CA,"GEORGE TOWN, GRAND CAYMAN"
1583513,20190,VA,RESTON
1583648,19087,PA,WAYNE
1583708,94041,CA,MOUNTAIN VIEW
1584207,47708,IN,EVANSVILLE
1584509,19103,PA,PHILADELPHIA
1584549,32746,FL,LAKE MARY
1584751,60607,IL,CHICAGO
1584952,77002,TX,HOUSTON
1584986,20878,MD,GAITHERSBURG
1585064,50309,IA,DES MOINES
1585101,77002,TX,HOUSTON
1585219,92612,CA,IRVINE
1585364,D02 TY74,L2,DUBLIN 2
1585521,95113,CA,SAN JOSE
1585583,92630,CA,LAKE FOREST
1585689,22102,VA,MCLEAN
1585790,32081,FL,PONTE VEDRA
1585854,63376,MO,ST. PETERS
1585855,10580,NY,RYE
1586049,OX14 4RZ,X0,ABINGDON
1586105,19087,PA,WAYNE
1586300,V7B 1A3,A1,RICHMOND
1587221,94555,CA,FREMONT
1587523,60143,IL,ITASCA
1587551,45246,OH,CINCINNATI
1587732,74103,OK,TULSA
1587755,80202,CO,DENVER
1588238,15222,PA,PITTSBURGH
1588272,75201,TX,DALLAS
1588807,10154,NY,NEW YORK
1588972,19341,PA,EXTON
1588978,95134,CA,SAN JOSE
1589094,98033,WA,KIRKLAND
1589390,60201,IL,EVANSTON
1589420,06897,CT,WILTON
1589526,31210,GA,MACON
1589756,01301,MA,GREENFIELD
1590364,10014,NY,NEW YORK
1590584,77002,TX,HOUSTON
1590714,33139,FL,MIAMI BEACH
1590717,92629,CA,DANA POINT
1590750,02453,MA,WALTHAM
1590877,20850,MD,ROCKVILLE
1590895,89501,NV,RENO
1590976,37774,TN,LOUDON
1591096,00000,L2,DUBLIN
1591517,10281,NY,NEW YORK
1591587,94520,CA,CONCORD
1591670,80237,CO,DENVER
1591698,60173,IL,SCHAUMBURG
1591877,78701,TX,AUSTIN
1592016,19106,PA,PHILADELPHIA
1592057,20814,MD,BETHESDA
1592058,07677,NJ,WOODCLIFF LAKE
1592288,02139,MA,CAMBRIDGE
1592386,10019,NY,NEW YORK
1592480,20170,VA,HERNDON
1592617,01584,MA,WESTBOROUGH
1593034,00000,L2,DUBLIN 4
1593195,60601,IL,CHICAGO
1593275,HM08,D0,PEMBROKE
1593538,20171,VA,HERNDON
1593547,19456,PA,OAKS
1593548,89118,NV,LAS VEGAS
1593899,02110,MA,BOSTON
1593936,75063,TX,IRVING
1594012,07078,NJ,SHORT HILLS
1594337,94025,CA,MENLO PARK
1594466,75038,TX,IRVING
1594590,77042,TX,HOUSTON
1594617,75038,TX,IRVING
1594686,43215,OH,COLUMBUS
1594854,94111,CA,SAN FRANCISCO
1594864,98109,WA,SEATTLE
1594879,75024,TX,PLANO
1595262,06810,CT,DANBURY
1595527,02840,RI,NEWPORT
1595585,94080,CA,SOUTH SAN FRANCISCO
1595627,60523,IL,OAK BROOK
1595893,92121,CA,SAN DIEGO
1596532,95054,CA,SANTA CLARA
1596783,08873,NJ,SOMERSET
1596946,JE2 3QA,Y9,SAINT HELIER
1596967,10022,NY,NEW YORK
1596993,06902,CT,STAMFORD
1597033,76092,TX,SOUTHLAKE
1597218,78705,TX,AUSTIN
1597219,78705,TX,AUSTIN
1597220,78705,TX,AUSTIN
1597264,02139,MA,CAMBRIDGE
1597313,44146,OH,OAKWOOD VILLAGE
1597553,02142,MA,CAMBRIDGE
1597672,32207,FL,JACKSONVILLE
1598014,EC2Y 9LY,X0,LONDON
1598085,60606,IL,CHICAGO
1598428,44706-0928,OH,CANTON
1598646,01803,MA,BURLINGTON
1598674,10007,NY,NEW YORK
1598735,03801,NH,PORTSMOUTH
1599222,76102,TX,FORT WORTH
1599298,33131,FL,MIAMI
1599489,30328,GA,ATLANTA
1599617,77041,TX,HOUSTON
1599947,10281,NY,NEW YORK
1600132,07059,NJ,WARREN
1600438,30084,GA,TUCKER
1600620,T5L 4S6,A0,EDMONTON
1600626,90245,CA,EL SEGUNDO
1600641,10010,NY,NEW YORK
1600847,95484,L3,JERUSALEM
1601046,95403,CA,SANTA ROSA
1601445,20850,MD,ROCKVILLE
1601669,HM 08,D0,PEMBROKE
1601712,06902-1250,CT,STAMFORD
1601830,84101,UT,SALT LAKE CITY
1602367,75067,TX,LEWISVILLE
1602584,60563,IL,NAPERVILLE
1602658,70816,LA,BATON ROUGE
1603145,33408,FL,JUNO BEACH
1603480,90071,CA,LOS ANGELES
1603923,77056,TX,HOUSTON
1603978,01451,MA,HARVARD
1603998,01301,MA,GREENFIELD
1604174,06830,CT,GREENWICH
1604416,77380,TX,THE WOODLANDS
1604464,91320,CA,THOUSAND OAKS
1604477,02472,MA,WATERTOWN
1604522,19103,PA,PHILADELPHIA
1604643,15222,PA,PITTSBURGH
1604665,77056,TX,HOUSTON
1604738,75254,TX,DALLAS
1604778,27409,NC,GREENSBORO
1604821,78753,TX,AUSTIN
1605607,10019,NY,NEW YORK
1605941,10105,NY,NEW YORK
1606268,77079,TX,HOUSTON
1606363,77098,TX,HOUSTON
1606498,30004,GA,ALPHARETTA
1606645,76704,L3,REHOVOT
1606745,80112,CO,ENGLEWOOD
1606757,47546,IN,JASPER
1606789,10165,NY,NEW YORK
1607250,W1U 7DW,X0,LONDON
1607716,84043,UT,LEHI
1607939,94107,CA,SAN FRANCISCO
1607962,01749,MA,HUDSON
1607997,60606,IL,CHICAGO
1608249,80301,CO,BOULDER
1608638,02210,MA,BOSTON
1608741,60606,IL,CHICAGO
1608742,60606,IL,CHICAGO
1609151,84043,UT,LEHI
1609211,06901,CT,STAMFORD
1609234,10022,NY,NEW YORK
1609253,90831,CA,LONG BEACH
1609336,90245,CA,EL SEGUNDO
1609351,19104,PA,PHILADELPHIA
1609471,60606,IL,CHICAGO
1609550,55416,MN,GOLDEN VALLEY
1609702,60169,IL,HOFFMAN ESTATES
1609711,85281,AZ,TEMPE
1609727,92037,CA,LA JOLLA
1609804,77389,TX,SPRING
1609809,02139,MA,CAMBRIDGE
1609865,10022,NY,NEW YORK
1609989,06897,CT,WILTON
1610114,10036,NY,NEW YORK
1610250,92618,CA,IRVINE
1610532,95054,CA,SANTA CLARA
1610618,92121,CA,SAN DIEGO
1610793,76021,TX,BEDFORD
1610950,27560,NC,MORRISVILLE
1611052,93013,CA,CARPINTERIA
1611231,27560,NC,MORRISVILLE
1611547,10017,NY,NEW YORK
1611647,07921,NJ,BEDMINSTER
1611702,EC4V 4GG,X0,LONDON
1611983,80112,CO,ENGLEWOOD
1611988,06830,CT,GREENWICH
1612720,77002,TX,HOUSTON
1612875,10282,NY,NEW YORK
1613665,57104,SD,SIOUX FALLS
1613859,27612,NC,RALEIGH
1614173,10166,NY,NEW YORK
1614178,10011,NY,NEW YORK
1614184,77056,TX,HOUSTON
1614436,94010,CA,BURLINGAME
1614976,85016,AZ,PHOENIX
1615055,06405,CT,BRANFORD
1615219,77021,TX,HOUSTON
1615346,90245,CA,EL SEGUNDO
1615418,19103,PA,PHILADELPHIA
1615817,77042,TX,HOUSTON
1615892,10019,NY,NEW YORK
1615905,60606,IL,CHICAGO
1616000,32801,FL,ORLANDO
1616037,02109,MA,BOSTON
1616101,30713,TN,ANTIOCH
1616212,L5L 1J9,A6,MISSISSAUGA
1616297,37203,TN,NASHVILLE
1616314,37203,TN,NASHVILLE
1616318,55303,MN,ANOKA
1616533,94538,CA,FREMONT
1616543,20876,MD,GERMANTOWN
1616707,02116,MA,BOSTON
1616817,48076,MI,SOUTHFIELD
1616862,19112,PA,PHILADELPHIA
1617227,37203,TN,NASHVILLE
1617406,22102,VA,TYSONS
1617553,90405,CA,SANTA MONICA
1617640,98101,WA,SEATTLE
1617667,33178,FL,MIAMI
1617669,48326,MI,AUBURN HILLS
1617896,32801,FL,ORLANDO
1617898,33414-2105,FL,WELLINGTON
1618561,R35 FR98,L2,"TULLAMORE , CO. OFFALY"
1618563,80111,CO,GREENWOOD VILLAGE
1618627,53202,WI,MILWAUKEE
1618673,23238,VA,RICHMOND
1618694,10017,NY,NEW YORK
1618697,10017,NY,NEW YORK
1618732,95110,CA,SAN JOSE
1618755,M5X 1E1,A6,TORONTO
1618835,92130,CA,SAN DIEGO
1618921,60015,IL,DEERFIELD
1619087,76701,L3,REHOVOT
1619239,10010,NY,NEW YORK
1619856,94710,CA,BERKELEY
1619954,20716,MD,BOWIE
1620179,75061,TX,IRVING
1620280,72202,AR,LITTLE ROCK
1620393,75201,TX,DALLAS
1620459,27517,NC,CHAPEL HILL
1620463,98011,WA,BOTHELL
1620533,10014,NY,NEW YORK
1620702,20814,MD,BETHESDA
1621434,77022,TX,HOUSTON
1621443,19333,PA,DEVON
1621563,80202,CO,DENVER
1622148,75201,TX,DALLAS
1622194,20006,DC,WASHINGTON
1622536,77019,TX,HOUSTON
1622620,V6C 3K4,A1,VANCOUVER
1623526,01730,MA,BEDFORD
1623613,AL109UL,X0,"HATFIELD, HERTFORDSHIRE"
1623715,94065,CA,REDWOOD CITY
1623919,30009,GA,ALPHARETTA
1623925,80202,CO,DENVER
1624658,01776,MA,SUDBURY
1624899,DE21 6LY,X0,DERBY
1625101,94545,CA,HAYWARD
1625278,94401,CA,SAN MATEO
1625641,78701,TX,AUSTIN
1625941,80202,CO,DENVER
1626115,10017,NY,NEW YORK
1626199,98102,WA,SEATTLE
1626450,78758,TX,AUSTIN
1626633,66211,KS,LEAWOOD
1626878,78744,TX,AUSTIN
1626971,94080,CA,SOUTH SAN FRANCISCO
1627014,32204,FL,JACKSONVILLE
1627223,19801,DE,WILMINGTON
1627282,85258,AZ,SCOTTSDALE
1627475,94301,CA,PALO ALTO
1627487,75254,TX,DALLAS
1627515,10103,NY,NEW YORK
1627854,10286,NY,NEW YORK
1628063,10110,NY,NEW YORK
1628171,94063,CA,REDWOOD CITY
1628738,94108,CA,SAN FRANCISCO
1628908,22209,VA,ARLINGTON
1629137,94080,CA,SOUTH SAN FRANCISCO
1630132,28273,NC,CHARLOTTE
1630472,94104,CA,SAN FRANCISCO
1630805,44305,OH,AKRON
1630856,33146,FL,CORAL GABLES
1631256,92660,CA,NEWPORT BEACH
1631574,018936,U0,SINGAPORE
1631596,10001,NY,NEW YORK
1631650,94005-1884,CA,BRISBANE
1631942,02116,MA,BOSTON
1632127,85012,AZ,PHOENIX
1632790,63105,MO,SAINT LOUIS
1632970,92612,CA,IRVINE
1633070,02139,MA,CAMBRIDGE
1633142,01880,MA,WAKEFIELD
1633336,90025,CA,LOS ANGELES
1633858,02199,MA,BOSTON
1633917,95131,CA,SAN JOSE
1633931,32114,FL,DAYTONA BEACH
1633978,95131,CA,SAN JOSE
1634038,07960,NJ,MORRISTOWN
1634117,07932,NJ,FLORHAM PARK
1634379,92037,CA,SAN DIEGO
1634432,19053,PA,TREVOSE
1634452,78701,TX,AUSTIN
1634453,32789,FL,WINTER PARK
1634997,06477,CT,ORANGE
1635073,60606,IL,CHICAGO
1635193,10580-1022,NY,RYE
1635282,89135,NV,LAS VEGAS
1635327,10010,NY,NEW YORK
1635718,22107,VA,MCLEAN
1635881,77041,TX,HOUSTON
1636023,30328,GA,ATLANTA
1636050,10036,NY,NEW YORK
1636222,75204,TX,DALLAS
1636282,02453,MA,WALTHAM
1636422,84095,UT,SOUTH JORDAN
1636519,10121,NY,NEW YORK
1636651,10001,NY,NEW YORK
1637207,03842,NH,HAMPTON
1637459,15222,PA,PITTSBURGH
1637655,48170,MI,PLYMOUTH
1637715,80301,CO,BOULDER
1637736,85212,AZ,MESA
1637761,92008,CA,CARLSBAD
1637873,14203,NY,BUFFALO
1637913,45242,OH,CINCINNATI
1638287,02138,MA,CAMBRIDGE
1638290,37855,TN,VONORE
1638381,777512,L3,JERUSALEM
1638826,91203,CA,GLENDALE
1639225,94041,CA,MOUNTAIN VIEW
1639300,17112,PA,HARRISBURG
1639438,20016,DC,WASHINGTON
1639457,60606,IL,CHICAGO
1639825,10001,NY,NEW YORK
1639947,60606,IL,CHICAGO
1640147,94025,CA,MENLO PARK
1640266,02421,MA,LEXINGTON
1640313,78701,TX,AUSTIN
1640428,02139,MA,CAMBRIDGE
1640455,02139,MA,CAMBRIDGE
1641281,94063,CA,REDWOOD CITY
1641489,27265,NC,HIGH POINT
1641614,80127,CO,LITTLETON
1641640,D01 H104,L2,DUBLIN
1641991,28277,NC,CHARLOTTE
1642122,06830,CT,GREENWICH
1642545,95054,CA,SANTA CLARA
1642563,60606,IL,CHICAGO
1642862,94028,CA,PORTOLA VALLEY
1642896,94107,CA,SAN FRANCISCO
1643269,94063,CA,REDWOOD CITY
1643615,92614,CA,IRVINE
1643848,1118 CN,P7,AMSTERDAM SCHIPHOL
1644378,02458,MA,NEWTON
1644406,66215,KS,LENEXA
1644419,45246,OH,CINCINNATI
1644440,02140,MA,CAMBRIDGE
1644675,EC2M 2PF,X0,LONDON
1644771,33401,FL,WEST PALM BEACH
1644963,33154,FL,BAY HARBOR ISLANDS
1645070,44131,OH,INDEPENDENCE
1645194,10018,NY,NEW YORK
1645494,30024,GA,SUWANEE
1645569,94080,CA,SOUTH SAN FRANCISCO
1645590,77389,TX,SPRING
1645666,94080,CA,SOUTH SAN FRANCISCO
1645842,94608,CA,EMERYVILLE
1645873,80203,CO,DENVER
1645926,10022,NY,NEW YORK
1646109,60187,IL,WHEATON
1646228,75074,TX,PLANO
1646383,22042,VA,FALLS CHURCH
1646587,10022,NY,NEW YORK
1646614,06830,CT,GREENWICH
1646972,83706,ID,BOISE
1647088,85257,AZ,SCOTTSDALE
1647509,44114,OH,CLEVELAND
1647639,94403,CA,SAN MATEO
1647932,60606,IL,CHICAGO
1647933,60606,IL,CHICAGO
1648383,32801,FL,ORLANDO
1648893,75024,TX,PLANO
1649094,94070,CA,SAN CARLOS
1649338,768923,U0,SINGAPORE
1649345,768923,U0,SINGAPORE
1649744,53572,WI,MOUNT HOREB
1649904,02116,MA,BOSTON
1649989,08830,NJ,ISELIN
1650132,94941,CA,MILL VALLEY
1650164,02210,MA,BOSTON
1650372,94104,CA,SAN FRANCISCO
1650445,37027,TN,BRENTWOOD
1650575,999077,K3,KOWLOON
1650648,94608,CA,EMERYVILLE
1650664,02141,MA,CAMBRIDGE
1650729,30076,GA,ROSWELL
1650962,34655,FL,NEW PORT RICHEY
1651052,10022,NY,NEW YORK
1651235,01754,MA,MAYNARD
1651286,92612,CA,IRVINE
1651407,02453,MA,WALTHAM
1651431,02142,MA,CAMBRIDGE
1651561,08057,NJ,MOORESTOWN
1651562,94040,CA,MOUNTAIN VIEW
1651944,92130,CA,SAN DIEGO
1652044,94043,CA,MOUNTAIN VIEW
1652130,02139,MA,CAMBRIDGE
1652362,46278,IN,INDIANAPOLIS
1652535,94538,CA,FREMONT
1652923,60015,IL,BANNOCKBURN
1653087,94080,CA,SOUTH SAN FRANCISCO
1653384,60601,IL,CHICAGO
1653463,10001,NY,NEW YORK
1653477,29405,SC,NORTH CHARLESTON
1653482,94104,CA,SAN FRANCISCO
1653558,30004,GA,ALPHARETTA
1653653,89135,NV,LAS VEGAS
1653909,94111,CA,SAN FRANCISCO
1654151,02451,MA,WALTHAM
1655020,80202,CO,DENVER
1655050,02116,MA,BOSTON
1655075,17605,PA,LANCASTER
1655099,10281,NY,NEW YORK
1655210,90245,CA,EL SEGUNDO
1655544,60606,IL,CHICAGO
1655759,06511,CT,NEW HAVEN
1655887,10022,NY,NEW YORK
1655888,10022,NY,NEW YORK
1656239,89169,NV,LAS VEGAS
1656328,91362,CA,WESTLAKE VILLAGE
1656472,L0M 1S0,A6,STAYNER
1656536,02215,MA,BOSTON
1656634,94608,CA,EMERYVILLE
1656936,89135,NV,LAS VEGAS
1657197,30346,GA,ATLANTA
1657267,12498,NY,WOODSTOCK
1657312,SE1 2RE,X0,LONDON
1657573,20852,MD,NORTH BETHESDA
1657853,33928,FL,ESTERO
1658551,02142,MA,CAMBRIDGE
1658566,79701,TX,MIDLAND
1659166,98203,WA,EVERETT
1659323,D01 H104,L2,DUBLIN 1
1659326,10017,NY,NEW YORK
1659352,02140,MA,CAMBRIDGE
1660134,94105,CA,SAN FRANCISCO
1660280,21044,MD,COLUMBIA
1660690,85284,AZ,TEMPE
1660719,V6C 2X8,A1,VANCOUVER
1660765,80206,CO,DENVER
1661059,20705,MD,BELTSVILLE
1661306,60606,IL,CHICAGO
1661458,60603,IL,CHICAGO
1661460,92121,CA,SAN DIEGO
1661998,02451,MA,WALTHAM
1662244,02180,MA,STONEHAM
1662524,02210,MA,BOSTON
1662579,02472,MA,WATERTOWN
1662972,10154,NY,NEW YORK
1664106,02421,MA,LEXINGTON
1664703,95134,CA,SAN JOSE
1664710,02421,MA,LEXINGTON
1664998,33755,FL,CLEARWATER
1665658,12203,NY,ALBANY
1665918,60018,IL,ROSEMONT
1666071,30308,GA,ATLANTA
1666134,91367,CA,WOODLAND HILLS
1666138,60426,IL,HARVEY
1666244,10022,NY,NEW YORK
1666291,10023,NY,NEW YORK
1666384,10167,NY,NEW YORK
1666700,19805,DE,WILMINGTON
1666735,60606,IL,CHICAGO
1667011,95008,CA,CAMPBELL
1667215,45202,OH,CINCINNATI
1667633,94025,CA,MENLO PARK
1667919,60187,IL,WHEATON
1668105,92150,I0,SURESNES
1668243,4365007,L3,RA'ANANA
1668397,45227,OH,CINCINNATI
1668428,KY 1-1102,E9,GRAND CAYMAN
1668512,10001,NY,NEW YORK
1668673,83616,ID,EAGLE
1669162,23230,VA,RICHMOND
1669600,80112,CO,ENGLEWOOD
1669626,55402-3211,MN,MINNEAPOLIS
1669779,60069,IL,LINCOLNSHIRE
1669792,45242,OH,BLUE ASH
1669811,17601,PA,LANCASTER
1669812,60606,IL,CHICAGO
1670076,80239,CO,DENVER
1670349,76087,TX,WILLOW PARK
1670592,78735,TX,AUSTIN
1671013,AL10 9UL,X0,HATFIELD
1671284,33178,FL,DORAL
1671584,98121,WA,SEATTLE
1671818,01810,MA,ANDOVER
1671854,90067,CA,LOS ANGELES
1671858,92130,CA,SAN DIEGO
1671927,OX14 4RY,X0,OXFORDSHIRE
1671933,93001,CA,VENTURA
1672013,02719,MA,FAIRHAVEN
1672619,94010,CA,BURLINGAME
1672688,98683,WA,VANCOUVER
1673358,75074,TX,PLANO
1673772,94080,CA,SOUTH SAN FRANCISCO
1673985,07054,NJ,PARSIPPANY
1674101,43082,OH,WESTERVILLE
1674168,32835,FL,ORLANDO
1674335,28273,NC,CHARLOTTE
1674356,10022,NY,NEW YORK
1674365,60201,IL,EVANSTON
1674862,19808,DE,WILMINGTON
1674910,40509,KY,LEXINGTON
1674930,91731,CA,EL MONTE
1675033,33410,FL,PALM BEACH GARDENS
1675149,15212,PA,PITTSBURGH
1675820,95002,CA,SAN JOSE
1676197,10019,NY,NEW YORK
1676238,10016,NY,NEW YORK
1676479,37203,TN,NASHVILLE
1676725,94080,CA,SOUTH SAN FRANCISCO
1677203,20814,MD,BETHESDA
1677615,15086-7561,PA,WARRENDALE
1677703,07932,NJ,FLORHAM PARK
1677761,77057,TX,HOUSTON
1678124,10017,NY,NEW YORK
1678463,75062,TX,IRVING
1678531,37215,TN,NASHVILLE
1678660,19805,DE,WILMINGTON
1679033,60606,IL,CHICAGO
1679049,10016,NY,NEW YORK
1679082,SW1Y 4LB,X0,LONDON
1679273,83616,ID,EAGLE
1679363,02451,MA,WALTHAM
1679688,33487,FL,BOCA RATON
1679788,10010,NY,NEW YORK
1679826,80202,CO,DENVER
1680048,02453,MA,WALTHAM
1680062,94539,CA,FREMONT
1680247,79702,TX,MIDLAND
1680367,78701,TX,AUSTIN
1680581,02139,MA,CAMBRIDGE
1681459,NE6 3PL,X0,NEWCASTLE UPON TYNE
1681622,84104,UT,SALT LAKE CITY
1681714,73118,OK,OKLAHOMA CITY
1682692,10036,NY,NEW YORK
1682852,02142,MA,CAMBRIDGE
1683074,10282-2198,NY,NEW YORK
1683606,60606,IL,CHICAGO
1684682,32802,FL,ORLANDO
1685040,28277,NC,CHARLOTTE
1685071,27707,NC,DURHAM
1685715,78701,TX,AUSTIN
1686142,60606,IL,CHICAGO
1687081,60187,IL,WHEATON
1687229,75240,TX,DALLAS
1687932,02169,MA,QUINCY
1688476,77042,TX,HOUSTON
1688554,10019,NY,NEW YORK
1688568,20147,VA,ASHBURN
1688852,10036,NY,NEW YORK
1688897,19104,PA,PHILADELPHIA
1688941,92705,CA,SANTA ANA
1689375,02210,MA,BOSTON
1689548,02110,MA,BOSTON
1689657,94608,CA,EMERYVILLE
1689796,20814,MD,BETHESDA
1689813,06510,CT,NEW HAVEN
1689923,92618,CA,IRVINE
1690012,60523,IL,OAK BROOK
1690585,10036,NY,NEW YORK
1690666,95134,CA,SAN JOSE
1690680,10017,NY,NEW YORK
1690769,77094,TX,HOUSTON
1691303,35444,AL,BROOKWOOD
1691421,10013,NY,NEW YORK
1691994,10152,NY,NEW YORK
1692063,54313,WI,GREEN BAY
1692115,89113,NV,LAS VEGAS
1692345,02920,RI,CRANSTON
1692376,91361,CA,WESTLAKE VILLAGE
1692412,NA,P7,AMSTERDAM
1692427,77070,TX,HOUSTON
1692787,77056,TX,HOUSTON
1692819,75039,TX,IRVING
1692830,27703,NC,DURHAM
1693011,02210,MA,BOSTON
1693415,02421,MA,LEXINGTON
1694028,80202,CO,DENVER
1694187,02139,MA,CAMBRIDGE
1694426,37027,TN,BRENTWOOD
1694665,02035,MA,FOXBORO
1695295,19555,PA,SHOEMAKERSVILLE
1696729,17101,PA,HARRISBURG
1697532,10017,NY,NEW YORK
1698530,60614,IL,CHICAGO
1698990,77046,TX,HOUSTON
1698991,60527,IL,BURR RIDGE
1699031,94025,CA,MENLO PARK
1699136,77024,TX,HOUSTON
1699150,28036,NC,DAVIDSON
1699382,08540,NJ,PRINCETON
1699838,94041,CA,MOUNTAIN VIEW
1700933,75039,TX,IRVING
1701040,60601,IL,CHICAGO
1701108,02139,MA,CAMBRIDGE
1701114,10005,NY,NEW YORK
1701167,02109,MA,BOSTON
1701541,02142,MA,CAMBRIDGE
1701605,77079-1121,TX,HOUSTON
1701724,10019,NY,NEW YORK
1701732,48083,MI,TROY
1702510,10017,NY,NEW YORK
1702744,80202,CO,DENVER
1702780,11101,NY,LONG ISLAND CITY
1703056,33431,FL,BOCA RATON
1703057,V5Y 1G6,A1,VANCOUVER
1703079,60654,IL,CHICAGO
1703647,02141,MA,CAMBRIDGE
1703785,80202,CO,DENVER
1703956,80229,CO,THORNTON
1704235,77002,TX,HOUSTON
1704299,66211,KS,OVERLAND PARK
1704596,30328,GA,ATLANTA
1704711,98201,WA,EVERETT
1704715,37620,TN,BRISTOL
1704720,89134,NV,LAS VEGAS
1705110,10011,NY,NEW YORK
1705338,10999,2M,BERLIN
1705682,TS22 5FD,X0,"WYNYARD PARK, STOCKTON-ON-TEES"
1705696,10022,NY,NEW YORK
1705843,92121,CA,SAN DIEGO
1705873,75248,TX,DALLAS
1706431,94158,CA,SAN FRANCISCO
1706946,92782,CA,TUSTIN
1707092,EC2R 7HJ,X0,LONDON
1707178,75062,TX,IRVING
1707200,10019,NY,NEW YORK
1707258,48226,MI,DETROIT
1707502,02129,MA,CHARLESTOWN
1707753,1016 ED,P7,AMSTERDAM
1707925,GU216HT,X0,WOKING SURREY
1708035,19087,PA,WAYNE
1708055,75023,TX,PLANO
1708261,60606,IL,CHICAGO
1708405,02458,MA,NEWTON
1708493,94080,CA,SOUTH SAN FRANCISCO
1708527,20904,MD,SILVER SPRING
1709164,23060,VA,GLEN ALLEN
1709401,02035,MA,FOXBORO
1709682,64125,MO,KANSAS CITY
1709941,94608,CA,EMERYVILLE
1710072,80301,CO,BOULDER
1710155,30096-4980,GA,DULUTH
1710366,15317,PA,CANONSBURG
1710583,89118,NV,LAS VEGAS
1710607,64111,MO,KANSAS CITY
1710680,75201,TX,DALLAS
1711269,64105,MO,KANSAS CITY
1711279,15203,PA,PITTSBURGH
1711291,60654,IL,CHICAGO
1711799,10017,NY,NEW YORK
1711929,33139,FL,MIAMI BEACH
1712184,80202,CO,DENVER
1712189,77381,TX,THE WOODLANDS
1712463,44077,OH,CONCORD TOWNSHIP
1712923,30342,GA,ATLANTA
1713407,10281,NY,NEW YORK
1713445,94104,CA,SAN FRANCISCO
1713683,95134,CA,SAN JOSE
1713952,84604,UT,PROVO
1714174,GY1 2NP,Y7,ST PETER PORT
1714798,10016,NY,NEW YORK
1714899,94080,CA,SOUTH SAN FRANCISCO
1714973,T2P5J2,A0,CALGARY
1715268,10166,NY,NEW YORK
1715933,90071,CA,LOS ANGELES
1716583,60440,IL,BOLINGBROOK
1716621,29708,SC,FORT MILL
1716909,75201,TX,DALLAS
1716951,60606,IL,CHICAGO
1717115,60654,IL,CHICAGO
1717307,02458,MA,NEWTON
1717310,94028,CA,PORTOLA VALLEY
1717547,10022,NY,NEW YORK
1718108,02139,MA,CAMBRIDGE
1718512,80202,CO,DENVER
1719395,95134,CA,SAN JOSE
1719406,19801,DE,WILMINGTON
1719489,10004,NY,NEW YORK
1720420,20006,DC,WASHINGTON
1720580,02116,MA,BOSTON
1720635,55416,MN,ST. LOUIS PARK
1720671,94105,CA,SAN FRANCISCO
1720725,08540,NJ,PRINCETON
1720821,22043,VA,FALLS CHURCH
1720893,06511,CT,NEW HAVEN
1720990,90266,CA,MANHATTAN BEACH
1721386,75202,TX,DALLAS
1721947,55401,MN,MINNEAPOLIS
1722271,02210,MA,BOSTON
1722287,44131,OH,INDEPENDENCE
1722438,94105,CA,SAN FRANCISCO
1722478,60606,IL,CHICAGO
1722482,19087,PA,RADNOR
1722684,07054,NJ,PARSIPPANY
1722964,08540,NJ,PRINCETON
1722992,11937,NY,EAST HAMPTON
1723089,77381,TX,THE WOODLANDS
1723128,08807,NJ,BRIDGEWATER
1723580,33309,FL,FORT LAUDERDALE
1723596,07410,NJ,FAIR LAWN
1723648,94111,CA,SAN FRANCISCO
1723701,10019,NY,NEW YORK
1724344,02451,MA,WALTHAM
1724521,94545,CA,HAYWARD
1724570,06851,CT,NORWALK
1724670,20151,VA,CHANTILLY
1724965,77002,TX,HOUSTON
1724979,94560,CA,NEWARK
1725057,55425,MN,MINNEAPOLIS
1725134,33762,FL,CLEARWATER
1725160,92121,CA,SAN DIEGO
1725210,06902,CT,STAMFORD
1725255,19428,PA,CONSHOHOCKEN
1725295,66211,KS,OVERLAND PARK
1725526,80202,CO,DENVER
1725579,84020,UT,DRAPER
1725872,19087,PA,WAYNE
1726173,78259,TX,SAN ANTONIO
1726445,94065,CA,REDWOOD CITY
1726548,10022,NY,NEW YORK
1726978,76262,TX,WESTLAKE
1727196,02142,MA,CAMBRIDGE
1727263,38125,TN,MEMPHIS
1728117,92121,CA,SAN DIEGO
1728205,28012,NC,BELMONT
1728328,V6C 3E8,A1,VANCOUVER
1728688,37215,TN,NASHVILLE
1729149,70508,LA,LAFAYETTE
1730168,94304,CA,PALO ALTO
1730346,40299,KY,LOUISVILLE
1731289,85040,AZ,PHOENIX
1731348,10065,NY,NEW YORK
1731536,96813,HI,HONOLULU
1731831,94104,CA,SAN FRANCISCO
1732406,06902,CT,STAMFORD
1732409,06902,CT,STAMFORD
1732845,30328,GA,ATLANTA
1733186,48034,MI,SOUTHFIELD
1733257,02109,MA,BOSTON
1733294,02142,MA,CAMBRIDGE
1733998,97204,OR,PORTLAND
1734342,33134,FL,CORAL GABLES
1734517,20878,MD,GAITHERSBURG
1734713,19422,PA,BLUE BELL
1734722,10017,NY,NEW YORK
1735184,44122,OH,BEACHWOOD
1735438,10017,NY,NEW YORK
1735707,1180,V8,ROLLE
1735948,M4W 3P4,A6,TORONTO
1736035,10154,NY,NEW YORK
1736297,95131,CA,SAN JOSE
1736730,02139,MA,CAMBRIDGE
1736946,92008,CA,CARLSBAD
1737204,77002,TX,HOUSTON
1737287,94080,CA,SOUTH SAN FRANCISCO
1737924,10152,NY,NEW YORK
1737927,K7A0A8,A6,SMITH FALLS
1737953,01801,MA,WOBURN
1738072,19809,DE,WILMINGTON
1738177,KY1-9008,E9,GRAND CAYMAN
1738827,77056,TX,HOUSTON
1739104,46221,IN,INDIANAPOLIS
1739174,19904,DE,DOVER
1739410,06510,CT,NEW HAVEN
1739426,08807,NJ,BRIDGEWATER
1739445,75201,TX,DALLAS
1739936,94403,CA,SAN MATEO
1739940,06002,CT,BLOOMFIELD
1739942,78735,TX,AUSTIN
1740332,78702,TX,AUSTIN
1740547,92617,CA,IRVINE
1741739,60606,IL,CHICAGO
1741830,94402,CA,SAN MATEO
1742313,60606,IL,CHICAGO
1742924,19103,PA,PHILADELPHIA
1743745,33431,FL,BOCA RATON
1743759,95035,CA,MILPITAS
1743881,94304,CA,PALO ALTO
1743907,89144,NV,LAS VEGAS
1744179,90071,CA,LOS ANGELES
1744489,91521,CA,BURBANK
1744494,02129,MA,BOSTON
1744659,94080,CA,SOUTH SAN FRANCISCO
1744894,HM11,D0,HAMILTON
1745020,02142,MA,CAMBRIDGE
1745032,58103,ND,FARGO
1745041,60154,IL,WESTCHESTER
1745317,95138,CA,SAN JOSE
1745797,80202,CO,DENVER
1745916,91361,CA,WESTLAKE VILLAGE
1745999,02139,MA,CAMBRIDGE
1746466,92037,CA,LA JOLLA
1746473,94080,CA,SOUTH SAN FRANCISCO
1746618,90703,CA,CERRITOS
1747009,15222,PA,PITTSBURGH
1747079,02903,RI,PROVIDENCE
1747172,77002,TX,HOUSTON
1747748,84604,UT,PROVO
1747777,10022,NY,NEW YORK
1748790,BS30 8XP,X0,"WARMLEY, BRISTOL"
1748824,02109,MA,BOSTON
1748907,W6 8PW,X0,LONDON
1749704,55344,MN,EDEN PRAIRIE
1749723,10011,NY,NEW YORK
1750019,02142,MA,CAMBRIDGE
1750153,90503,CA,TORRANCE
1750155,80027,CO,LOUISVILLE
1750284,94103,CA,SAN FRANCISCO
1750735,19355,PA,MALVERN
1751008,94304-1047,CA,PALO ALTO
1751299,01730,MA,BEDFORD
1751788,48674,MI,MIDLAND
1752474,55347,MN,EDEN PRAIRIE
1752828,07932,NJ,FLORHAM PARK
1753162,27518,NC,CARY
1753217,60606,IL,CHICAGO
1753539,20171,VA,HERNDON
1753706,60606,IL,CHICAGO
1753712,07302,NJ,JERSEY CITY
1754068,07922,NJ,BERKELEY HEIGHTS
1754301,10036,NY,NEW YORK
1754820,01803,MA,BURLINGTON
1754836,06830,CT,GREENWICH
1755237,02142,MA,CAMBRIDGE
1755672,46268,IN,INDIANAPOLIS
1755755,75201,TX,DALLAS
1756262,01810,MA,ANDOVER
1756404,50392,IA,DES MOINES
1756497,37219,TN,NASHVILLE
1756655,37027,TN,BRENTWOOD
1756761,75201,TX,DALLAS
1757073,92821,CA,BREA
1757715,07901,NJ,SUMMIT
1757898,2,L2,DUBLIN
1757932,90630,CA,CYPRESS
1758021,91708,CA,CHINO
1758057,32826,FL,ORLANDO
1758488,0000,C5,NASSAU
1758730,10167,NY,NEW YORK
1758766,77056,TX,HOUSTON
1759008,23224,VA,RICHMOND
1759138,19104,PA,PHILADELPHIA
1759425,94404,CA,FOSTER CITY
1759509,94107,CA,SAN FRANCISCO
1759546,10019,NY,NEW YORK
1759655,22203,VA,ARLINGTON
1759774,11516,NY,CEDARHURST
1759824,48150,MI,LIVONIA
1760173,60015,IL,DEERFIELD
1760542,10118,NY,NEW YORK
1760689,77477,TX,STAFFORD
1760717,89119,NV,LAS VEGAS
1760965,27401,NC,GREENSBORO
1761312,92037,CA,LA JOLLA
1761612,CB21 6GS,X0,CAMBRIDGE
1761918,92121,CA,SAN DIEGO
1761940,06830,CT,GREENWICH
1762229,10017,NY,NEW YORK
1762322,94103,CA,SAN FRANCISCO
1762332,19456,PA,OAKS
1764013,27713,NC,DURHAM
1764046,JE14TR,Y9,ST. HELIER
1764925,94105,CA,SAN FRANCISCO
1764974,92037,CA,LA JOLLA
1766363,90210,CA,BEVERLY HILLS
1766368,53050,WI,MAYVILLE
1766400,83616,ID,EAGLE
1766478,30326,GA,ATLANTA
1766502,33322,FL,PLANTATION
1767258,78215,TX,SAN ANTONIO
1768446,02481,MA,WELLESLEY HILLS
1768966,19087,PA,WAYNE
1770787,94588,CA,PLEASANTON
1771515,94608,CA,EMERYVILLE
1771910,1066,V8,EPALINGES
1771917,02110,MA,BOSTON
1772016,63105,MO,CLAYTON
1772177,92614,CA,IRVINE
1772695,77046,TX,HOUSTON
1772720,77024,TX,HOUSTON
1773383,02210,MA,BOSTON
1773427,06902,CT,STAMFORD
1773751,94123,CA,SAN FRANCISCO
1774170,07677,NJ,WOODCLIFF LAKE
1774342,60606,IL,CHICAGO
1774675,03062,NH,NASHUA
1775625,37219,TN,NASHVILLE
1776111,46032,IN,CARMEL
1776197,33322,FL,PLANTATION
1776661,63105,MO,ST. LOUIS
1776909,20910,MD,SILVER SPRING
1777393,95008,CA,CAMPBELL
1777835,10153,NY,NEW YORK
1777921,07310,NJ,JERSEY CITY
1777946,22102,VA,MCLEAN
1779020,39817,GA,BAINBRIDGE
1779128,10017,NY,NEW YORK
1779523,10022,NY,NEW YORK
1780097,19355,PA,MALVERN
1780201,95973,CA,CHICO
1780312,79706,TX,MIDLAND
1781174,02472,MA,WATERTOWN
1781335,06032,CT,FARMINGTON
1781755,33607,FL,TAMPA
1781983,18902,PA,DOYLESTOWN
1782170,98101,WA,SEATTLE
1782223,02118,MA,BOSTON
1782303,92037,CA,LA JOLLA
1782524,10036,NY,NEW YORK
1782754,60607,IL,CHICAGO
1783180,33418,FL,PALM BEACH GARDENS
1783183,07932,NJ,FLORHAM PARK
1783317,95002,CA,SAN JOSE
1783328,02451,MA,WALTHAM
1783398,48341,MI,PONTIAC
1783400,83702,ID,BOISE
1783879,94025,CA,MENLO PARK
1784254,10010,NY,NEW YORK
1784535,98104,WA,SEATTLE
1784700,10036,NY,NEW YORK
1785056,78701,TX,AUSTIN
1785173,94111,CA,SAN FRANCISCO
1785279,94608,CA,EMERYVILLE
1785345,24060,VA,BLACKSBURG
1785424,10105,NY,NEW YORK
1785530,02472,MA,WATERTOWN
1786108,85004,AZ,PHOENIX
1786205,94065,CA,REDWOOD CITY
1786248,75201,TX,DALLAS
1786255,98101,WA,SEATTLE
1786352,95002,CA,SAN JOSE
1786431,60045,IL,LAKE FOREST
1786835,10017,NY,NEW YORK
1786842,27607,NC,RALEIGH
1787297,19103,PA,PHILADELPHIA
1787306,91361,CA,WESTLAKE VILLAGE
1787400,94080,CA,SOUTH SAN FRANCISCO
1787621,94104,CA,SAN FRANCISCO
1787640,33394,FL,FT. LAUDERDALE
1788028,94065,CA,REDWOOD CITY
1788717,90245,CA,EL SEGUNDO
1788882,43215,OH,COLUMBUS
1788999,95002,CA,SAN JOSE
1789029,94043,CA,MOUNTAIN VIEW
1789192,10010-7751,NY,NEW YORK
1789769,75219,TX,DALLAS
1789940,34201,FL,BRADENTON
1789972,02142,MA,CAMBRIDGE
1790625,75039,TX,IRVING
1790982,15212-5872,PA,PITTSBURGH
1791091,20171,VA,HERNDON
1792044,15317,PA,CANONSBURG
1792509,94025,CA,MENLO PARK
1792581,77054,TX,HOUSTON
1792781,91748,CA,CITY OF INDUSTRY
1792789,94107,CA,SAN FRANCISCO
1793129,60606,IL,CHICAGO
1793229,22102,VA,MCLEAN
1793294,28401-3331,NC,WILMINGTON
1793855,19103,PA,PHILDELPHIA
1794515,98660,WA,VANCOUVER
1794669,18034,PA,CENTER VALLEY
1794776,66205,KS,MISSION WOODS
1794783,66211,KS,OVERLAND PARK
1794905,33134,FL,CORAL GABLES
1795250,10121,NY,NEW YORK
1796022,10172,NY,NEW YORK
1796209,55112,MN,NEW BRIGHTON
1796242,10282,NY,NEW YORK
1796280,94080,CA,SOUTH SAN FRANCISCO
1797336,19801,DE,WILMINGTON
1797768,92130,CA,SAN DIEGO
1798100,75201,TX,DALLAS
1798562,V6E 2J3,A1,VANCOUVER
1798749,02453,MA,WALTHAM
1799208,32256,FL,JACKSONVILLE
1799448,94080,CA,SOUTH SAN FRANCISCO
1799850,02139,MA,CAMBRIDGE
1800227,10011,NY,NEW YORK
1800315,02453,MA,WALTHAM
1800347,75001,TX,ADDISON
1800667,94089,CA,SUNNYVALE
1800682,33178,FL,MIAMI
1801075,77550-7999,TX,GALVESTON
1801169,85288,AZ,TEMPE
1801170,07302,NJ,JERSEY CITY
1801368,89135,NV,LAS VEGAS
1801661,89118,NV,LAS VEGAS
1801754,55391,MN,WAYZATA
1801777,19801,DE,WILMINGTON
1802156,92614,CA,IRVINE
1802255,30339,GA,ATLANTA
1802450,33146,FL,MIAMI
1802457,95605,CA,WEST SACRAMENTO
1802665,19462,PA,PLYMOUTH MEETING
1802768,10022,NY,NEW YORK
1802974,93030,CA,OXNARD
1803599,94560,CA,NEWARK
1803696,95134,CA,SAN JOSE
1803737,75206,TX,DALLAS
1803901,10017,NY,NEW YORK
1804176,01803,MA,BURLINGTON
1804591,94102,CA,SAN FRANCISCO
1804745,28202,NC,CHARLOTTE
1805077,15212,PA,PITTSBURGH
1805087,02116,MA,BOSTON
1805284,48226,MI,DETROIT
1805385,02451,MA,WALTHAM
1805387,02141,MA,CAMBRIDGE
1805521,10065,NY,NEW YORK
1805651,21201,MD,BALTIMORE
1805833,90066,CA,MARINA DEL REY
1805890,L8P 0A6,A6,HAMILTON
1806201,78746,TX,AUSTIN
1806310,75247,TX,DALLAS
1806347,72212,AR,LITTLE ROCK
1806952,94080,CA,SOUTH SAN FRANCISCO
1807120,92011,CA,CARLSBAD
1807166,48104,MI,ANN ARBOR
1807272,19456,PA,OAKS
1807333,19456,PA,OAKS
1807334,19456,PA,OAKS
1807427,10022,NY,NEW YORK
1807707,40509,KY,LEXINGTON
1807794,KY1-1104,E9,GRAND CAYMAN
1808158,H4S 1Z9,A8,SAINT-LAURENT
1808220,60654,IL,CHICAGO
1808665,60045,IL,LAKE FOREST
1808805,98102,WA,SEATTLE
1808834,84020,UT,DRAPER
1808865,02472,MA,WATERTOWN
1809051,43215,OH,COLUMBUS
1809104,60606,IL,CHICAGO
1809519,90404,CA,SANTA MONICA
1809987,30318,GA,ATLANTA
1810019,78258-7667,TX,SAN ANTONIO
1810182,94080,CA,SOUTH SAN FRANCISCO
1810546,02110,MA,BOSTON
1810739,19004,PA,BALA CYNWYD
1810806,94105-3607,CA,SAN FRANCISCO
1811063,10036,NY,NEW YORK
1811074,75204,TX,DALLAS
1811114,10055,NY,NEW YORK
1811210,94560,CA,NEWARK
1811414,95110,CA,SAN JOSE
1811856,95035,CA,MILPITAS
1811972,28202,NC,CHARLOTTE
1812173,02451,MA,WALTHAM
1812360,33401,FL,WEST PALM BEACH
1812364,02139,MA,CAMBRIDGE
1812554,10022,NY,NEW YORK
1812923,07102,NJ,NEWARK
1813756,10017,NY,NEW YORK
1813814,10007,NY,NEW YORK
1813914,33126,FL,MIAMI
1814114,18938,PA,NEW HOPE
1814329,94501,CA,ALAMEDA
1815442,02472,MA,WATERTOWN
1815776,92075,CA,SOLANA BEACH
1815849,60515,IL,DOWNERS GROVE
1816125,78746,TX,AUSTIN
1816233,30305,GA,ATLANTA
1816389,19809,DE,WILMINGTON
1816431,06405,CT,BRANFORD
1816581,94110,CA,SAN FRANCISCO
1816590,WA14 2DT,X0,CHESIRE
1816613,02451,MA,WALTHAM
1816708,84048,UT,LEHI
1816736,02472,MA,WATERTOWN
1817229,02116,MA,BOSTON
1817241,92121,CA,SAN DIEGO
1817358,77449,TX,KATY
1817713,92130,CA,SAN DIEGO
1818093,90815,CA,LONG BEACH
1818201,60607,IL,CHICAGO
1818331,06902,CT,STAMFORD
1818382,27713,NC,DURHAM
1818383,90017,CA,LOS ANGELES
1818416,10105,NY,NEW YORK
1818644,94588,CA,PLEASANTON
1818794,02451,MA,WALTHAM
1818874,94105,CA,SAN FRANCISCO
1819113,27709,NC,RESEARCH TRIANGLE PARK
1819133,02215,MA,BOSTON
1819142,01801,MA,WOBURN
1819253,75038,TX,IRVING
1819394,94089,CA,SUNNYVALE
1819395,94108,CA,SAN FRANCISCO
1819404,63105,MO,ST. LOUIS
1819411,20814,MD,BETHESDA
1819438,97070,OR,WILSONVILLE
1819559,10017,NY,NEW YORK
1819574,10271,NY,NEW YORK
1819576,27560,NC,MORRISVILLE
1819790,92618,CA,IRVINE
1819796,60611,IL,CHICAGO
1819810,32256,FL,JACKSONVILLE
1819848,95060,CA,SANTA CRUZ
1819881,30346,GA,ATLANTA
1819928,10013,NY,NEW YORK
1819974,55425,MN,BLOOMINGTON
1819994,90808,CA,LONG BEACH
1820144,90069,CA,WEST HOLLYWOOD
1820190,94303,CA,PALO ALTO
1820302,30305,GA,ATLANTA
1820378,87506,NM,SANTA FE
1820630,29652,SC,GREER
1820721,87109,NM,ALBUQUERQUE
1820872,10017,NY,NEW YORK
1820877,80237,CO,DENVER
1820953,94108,CA,SAN FRANCISCO
1821159,90245,CA,EL SEGUNDO
1821160,92111,CA,SAN DIEGO
1821323,02142,MA,CAMBRIDGE
1821393,30339-3182,GA,ATLANTA
1821769,90503,CA,TORRANCE
1821806,85016,AZ,PHOENIX
1821825,07302,NJ,JERSEY CITY
1822250,94601,CA,OAKLAND
1822462,02139,MA,CAMBRIDGE
1822479,44147,OH,BROADVIEW HEIGHTS
1822492,45240,OH,CINCINNATI
1822711,92008,CA,CARLSBAD
1822791,84121,UT,SALT LAKE CITY
1822966,97330,OR,CORVALLIS
1822993,48951,MI,LANSING
1823239,92121,CA,SAN DIEGO
1823529,27615,NC,RALEIGH
1823575,21230,MD,BALTIMORE
1823587,68102,NE,OMAHA
1823593,92122,CA,SAN DIEGO
1823652,32935,FL,MELBOURNE
1823766,77027,TX,HOUSTON
1823878,89144,NV,LAS VEGAS
1823945,10022,NY,NEW YORK
1824403,10014,NY,NEW YORK
1824502,95134,CA,SAN JOSE
1824893,94080,CA,SOUTH SAN FRANCISCO
1824920,20740,MD,COLLEGE PARK
1825024,85281,AZ,TEMPE
1825079,94538,CA,FREMONT
1825088,32256,FL,JACKSONVILLE
1825248,10010,NY,NEW YORK
1825265,90071,CA,LOS ANGELES
1825384,06830,CT,GREENWICH
1825480,94065,CA,REDWOOD CITY
1825590,10036,NY,NEW YORK
1826000,63132,MO,OLIVETTE
1826018,98101,WA,SEATTLE
1826457,02118,MA,BOSTON
1826470,92127,CA,SAN DIEGO
1826667,80031,CO,WESTMINSTER
1826681,84101,UT,SALT LAKE CITY
1826892,92121,CA,SAN DIEGO
1827075,22102,VA,TYSONS
1827087,02472,MA,WATERTOWN
1827506,10010,NY,NEW YORK
1827821,94111,CA,SAN FRANCISCO
1827980,94110,CA,SAN FRANCISCO
1828016,4672408,L3,HERZLIYA PITUARCH
1828096,80301,CO,BOULDER
1828105,95113,CA,SAN JOSE
1828108,15222,PA,PITTSBURGH
1828182,06854,CT,NORWALK
1828185,20874,MD,GERMANTOWN
1828318,94538,CA,FREMONT
1828443,08869,NJ,RARITAN
1828522,92075,CA,SOLANA BEACH
1828672,10006,NY,NEW YORK
1828723,06902,CT,STAMFORD
1828791,92612,CA,IRVINE
1828811,M5J 1A7,A6,TORONTO
1828852,78750,TX,AUSTIN
1828972,10010,NY,NEW YORK
1829802,78702,TX,AUSTIN
1829864,78132,TX,NEW BRAUNFELS
1830043,78756,TX,AUSTIN
1830180,94304,CA,PALO ALTO
1830210,63132,MO,ST. LOUIS
1830214,02210,MA,BOSTON
1830437,02114,MA,BOSTON
1831096,33410,FL,PALM BEACH GARDENS
1831097,43082,OH,WESTERVILLE
1831283,08540,NJ,PRINCETON
1831363,94404,CA,FOSTER CITY
1831617,29708,SC,FORT MILL
1831631,92618,CA,IRVINE
1831828,94005,CA,BRISBANE
1831840,02199,MA,BOSTON
1831915,94538,CA,FREMONT
1832038,06510,CT,NEW HAVEN
1832168,92037,CA,LA JOLLA
1832332,30339,GA,ATLANTA
1832433,RG41 5TS,X0,WOKINGHAM
1832466,92868,CA,ORANGE
1833197,12110,NY,LATHAM
1833498,75201,TX,DALLAS
1833756,22202,VA,ARLINGTON
1833769,06437,CT,GUILFORD
1833936,19809,DE,WILMINGTON
1834342,89402,NV,CRYSTAL BAY
1834376,80230,CO,DENVER
1834488,19801,DE,WILMINGTON
1834543,90405,CA,SANTA MONICA
1834584,98101,WA,SEATTLE
1834585,44236,OH,HUDSON
1834622,28203,NC,CHARLOTTE
1835068,60606,IL,CHICAGO
1835256,94574,CA,SAINT HELENA
1835378,10003,NY,NEW YORK
1835416,10177,NY,NEW YORK
1835512,33487,FL,BOCA RATON
1835531,00918,PR,SAN JUAN
1835567,02109,MA,BOSTON
1835579,92130,CA,SAN DIEGO
1835591,92618,CA,IRVINE
1835597,02210,MA,BOSTON
1835632,19801,DE,WILMINGTON
1835681,95630,CA,FOLSOM
1835830,02110,MA,BOSTON
1836056,92037,CA,LA JOLLA
1836057,19808,DE,WILMINGTON
1836833,94107,CA,SAN FRANCISCO
1836875,92106,CA,SAN DIEGO
1837014,85054,AZ,PHOENIX
1837105,80301,CO,BOULDER
1837412,80301,CO,BOULDER
1837532,10019,NY,NEW YORK
1837607,92656,CA,ALISO VIEJO
1837671,75024,TX,PLANO
1837686,10001,NY,NEW YORK
1838126,10019,NY,NEW YORK
1838406,80202,CO,DENVER
1838615,10017,NY,NEW YORK
1838987,84097,UT,OREM
1839133,10151,NY,NEW YORK
1839341,19904,DE,DOVER
1839439,45212,OH,CINCINNATI
1839839,30179,GA,TEMPLE
1839998,33913,FL,FORT MYERS
1840229,10010,NY,NEW YORK
1840233,02451,MA,WALTHAM
1840292,91103,CA,PASADENA
1840439,94070,CA,SAN CARLOS
1840502,10010,NY,NEW YORK
1840572,23111,VA,MECHANICSVILLE
1840574,02215,MA,BOSTON
1840776,49684,MI,TRAVERSE CITY
1840856,19703,DE,CLAYMONT
1841080,80301,CO,BOULDER
1841156,75001,TX,ADDISON
1841387,02494,MA,NEEDHAM
1841408,90019,CA,LOS ANGELES
1841425,77002,TX,HOUSTON
1841514,33401,FL,WEST PALM BEACH
1841666,77042,TX,HOUSTON
1841761,94111,CA,SAN FRANCISCO
1841804,84121,UT,SALT LAKE CITY
1841925,92656,CA,ALISO VIEJO
1841968,75204,TX,DALLAS
1842022,48226-1279,MI,DETROIT
1842046,80301,CO,BOULDER
1842356,94114,CA,SAN FRANCISCO
1842718,10017,NY,NEW YORK
1843181,10104,NY,NEW YORK
1843388,90808,CA,LONG BEACH
1843724,60077,IL,SKOKIE
1843749,00918,PR,SAN JUAN
1843762,02139,MA,CAMBRIDGE
1844579,4676672,L3,HERZLIYA
1844684,10152,NY,NEW YORK
1844862,80027,CO,LOUISVILLE
1845022,95117,CA,SAN JOSE
1845123,75201,TX,DALLAS
1845257,85251,AZ,SCOTTSDALE
1845337,94005,CA,BRISBANE
1845459,92705,CA,SANTA ANA
1845809,02111,MA,BOSTON
1845815,10007,NY,NEW YORK
1846017,07070,NJ,RUTHERFORD
1846069,94012,CA,SAN FRANCISCO
1846253,94608,CA,EMERYVILLE
1846576,90404,CA,SANTA MONICA
1847281,00918,PR,SAN JUAN
1847282,00918,PR,SAN JUAN
1847284,00918,PR,SAN JUAN
1847286,00918,PR,SAN JUAN
1847287,00918,PR,SAN JUAN
1847288,00918,PR,SAN JUAN
1847290,00918,PR,SAN JUAN
1847302,00918,PR,SAN JUAN
1847303,00918,PR,SAN JUAN
1847304,00918,PR,SAN JUAN
1847305,00918,PR,SAN JUAN
1847307,00918,PR,SAN JUAN
1847308,00918,PR,SAN JUAN
1847309,00918,PR,SAN JUAN
1847310,00918,PR,SAN JUAN
1847367,94080,CA,SOUTH SAN FRANCISCO
1847516,00918,PR,SAN JUAN
1847517,00918,PR,SAN JUAN
1847590,20191,VA,RESTON
1847874,45202,OH,CINCINNATI
1847903,WA14 2DT,X0,"ALTRINCHAM, CHESHIRE"
1849056,95054,CA,SANTA CLARA
1849253,60606,IL,CHICAGO
1849894,10022,NY,NEW YORK
1849998,15086,PA,WARRENDALE
1850119,19104,PA,PHILADELPHIA
1850266,02109,MA,BOSTON
1850270,27103,NC,WINSTON-SALEM
1850787,77002,TX,HOUSTON
1850838,02141,MA,CAMBRIDGE
1850862,00911,PR,SAN JUAN
1850902,95023,CA,HOLLISTER
1850906,92121,CA,SAN DIEGO
1850938,94028,CA,PORTOLA VALLEY
1851003,10016,NY,NEW YORK
1851077,10019,NY,NEW YORK
1851194,92130,CA,SAN DIEGO
1852117,KY1-1106,E9,GEORGE TOWN
1852131,94555,CA,FREMONT
1852244,06831,CT,GREENWICH
1852344,00918,PR,SAN JUAN
1852353,57754,SD,LEAD
1853145,80205,CO,DENVER
1853513,85705,AZ,TUCSON
1854139,91436,CA,ENCINO
1854270,94080,CA,SOUTH SAN FRANCISCO
1854401,84070,UT,SALT LAKE CITY
1855066,10010,NY,NEW YORK
1855175,92121,CA,SAN DIEGO
1855447,95032,CA,LOS GATOS
1855467,92618,CA,IRVINE
1855747,94945,CA,NOVATO
1856031,60602,IL,CHICAGO
1856236,75024,TX,PLANO
1856314,10011,NY,NEW YORK
1856430,28273,NC,CHARLOTTE
1856437,43068,OH,REYNOLDSBURG
1856485,38119,TN,MEMPHIS
1856525,63146,MO,ST. LOUIS
1856608,80027,CO,LOUISVILLE
1856725,95131,CA,SAN JOSE
1857816,91731,CA,EL MONTE
1857853,84101,UT,SALT LAKE CITY
1857951,60067,IL,"PALATINE,"
1858257,28206,NC,CHARLOTTE
1858681,10019,NY,NEW YORK
1858848,94080,CA,SOUTH SAN FRANCISCO
1859007,33064,FL,LIGHTHOUSE POINT
1859285,37214,TN,NASHVILLE
1860151,77046,TX,HOUSTON
1860543,32218,FL,JACKSONVILLE
1860742,L4K 4B4,A6,VAUGHAN
1860782,02210,MA,CAMBRIDGE
1860871,07059,NJ,WARREN
1861107,94085,CA,SUNNYVALE
1861115,60606,IL,CHICAGO
1861449,33179,FL,MIAMI
1861560,02142,MA,CAMBRIDGE
1861795,01701,MA,FRAMINGHAM
1862150,66205,KS,KANSAS CITY
1862970,00918,PR,SAN JUAN
1862971,00918,PR,SAN JUAN
1863105,02184,MA,BRAINTREE
1863127,92008,CA,CARLSBAD
1863990,77046,TX,HOUSTON
1864448,M3 4AE,X0,MANCHESTER
1865107,94104,CA,SAN FRANCISCO
1865174,10282,NY,NEW YORK
1865389,60606,IL,CHICAGO
1865494,2200,G7,COPENHAGEN
1865631,20190,VA,RESTON
1865782,40222,KY,LOUISVILLE
1865861,08512,NJ,CRANBURY
1866368,83702,ID,BOISE
1866550,60601,IL,CHICAGO
1866581,85281,AZ,TEMPE
1866633,90017,CA,LOS ANGELES
1866692,94103,CA,SAN FRANCISCO
1867066,85258,AZ,SCOTTSDALE
1867072,10017,NY,NEW YORK
1867090,20036,DC,WASHINGTON
1867096,60607,IL,CHICAGO
1868159,48377,MI,NOVI
1868275,21231,MD,BALTIMORE
1868279,19073-3269,PA,NEWTOWN SQUARE
1868516,10112,NY,NEW YORK
1868726,10016,NY,NEW YORK
1868778,94063,CA,REDWOOD CITY
1868878,10166,NY,NEW YORK
1868912,60603,IL,CHICAGO
1868941,22203,VA,ARLINGTON
1869198,55317,MN,CHANHASSEN
1869453,10002,NY,NEW YORK
1869974,10022,NY,NEW YORK
1870600,76051,TX,GRAPEVINE
1870714,10281,NY,NEW YORK
1870997,75225,TX,DALLAS
1871509,60523-1903,IL,OAK BROOK
1872789,07054,NJ,PARSIPPANY
1873529,97035,OR,LAKE OSWEGO
1873923,85018,AZ,PHOENIX
1874178,92618,CA,IRVINE
1874315,28036,NC,DAVIDSON
1874944,097209,OR,PORTLAND
1875444,44236,OH,BOSTON HEIGHTS
1875558,07024,NJ,FORT LEE
1876588,33410,FL,PALM BEACH GARDEN
1877184,98033,WA,KIRKLAND
1877322,20852,MD,NORTH BETHESDA
1878897,33137,FL,MIAMI
1879016,85281,AZ,TEMPE
1880319,63105,MO,CLAYTON
1880438,94025,CA,MENLO PARK
1880661,76102,TX,FORT WORTH
1881462,30324,GA,ATLANTA
1882850,10019,NY,NEW YORK
1883085,10017,NY,NEW YORK
1883313,98004,WA,BELLEVUE
1885522,02472,MA,WATERTOWN
1885778,02116,MA,BOSTON
1887944,92618,CA,IRVINE
1888012,02118,MA,BOSTON
1888447,77381,TX,THE WOODLANDS
1888654,92344,CA,HESPERIA
1888886,94080,CA,SOUTH SAN FRANCISCO
1889539,77019,TX,HOUSTON
1889668,10022,NY,NEW YORK
1889956,48009,MI,BIRMINGHAM
1890107,10105,NY,NEW YORK
1891101,84119,UT,WEST VALLEY CITY
1894562,02141,MA,CAMBRIDGE
1895262,77042,TX,HOUSTON
1896036,06830,CT,GREENWICH
1896329,92660,CA,NEWPORT BEACH
1897762,92612,CA,IRVINE
1897982,01730,MA,BEDFORD
1898303,53212,WI,MILWAUKEE
1898496,98104,WA,SEATTLE
1898795,53208,WI,MILWAUKEE
1899883,10105,NY,NEW YORK
1901440,60062,IL,NORTHBROOK
1901606,10166,NY,NEW YORK
1901612,10166,NY,NEW YORK
1901799,30326,GA,ATLANTA
1902649,10001,NY,NEW YORK
1902733,28405,NC,WILMINGTON
1906324,92121,CA,SAN DIEGO
1907108,10010,NY,NEW YORK
1907982,94303,CA,PALO ALTO
1910851,84123,UT,MURRAY
1911066,10152,NY,NEW YORK
1911129,78701,TX,AUSTIN
1911321,10281,NY,NEW YORK
1911795,10019,NY,NEW YORK
1913724,10167,NY,NEW YORK
1914496,10019,NY,NEW YORK
1915657,75219,TX,DALLAS
1916608,02116,MA,BOSTON
1918642,28202,NC,CHARLOTTE
1918712,10067,NY,NEW YORK
1919369,94111,CA,SAN FRANCISCO
1920145,10282,NY,NEW YORK
1921963,37214,TN,NASHVILLE
1923622,07102,NJ,NEWARK
1923840,94111,CA,SAN FRANCISCO
1928561,94104,CA,SAN FRANCISCO
1929561,28277,NC,CHARLOTTE
1930087,10166,NY,NEW YORK
1930147,10152,NY,NEW YORK
1932393,60661,IL,CHICAGO
1933414,19087,PA,RADNOR
1934850,50309,IA,DES MOINES
1935979,06510,CT,NEW HAVEN
1936224,90250,CA,HAWTHORNE
1936258,1411 DC,P7,NARRDEN
1937653,19709,DE,MIDDLETOWN
1937987,32835,FL,ORLANDO
1939433,10036,NY,NEW YORK
1941365,44122,OH,BEACHWOOD
1943896,94304,CA,PALO ALTO
1944013,06902,CT,STAMFORD
1944048,07901,NJ,SUMMIT
1944558,80111,CO,GREENWOOD VILLAGE
1944831,10022,NY,NEW YORK
1946997,19087,PA,RADNOR
1947244,V6E 4A2,A1,"VANCOUVER, BC"
1949543,80202,CO,DENVER
1950572,30305,GA,ATLANTA
1950976,10022,NY,NEW YORK
1952073,10121,NY,NEW YORK
1952976,10001,NY,NEW YORK
1953366,10036,NY,NEW YORK
1953926,02451,MA,WALTHAM
1954360,90025,CA,LOS ANGELES
1955520,58503,ND,BISMARCK
1955857,10281,NY,NEW YORK
1958086,77040,TX,HOUSTON
1958140,30339,GA,ATLANTA
1959348,49017,MI,BATTLE CREEK
1962918,91301,CA,AGOURA HILLS
1964738,55121,MN,EAGAN
1964979,01760,MA,NATICK
1965040,27709,NC,DURHAM
1966494,94070,CA,SAN CARLOS
1966776,94104,CA,SAN FRANCISCO
1967649,30076,GA,ROSWELL
1967680,02451,MA,WALTHAM
1968487,43085,OH,COLUMBUS
1968915,48326,MI,AUBURN HILLS
1969995,19106,PA,PHILADELPHIA
1971213,21030,MD,HUNT VALLEY
1971543,D02 T380,L2,DUBLIN 2
1973266,10010,NY,NEW YORK
1974138,30308,GA,ATLANTA
1976927,75201,TX,DALLAS
1977303,00000,L2,"SHANNON, CO. CLARE V14 E3 70"
1981599,85027,AZ,PHOENIX
1981627,02109,MA,BOSTON
1981792,77380,TX,THE WOODLANDS
1982518,30188,GA,WOODSTOCK
1982701,78701,TX,AUSTIN
1984060,78730,TX,AUSTIN
1984086,94080,CA,SOUTH SAN FRANCISCO
1985375,10022,NY,NEW YORK
1987221,33401,FL,WEST PALM BEACH
1987731,94028,CA,PORTOLA VALLEY
1988280,02116,MA,BOSTON
1988494,75204,TX,DALLAS
1989817,10019,NY,NEW YORK
1990354,84043,UT,LEHI
1991792,75247,TX,DALLAS
1992243,78702,TX,AUSTIN
1993004,57108,SD,SIOUX FALLS
1995668,10010,NY,NEW YORK
1995807,77056,TX,HOUSTON
1995940,06901,CT,STAMFORD
1996810,02141,MA,CAMBRIDGE
1996862,1206,V8,GENEVA
1997652,2000,C3,BARANGAROO
1997859,90245,CA,EL SEGUNDO
1998043,10017,NY,NEW YORK
1998387,10580,NY,RYE
1999001,28217,NC,CHARLOTTE
1999480,94041,CA,MOUNTAIN VIEW
2000178,10604,NY,WHITE PLAINS
2002473,10018,NY,NEW YORK
2007596,77380,TX,THE WOODLANDS
2007855,22209,VA,ARLINGTON
2008861,19355,PA,MALVERN
2009684,10038,NY,NEW YORK
2011286,20151,VA,CHANTILLY
2011514,55121,MN,EAGAN
2011641,23606,VA,NEWPORT NEWS
2012383,10001,NY,NEW YORK
2012593,02110,MA,BOSTON
2014596,75001,TX,ADDISON
2015571,90071,CA,LOS ANGELES
2015845,58503,ND,BISMARCK
2018064,02466,MA,NEWTON
2020455,06902,CT,STAMFORD
2021979,53212,WI,MILWAUKEE
2022416,5250606,L3,RAMAT GAN
2022626,02451,MA,WALTHAM
2023554,95035,CA,MILPITAS
2023658,02116,MA,BOSTON
2024218,77002,TX,HOUSTON
2025410,85253,AZ,SCOTTSDALE
2027317,10022,NY,NEW YORK
2035713,76102,TX,FORT WORTH
2036042,02451,MA,WALTHAM
2042694,33607,FL,TAMPA
